小图代码,大图代码,顺序,名称,版本,地点,X,Y,天气,天气图片,时间,动作,动作代码,动作图片,备注,位置图片1,位置图片2
081501.tex,081001.tex,1,梭鱼埠头,新生篇,利姆萨·罗敏萨上层甲板,9,7,晴朗,060202.tex,8:00～11:59,张望,/lookout,064022.tex,军用埠头，利姆萨·罗敏萨引以为傲的旗舰舰队“黑涡舰队”在此停泊。一般市民是禁止进入的，不过，可以从视野好的地方看到旗舰凯旋号及整个舰队的英姿。,12001,22001
081502.tex,081002.tex,2,阿斯塔利西亚号海盗船,新生篇,利姆萨·罗敏萨下层甲板,7,15,碧空,060201.tex,18:00～4:59,张望,/lookout,064022.tex,三大海盗之首的海盗团“断罪党”拥有的大型帆船。虽然表面上对外宣称这是一艘外国籍的商务船，但其实每个人心里都清楚，那是大海盗希尔菲厄的私有船。船内则是各路海盗们的社交场所。,12002,22002
081503.tex,081003.tex,3,海词石窟的纪念碑,新生篇,中拉诺西亚,20,19,小雨,060207.tex,5:00～7:59,祈祷,/pray,064064.tex,船员们的纪念碑。纪念碑上刻有传说会运送灵魂的黑尾鸥，以及一首镇魂歌：“我是支撑船只的波浪，我是指引海员的微风。我是夜晚的星星，我是早晨的天空。我生于大海之中，亦将逝于大海之中。”,12003,22003
081504.tex,081004.tex,4,天梯,新生篇,中拉诺西亚,16,17,晴朗,060202.tex,12:00～16:59,张望,/lookout,064022.tex,第七灵灾时，天地巨变导致这里的地形发生了极大的变化。为了跨越这新生的横断崖，利姆萨·罗敏萨的运货人共同搭建起了能够运送货物的升降机。除升降机外，有时他们还会使用气球上下传递物资。,12004,22004
081505.tex,081005.tex,5,拉撒格兰东路,新生篇,中拉诺西亚,25,27,阴云,060203.tex,8:00～11:59,张望,/lookout,064022.tex,连接中拉诺西亚和拉诺西亚低地、并通往东拉诺西亚的一条道路。这条路是以一位精灵族的冒险者“拉撒格兰”的名字命名。在人们迁入到这个岛屿的早期时候，他曾与建国船加拉迪翁号的领航员德内维尔一起，在岛上探索并记录下地形的结构。,12005,22005
081508.tex,081008.tex,6,砂盐滩,新生篇,拉诺西亚低地,23,40,晴朗,060202.tex,18:00～4:59,张望,/lookout,064022.tex,灵灾之时，坠落的卫月碎片贯穿了沙滩的地脉，使得大量的以太喷出形成偏属性水晶。也因此使得海水中的盐分结晶化，形成了巨大的盐柱。,12006,22006
081509.tex,081009.tex,7,赤血雄鸡农场的田地,新生篇,拉诺西亚低地,33,19,薄雾,060204.tex,5:00～7:59,张望,/lookout,064022.tex,由一名园艺工建立的实验农场。这里不仅栽培农作物，也会饲养一些渡渡鸟和羊羔之类的家禽和家畜。农场的名字也颇有来历，当初人们为了取乐而让白鸡和红鸡相斗，可最终却由于斗争惨烈而使两只鸡浑身上下都染成了血红色。,12007,22007
081513.tex,081013.tex,8,酿酒师灯塔,新生篇,西拉诺西亚,29,30,晴朗,060202.tex,5:00～7:59,张望,/lookout,064022.tex,在雨燕塔坍塌之后，人们建造了这座新的灯塔来指引航船。因为这里主要指引的是出入小麦酒港的船只，所以人们给其冠上了酿酒师的名号。在灯塔上可以一览为警戒水神利维亚桑海啸而设置的缓冲带。,12008,22008
081552.tex,081052.tex,9,制革匠行会,新生篇,格里达尼亚旧街,12,8,阴云,060203.tex,12:00～16:59,张望,/lookout,064022.tex,格里达尼亚的制革匠在整个艾欧泽亚都颇有名气，他们组成的工作室每天都在沉迷于对森林的恩惠进行加工。飞·乌尔工作室是其中尤为著名的一家工作室，技术不够的行会成员甚至没有资格冠上这个品牌，他们提供的商品一直都是供不应求。,12009,22009
081553.tex,081053.tex,10,碧企鹅瀑布,新生篇,格里达尼亚旧街,10,6,碧空,060201.tex,18:00～4:59,张望,/lookout,064022.tex,据说很久以前，人们在这个活水涌流形成的小瀑布试养过碧企鹅这种鸟类，瀑布的名字也由此而来。第六星历末期，贤者路易索瓦造访格里达尼亚时喜欢来此进行思索，也让这里更加有名。,12010,22010
081555.tex,081055.tex,11,弯枝牧场,新生篇,黑衣森林中央林区,21,21,晴朗,060202.tex,12:00～16:59,坐下,/sit,064054.tex,由“莫古力礼峰”经营的牧场，致力于让陆行鸟能够安定地进行繁殖，为此还专门从该项手艺的发源地伊修加德招来了饲养员。印有莫古力图案的气球是这里最显著的标志。,12011,22011
081560.tex,081060.tex,12,十二神大圣堂,新生篇,黑衣森林东部林区,17,18,晴朗,060202.tex,8:00～11:59,祈祷,/pray,064064.tex,在大冰雪时代之后，人们饱受饥饿和病痛的折磨，这座大圣堂就是当时的人们希冀得到所有十二神的加护而建造的。在第七灵灾后的困难时代，为了再次得到神的加护，格里达尼亚的人民们对这里进行了修缮。,12012,22012
081561.tex,081061.tex,13,妖精暂留地,新生篇,黑衣森林东部林区,22,26,碧空,060201.tex,18:00～4:59,张望,/lookout,064022.tex,在妖精族内部也并没有对召唤雷神拉姆达成一致，暂留地的妖精们就是反对召唤的一派，他们离开了妖精领，来到这附近搭建起了一个暂时居住的村落。这里的住房是植物的枝叶和果实被施加了魔法后变化而成的，悬挂于树木之上，造型非常奇妙。因为妖精族可以飞行，所以房屋上完全没有设立梯子。,12013,22013
081601.tex,081101.tex,14,御道,新生篇,乌尔达哈来生回廊,11,11,晴朗,060202.tex,5:00～7:59,敬礼,/salute,064031.tex,乌尔达哈政府层的步行道。通向皇宫正门的这条道路上，有近卫兵团“银胄团”的骑士看守在两侧。在王权强大的时期，路上聚满了为拜见王族而来的民众。可现今，这条路也不过就是富裕阶层的人拿来散步用的道路罢了。,12014,22014
081602.tex,081102.tex,15,黄金广场,新生篇,乌尔达哈来生回廊,11,11,阴云,060203.tex,12:00～16:59,张望,/lookout,064022.tex,黄金广场在乌尔达哈的中心部，广场中间配有喷水池，广大市民都可以在这里乘凉歇息。虽然黄金广场曾是王族舞会专用的场所，可是近年来国家经济困难难以维护，所以广场的管理权也就移交给了普通市民。,12015,22015
081603.tex,081103.tex,16,贸易城邦乌尔达哈,新生篇,西萨纳兰,22,22,晴朗,060202.tex,18:00～4:59,张望,/lookout,064022.tex,屹立在荒凉沙漠萨纳兰的贸易城邦。高大的城墙内，无数圆形屋顶的建筑物坐落其中。这个光景曾治愈过无数旅途劳累的旅行者。城市因贸易的缘故非常富裕，因此享有“荒野的宝石”这一美名。,12016,22016
081606.tex,081106.tex,17,希拉狄哈遗迹,新生篇,中萨纳兰,15,22,薄雾,060204.tex,8:00～11:59,张望,/lookout,064022.tex,古都希拉狄哈的遗迹。约400年前，这座城市因败北于乌尔达哈而灭亡，时过百年，已被埋入沙中。乌尔达哈迁都之后，与埋在沙中的希拉狄哈有一部分重叠。,12017,22017
081609.tex,081109.tex,18,古菩猩猩的遗骸,新生篇,东萨纳兰,19,24,小雨,060207.tex,17:00～17:59,安慰,/comfort,064009.tex,被有很多罕见花草所簇拥的古菩猩猩遗骸。在灵灾之时，陷入恐慌的古菩猩猩从库尔札斯山上跑了下来，在穿过黑衣森林的时候，粘上了很多奇花异草的种子，然后在这里筋疲力竭。,12018,22018
081610.tex,081110.tex,19,消逝王都,新生篇,东萨纳兰,14,18,阴云,060203.tex,8:00～11:59,张望,/lookout,064022.tex,火墙周边的地面因为卫月碎片的坠落而产生了巨大的裂痕。在裂痕之下显露出的是壮丽的遗迹。经研究表明，这里很可能是贝拉哈迪亚后期塔塔梅夫一世的墓地。,12019,22019
081611.tex,081111.tex,20,跨天桥,新生篇,东萨纳兰,21,20,晴朗,060202.tex,5:00～7:59,祈祷,/pray,064064.tex,跨天桥是萨纳兰与黑衣森林相互往来用的石桥。作为格里达尼亚重要的贸易道路，由铜刃团兰花联队旗下的防御部队驻守。另外，这里对调查消逝王都的学者们来说也是重要的地点。,12020,22020
081506.tex,081006.tex,21,轻声谷,新生篇,中拉诺西亚,20,13,晴朗,060202.tex,12:00～16:59,张望,/lookout,064022.tex,在源自奥·哥摩罗的尼姆河常年的侵蚀下形成的溪谷。无数细小的瀑布与潺潺流水共同演奏出清澈的交响乐。由于溪谷遮蔽了阳光，所以这里成为了酒宴避暑的好地方，也因此受当地人喜爱。,12021,22021
081507.tex,081007.tex,22,盛夏农庄,新生篇,中拉诺西亚,25,17,碧空,060201.tex,5:00～7:59,张望,/lookout,064022.tex,依照梅尔维布提督推行的迁入政策而开发的村落。目前由一些金盆洗手的海盗和资深农夫协力开拓。依靠无赖川丰富的水资源恩惠，使得拉诺西亚香橙的栽培取得了很大成功。,12022,22022
081510.tex,081010.tex,23,灰舰风车群,新生篇,拉诺西亚低地,31,12,小雨,060207.tex,12:00～16:59?,张望,/lookout,064022.tex,这里的风车主要用来研磨赤血雄鸡农场的小麦和对羊毛进行缩绒。风车的扇叶都是利用的帆布，远远看去给人一种舰队的感觉。,12023,22023
081511.tex,081011.tex,24,隐秘瀑布,新生篇,东拉诺西亚,32,23,碧空,060201.tex,8:00～11:59,坐下,/sit,064054.tex,由永恒川的流水形成的瀑布。富豪格格鲁玖在瀑布潭所在的海岸准备了住宿设施，用来接待贵宾。或许还有专属的舞女进行的特别招待。,12024,22024
081512.tex,081012.tex,25,白鸥塔,新生篇,东拉诺西亚,29,33,小雨,060207.tex,18:00～4:59,张望,/lookout,064022.tex,由拉诺西亚特有的白色火山岩建成的小塔。既能够作为灯塔，提示靠近的船只已航行到深度较浅的海域；同时也能够作为监视塔，监视着鱼人族以及海盗的动向。塔的周围栖息着大量白色海鸥，白鸥塔因此得名。,12025,22025
081514.tex,081014.tex,26,小麦酒港的利姆莱茵像,新生篇,西拉诺西亚,26,26,碧空,060201.tex,17:00～17:59,祈祷,/pray,064064.tex,对于长期航海的船只来说，小麦酒港是补充必要物资的重要海港。在其中心部，竖立着航海女神利姆莱茵的雕像。这座由鲁加族著名雕刻家雕刻而成的美丽女神像，至今仍在守护着出行的航船。,12026,22026
081515.tex,081015.tex,27,船舶墓场,新生篇,西拉诺西亚,17,36,强风,060206.tex,18:00～4:59,张望,/lookout,064022.tex,在海上遇难的船只随着洋流漂到了这里，久而久之便成为了遇难船沉眠的墓场。根据当地人的传言，很多船都是受到传说中的魔物“塞壬”的魅惑而遇难的。,12027,22027
081516.tex,081016.tex,28,骷髅谷营地,新生篇,西拉诺西亚,22,22,晴朗,060202.tex,8:00～11:59,张望,/lookout,064022.tex,黑涡团的军事据点。起初为了警告南下的地灵族，曾将地灵族头骨排列在山谷间，因而命名骷髅谷。如今，骷髅谷营地则是作为防御二分石地一带的鱼人族的重要据点，发挥着无可替代的作用。,12028,22028
081517.tex,081017.tex,29,南北防波堤,新生篇,西拉诺西亚,19,23,碧空,060201.tex,12:00～16:59,张望,/lookout,064022.tex,黑涡团的防御壁。建造在被鱼人族占领的二分石地与骷髅谷的边界间。因为鱼人族的攻势经常被比做“海浪”，所以这座高大的墙壁也就得到了防波堤的名字。现在的防波堤仍然在坚守其职责，抵挡着鱼人族一波又一波的猛攻。,12029,22029
081518.tex,081018.tex,30,石绿湖营地,新生篇,拉诺西亚高地,30,22,晴朗,060202.tex,17:00～17:59,张望,/lookout,064022.tex,受到灵灾的影响，石绿湖水位大幅下降，原本潜藏在湖底的古代尼姆遗迹也得以重见天日。人们见有温水涌出，于是将这里建设成了面向伤兵的温泉疗养地。同时也建起了面向一般人的温酒疗养院。,12030,daibu
081519.tex,081019.tex,31,撒拉奥斯的遗骸,新生篇,拉诺西亚高地,13,21,碧空,060201.tex,12:00～16:59,张望,/lookout,064022.tex,露出地表的巨大古代生物化石。与曾经女神利姆莱茵解放的海蛇撒拉奥斯有渊源，所以被称作撒拉奥斯的遗骸。另外，在这附近发现的海洋生物化石，也揭示了这座岛屿曾经处于海底深处。,12031,22031
081520.tex,081020.tex,32,吉吉卢恩交易站,新生篇,拉诺西亚高地,29,25,雷雨,060210.tex,18:00～4:59,张望,/lookout,064022.tex,卢恩族的商人吉吉卢恩经营的交易站。与他的兄弟梅梅卢恩经营的交易站是竞争关系。至于为什么要在人烟稀少的地方开店，那就不得而知了。,12032,22032
081521.tex,081021.tex,33,尼姆浮游遗迹,新生篇,拉诺西亚外地,12,15,晴朗,060202.tex,18:00～4:59,张望,/lookout,064022.tex,古代尼姆城邦的遗迹。在第五星历时代，尼姆文明曾在威尔布兰德岛繁荣一时。由于地脉的以太偏属性水晶化，导致风属性的力量强化，使得一部分遗迹漂浮起来。这个景观可以说是如梦似幻。,12033,22033
081522.tex,081022.tex,34,瞭望阵营地,新生篇,拉诺西亚外地,17,16,阴云,060203.tex,5:00～7:59,张望,/lookout,064022.tex,在拉诺西亚外地设立的黑涡团营地。由海盗兵组成的“红燕陆战队”镇守于此，在高台上时刻监视着地灵族的动向。同时，从这里向南望去，尼姆时代的“放浪神古神殿”遗迹风光也尽收眼底。,12034,22034
081523.tex,081023.tex,35,武伽玛罗武装矿山,新生篇,拉诺西亚外地?,23,11,碧空,060201.tex,12:00～16:59,张望,/lookout,064022.tex,地灵族开拓的武装矿山。周边有丰富的硫磺资源，渗出的地下水和工业废水相互交融，形成了独特的光景。凭借人口剧增带来的劳动力增加，使得扩张作业稳步进行。,12035,22035
081524.tex,081024.tex,36,隐者庵,新生篇,拉诺西亚外地,15,10,小雨,060207.tex,18:00～4:59,坐下,/sit,064054.tex,遥望着北方奥·哥摩罗山的山间小屋。由于火山地带温泉丰富，主人在房屋边上还做出了一个天然的温泉浴池。不过小屋的主人几乎很少在家，可能是个喜欢在外面漂泊的人吧。,12036,22036
081551.tex,081051.tex,37,魔女咖啡馆和大水车,新生篇,格里达尼亚新街,14,14,晴朗,060202.tex,8:00～11:59,张望,/lookout,064022.tex,魔女咖啡馆的名字据说是得自一种叫做魔女草的植物。在这家咖啡馆的旁边就是全艾欧泽亚最大的木造水车——“斐加加大水车”。这座水车向刻木匠行会的工房输送动力，回转起来会发出很有韵律的声音。,12037,22037
081554.tex,081054.tex,38,枪术师行会,新生篇,格里达尼亚旧街,14,5,小雨,060207.tex,5:00～7:59,张望,/lookout,064022.tex,枪术师行会是由著名枪术师米斯塔尔所创设。维持格里达尼亚治安的鬼哭队现在也驻扎在这里，在道场里可以看到鬼哭队士兵和枪术师行会的成员们一起努力练习的场景。,12038,22038
081556.tex,081056.tex,39,烤饼练兵所,新生篇,黑衣森林中央林区,23,19,小雨,060207.tex,5:00～7:59,张望,/lookout,064022.tex,双蛇党为训练新兵而设立的练兵所。这里的训练场设立在黑衣森林独有的巨大树木“天柱树”的树桩上。树桩的切面很像是扁平的圆形烤饼，练兵所也因此得到了这个奇妙的名字。,12039,22039
081557.tex,081057.tex,40,静语庄园,新生篇,黑衣森林中央林区,13,23,碧空,060201.tex,18:00～4:59,张望,/lookout,064022.tex,原本是幻术皇的御用宅邸。二代以前的幻术皇认为这里过于奢华而决定搬出，之后这里就被交给了名门达尔坦库尔家。静语庄园中“静语”一词指的是人类和元灵之间那种不用语言的交流方式。,12040,22040
081558.tex,081058.tex,41,长老树,新生篇,黑衣森林中央林区,16,22,晴朗,060202.tex,12:00～16:59,张望,/lookout,064022.tex,黑衣森林中最为年长的古树。据格里达尼亚的法师们介绍，森林大元灵就是栖息在这棵大树之中。由于树龄已经超过了一千年，所以人们对这棵树的果实也十分重视，将其命名为“千年果实”。,12041,22041
081559.tex,081059.tex,42,虹桥瀑布,新生篇,黑衣森林中央林区,26,18,碧空,060201.tex,11:00～13:59,张望,/lookout,064022.tex,流淌在黑衣森林中的东叶脉水流形成的瀑布。在阳光的照射下会映现出美丽的彩虹，于是当地人便亲切地给了这个瀑布一个“虹桥”的爱称。穿过瀑布的洞窟可以到达“再生的残桩”。,12042,22042
081562.tex,081062.tex,43,摇篮树,新生篇,黑衣森林东部林区,21,10,打雷,060209.tex,18:00～4:59,张望,/lookout,064022.tex,妖精的种子需要在被称作“摇篮”的茧里进行成长，而能够孕育出“摇篮”的则只有这棵大树。没有这棵树，妖精族就无法繁衍，这棵树的重要性由此可见一斑。周围生长的月芽可以发出淡淡的如同月光一般的光，仿佛是在守护着这棵大树。,12043,22043
081563.tex,081063.tex,44,巴斯卡隆酒家,新生篇,黑衣森林南部林区,17,20,雷雨,060210.tex,8:00～11:59,张望,/lookout,064022.tex,曾经当过哨兵的巴斯卡隆经营的酒馆。因为巴斯卡隆胸怀宽大，不论是冒险者还是驻扎在附近的不法之徒，都能在这里相安无事地对饮。这家酒馆已经成为了某种意义上的避风塘，在这里没有纷争。,12044,22044
081564.tex,081064.tex,45,森南飞艇坪,新生篇,黑衣森林南部林区,14,33,碧空,060201.tex,8:00～11:59,张望,/lookout,064022.tex,高风飞行社建设的货运飞艇坪。不过在帝国军入侵后，由于空中的安全问题无法得到保障，这里便被关闭了。现在已经成为了当地的偷猎者们交易货品的黑市所在地。,12045,22045
081565.tex,081065.tex,46,兀尔德恩惠地,新生篇,黑衣森林南部林区,33,23,薄雾,060204.tex,12:00～16:59?,张望,/lookout,064022.tex,蕴含着丰富以太的清澈泉眼。据圣典中记载，圣女兀尔德被恶神奥丁斩杀于此，此处因此被称为“兀尔德恩惠地”，但这个传说的真实性无从考证。,12046,22046
081566.tex,081066.tex,47,石场水车,新生篇,黑衣森林南部林区,25,21,晴朗,060202.tex,5:00～7:59,张望,/lookout,064022.tex,南部林区中的辅城，在当初建设森之都格里达尼亚时，这里曾经是加工石材的水车场。现如今已经不再经营这项行业，变为了森林猎人们所聚集的场所。,12047,22047
081567.tex,081067.tex,48,鸟人军采伐所,新生篇,黑衣森林北部林区,18,19,晴朗,060202.tex,12:00～16:59,张望,/lookout,064022.tex,侵入黑衣森林的鸟人族采伐部队砍伐树木的场所。鸟人族从他们在塞尔法特尔溪谷的根据地派出装甲气球，经由库尔札斯的风扬殖民地前来此地搬运木材。,12048,22048
081568.tex,081068.tex,49,陨石背阴地,新生篇,黑衣森林北部林区,15,32,碧空,060201.tex,18:00～4:59,张望,/lookout,064022.tex,在第七灵灾之时，卫月中封印古代蛮神的拘束具掉落在了这里。这些巨大的圆环能够抑制蛮神的力量，将那黑色的蛮神封印了诸多个世纪。可是现在，我们只能看到破损后的遗骸了。,12049,22049
081569.tex,081069.tex,50,桤木泉,新生篇,黑衣森林北部林区,15,27,阴云,060203.tex,8:00～11:59,张望,/lookout,064022.tex,这里过去是一片与“桤木泉”这个名字相符的、生长有无数桤木的繁茂森林，但第七灵灾让这里发生了巨大的变化。卫月的碎片坠落在这里，巨大的冲击给大地造成的创伤至今仍未恢复。,12050,22050
081604.tex,081104.tex,51,帝国海上基地,新生篇,西萨纳兰,8,5,碧空,060201.tex,17:00～17:59,张望,/lookout,064022.tex,建造在罗塔诺海上的帝国海上基地，是加雷马帝国的物资中转基地，用于进行海上补给。由帝国第十四军团的第十步兵大队驻守。,12051,22051
081605.tex,081105.tex,52,黄昏湾的罗罗力特像,新生篇,西萨纳兰,12,14,晴朗,060202.tex,12:00～16:59,指向,/point,064027.tex,黄昏湾是乌尔达哈的海上关口。中央广场的铜像，是按照阿尔迪纳德商会的罗罗力特会长的形象建造的。虽然罗罗力特对港口投入了大量资金进行建设这点很让人称道，不过还是有些人认为这座雕像的容貌有些过度美化了。,12052,22052
081607.tex,081107.tex,53,黑尘驿站,新生篇,中萨纳兰,21,17,扬沙,060211.tex,18:00～4:59,张望,/lookout,064022.tex,原本是铜刃团的驻地，因艾玛吉娜矿山公司建设铁道的关系，在这里增设了驿站的功能。为了炼制采掘出来的矿石，这里设置了最新的高热炉，为乌尔达哈经济建设作出了巨大的贡献。,12053,22053
081608.tex,081108.tex,54,纳尔之门,新生篇,中萨纳兰,18,26,碧空,060201.tex,12:00～16:59,坐下,/sit,064054.tex,乌尔达哈的主门之一。得名自掌管生者世界的纳尔神。由于乌尔达哈是一座贸易城邦，所以主门建设得特别宽大，能够允许两辆载满商品的陆行鸟篷车并行通过。,12054,22054
081612.tex,081112.tex,55,火墙,新生篇,东萨纳兰,30,26,碧空,060201.tex,12:00～16:59,张望,/lookout,064022.tex,卫月坠落时的碎片贯穿了大地，使得地脉中的以太大量流出。这些以太结晶化，形成火炎形状的偏属性水晶。这可以说是第七灵灾带来的壮烈景观之一。,12055,22055
081613.tex,081113.tex,56,黄金集市,新生篇,东萨纳兰,10,16,晴朗,060202.tex,8:00～11:59,张望,/lookout,064022.tex,乌尔达哈的辅城。曾经作为贸易中转地非常热闹，后因与东方贸易的中断，导致这里变得非常冷清。传闻周边一带有着品质优良的秘银矿床，人们也很期待通过矿业能够振兴这里。,12056,22056
081614.tex,081114.tex,57,札尔神祠,新生篇,东萨纳兰,25,14,暴雨,060208.tex,18:00～4:59,祈祷,/pray,064064.tex,供奉双子神中的札尔神的神祠。札尔掌管着死后的世界，向其上供可以保佑来生的财富。为了进行节食祈祷，这里还设有纳尔札尔教团祈祷时用的设施。过去曾有很多前来巡礼参拜的人，可是近些年来人数下降了不少。,12057,22057
081615.tex,081115.tex,58,纳尔神祠,新生篇,南萨纳兰,12,22,薄雾,060204.tex,5:00～7:59,祈祷,/pray,064064.tex,供奉双子神中的纳尔神的神祠。由于纳尔所掌管的是现世的利益，所以人们都认为诚心参拜后会有好事发生在自己身上。可是富裕阶层的人仅仅靠购买密尔瓦内斯礼拜堂贩卖的护身符即可满足，所以几乎没有人来参拜神祠。,12058,22058
081616.tex,081116.tex,59,不悔战阵,新生篇,南萨纳兰,19,20,晴朗,060202.tex,5:00～7:59,张望,/lookout,064022.tex,蜥蜴人军的战阵。名字中的“不悔”表明了蜥蜴人战士永不退却的精神。他们把蛮神伊弗利特焚烧过的南萨纳兰赞拉克地区当做圣地。在历史上，蜥蜴人族和乌尔达哈也有过很多冲突。,12059,22059
081617.tex,081117.tex,60,工艺神击,新生篇,南萨纳兰,21,38,热浪,060214.tex,12:00～16:59,张望,/lookout,064022.tex,艾玛吉娜矿山公司为了从沙漠之中挖掘出古亚拉戈时代遗迹而设置的大型挖掘机。原本是希望这台机器能够像工艺神的大锤一样打出无比强悍的一击，可惜由于耐热性不是很好，总是会出现这样那样的问题。,12060,22060
081618.tex,081118.tex,61,喀恩埋没圣堂,新生篇,南萨纳兰,23,11,晴朗,060202.tex,12:00～16:59,张望,/lookout,064022.tex,古代贝拉哈迪亚城邦时代的遗迹。这里曾是贝拉哈迪亚祭拜太阳女神阿泽玛的神殿，历代国王为了展示自己的权利，曾多次改造神殿。,12061,22061
081619.tex,081119.tex,62,牛魔里程,新生篇,南萨纳兰,14,26,热浪,060214.tex,5:00～7:59,激励,/psych,064030.tex,为了对抗东阿尔迪纳德商会的庞大资本，中小规模的旅行商人们组成了一个名为“商队互助会”的组织，这里便是组织交易所之一。此处交易所建立在第七灵灾之后，是为了与危险的撒沟厉沙漠方面进行贸易而专门建立的。,12062,22062
081620.tex,081120.tex,63,东侧监视塔,新生篇,北萨纳兰,21,24,碧空,060201.tex,5:00～7:59,敬礼,/salute,064031.tex,用于监视帝国南方堡的监视塔。帝国南方堡由加雷马帝国第十四军团建造，是确保魔导兵器燃料资源供应的采掘据点。恒辉队驻守此监视塔，不分日夜地监视着采掘据点的状况。,12063,22063
081621.tex,081121.tex,64,青磷水输送管,新生篇,北萨纳兰,20,29,晴朗,060202.tex,18:00～4:59,张望,/lookout,064022.tex,向精炼所输送青磷水的管道。现在在艾欧泽亚需要利用青磷水的装置越来越多，从飞空艇到各种机械，燃料的需求量明显增大。为此艾玛吉娜矿山公司也花费了巨资来增加设备。,12064,22064
081622.tex,081122.tex,65,蓝雾,新生篇,北萨纳兰,20,22,晴朗,060202.tex,12:00～16:59,张望,/lookout,064022.tex,北萨纳兰的溪谷地带是在艾欧泽亚数一数二的青磷水储存地。在获取青磷水的时候产生的气体，使得周边被蓝雾笼罩，也因此成为了此地的景点。,12065,22065
081623.tex,081123.tex,66,劳班缓冲地,新生篇,北萨纳兰,19,17,阴云,060203.tex,8:00～11:59,张望,/lookout,064022.tex,趁着第七灵灾混乱之际，帝国军向北萨纳兰发起了进攻，然而恒辉队的劳班局长却在战力处于劣势的状况下依旧奋战到底，终于成功守住了青磷精炼所。战后，两阵营之间的中间地带便被称作劳班缓冲地。,12066,22066
081624.tex,081124.tex,67,艾玛吉娜秘银废矿,新生篇,北萨纳兰,26,22,薄雾,060204.tex,18:00～4:59,张望,/lookout,064022.tex,在20年前左右被放弃的废矿。这里的秘银矿脉曾经非常丰富，是为艾玛吉娜矿山公司带来“秘银热”的重要舞台，可惜后来矿脉逐渐枯竭，最终被放弃了。现在，这里则变成了邪教集团“最后之民”的秘密基地。,12067,22067
081651.tex,081151.tex,68,剑峰,新生篇,库尔札斯中央高地,25,29,碧空,060201.tex,17:00～17:59,张望,/lookout,064022.tex,矗立于库尔札斯中央高地的高峰。据正教的圣典记载，战争女神哈罗妮挥剑刺入天空，从而将天界与地面彻底隔离。不过由于卫月的碎片刺入了山间，使得这把利剑的剑刃有些变形了。,12068,22068
081652.tex,081152.tex,69,阿德内尔占星台,新生篇,库尔札斯中央高地,25,29,薄雾,060204.tex,18:00～4:59,张望,/lookout,064022.tex,配备有全艾欧泽亚最大天体望远镜的占星台。在观测天体运动的同时也承担着预测龙族动向的工作。据说占星台的名字来源于伊修加德历史上最伟大的占星学家。,12069,22069
081653.tex,081153.tex,70,龙族遗骸,新生篇,库尔札斯中央高地,11,15,暴雪,060216.tex,8:00～11:59,张望,/lookout,064022.tex,被白云崖前哨的对龙弩炮打下的龙族的遗骸。在库尔札斯的严寒气候中结冰，基本没有腐烂。远远看去还以为是一只龙在雪中沉睡。,12070,22070
081654.tex,081154.tex,71,皇都伊修加德,新生篇,库尔札斯中央高地,12,17,晴朗,060202.tex,5:00～7:59,张望,/lookout,064022.tex,伊修加德是一座宗教城邦。为了防范龙族的袭击，城墙不但分为多个等级，上面还布有多重魔法屏障，同时成群的高耸尖塔上都设有对龙弩炮。因为伊修加德正教的教皇居住于此，所以此地也被称为皇都。,12071,22071
081655.tex,081155.tex,72,巨石丘,新生篇,库尔札斯中央高地,7,28,碧空,060201.tex,17:00～17:59,张望,/lookout,064022.tex,剑锋山麓的广阔山丘，过去有很多巨大的岩石点缀于此，因此得名“巨石丘”。灵灾之后，原本覆盖于卫月外壳上的暗物质附着在这片山丘上，形成了一种新的奇妙岩石。,12072,22072
081656.tex,081156.tex,73,战争神秘石,新生篇,库尔札斯中央高地,7,31,暴雪,060216.tex,18:00～4:59,张望,/lookout,064022.tex,显现出战争神哈罗妮的神印的神圣之石。对尊崇哈罗妮为主神的伊修加德正教来说，这块秘石所在的洞穴是重要的圣地。因此，他们在这里建造了秘石塔，严加看守。,12073,22073
081657.tex,081157.tex,74,披雪大冰壁,新生篇,库尔札斯中央高地,2,21,晴朗,060202.tex,8:00～11:59,张望,/lookout,064022.tex,第七灵灾引发的属性变动，使得库尔札斯地区以异常的速度变成了冰天雪地。仅仅5年的时间，奔流江和双子池的水便被冰结，形成了擎天的大冰壁。同时通往库尔札斯西部的陆路也被隔断了。,12074,22074
081658.tex,081158.tex,75,巨龙首营地,新生篇,库尔札斯中央高地,26,17,晴朗,060202.tex,12:00～16:59,张望,/lookout,064022.tex,守卫皇都伊修加德的据点。名门福尔唐家的骑兵团驻守于此，对龙族和异端者、还有来自东方的入侵者鸟人族保持着警戒。据点的名字来自于附近的一块酷似龙头的巨大岩石。,12075,22075
081659.tex,081159.tex,76,钢卫塔,新生篇,库尔札斯中央高地,28,10,碧空,060201.tex,5:00～7:59,张望,/lookout,064022.tex,对龙城塞，但现在已被破坏。这座塔原本和西方的石卫塔遥相呼应，共同构成了伊修加德的防卫双壁。但在黄龙斯瓦拉率领的龙族攻势下化作了一片废墟，现在只留下了一部分的外墙。,12076,22076
081701.tex,081201.tex,77,帝国中央堡,新生篇,摩杜纳,9,13,妖雾,060218.tex,12:00～16:59,张望,/lookout,064022.tex,加雷马帝国军的资源采掘据点。当初奈尔率领第七军团在这里建立起了帝国军新堡，灵灾之后新堡被第十四军团改造成了现在的中央堡。在基地内部还铺有运送矿石的铁路，以及“魔列车”的停车场。,12077,22077
081702.tex,081202.tex,78,水晶塔,新生篇,摩杜纳,27,8,晴朗,060202.tex,18:00～4:59,张望,/lookout,064022.tex,在第七灵灾中突然出现在地表上的水晶巨塔。根据学术组织圣寇伊纳克财团的调查，这座塔本来是古代亚拉戈文明制造的能量收集装置，曾被称作“希尔科斯塔”。,12078,22078
081703.tex,081203.tex,79,早霜顶,新生篇,摩杜纳,18,17,碧空,060201.tex,12:00～16:59,张望,/lookout,064022.tex,飞空战舰阿格里俄斯号的坠落导致这片地区出现了大规模的结晶化现象。甚至草木都变成了结晶的形态，在这里行走会听到脚下传来的咔嚓咔嚓声，仿佛走在寒霜之上。,12079,22079
081704.tex,081204.tex,80,密约之塔,新生篇,摩杜纳,26,11,晴朗,060202.tex,17:00～17:59,坐下,/sit,064054.tex,加雷马帝国军的飞空战舰阿格里俄斯号坠落于此，舰首向下没入了湖中，宛如一尊巨塔。古时起就守护着银泪湖的尘世幻龙的尸体则缠在这艘战舰上面。,12080,22080
081751.tex,081251.tex,1,隼巢,苍天篇,库尔札斯西部高地,32,36,,,,张望,/lookout,064022.tex,位于库尔札斯西部高地的由哨兵的营房发展而来的山村。因第七灵灾后气候极具变冷导致多数居民被冻死，伤亡惨重。曾经为了戒备龙族袭击，村中有驯鹰人常驻并饲养了许多白隼，村名由此而来。,xb,23001
081752.tex,081252.tex,2,交汇河营地,苍天篇,库尔札斯西部高地,20,23,,,,张望,/lookout,064022.tex,伊修加德的骑兵团曾经驻扎的露营地。曾经是配备了以太之光的据点，但灵灾后被废弃了。因坐落于库尔札斯河和奔流江的交汇处，名字中也体现了河流交汇之处的意思。,xb,23002
081753.tex,081253.tex,3,卧龙岛,苍天篇,库尔札斯西部高地,10,18,,,,张望,/lookout,064022.tex,坐落在已冻结成冰的灰烬池上的岛屿。传说为了镇压强大的龙族，教皇厅的法术团用魔法将其催眠，不知何时其周身被灰烬覆盖化作岩石，最终成为了一座岛屿。,xb,23003
081754.tex,081254.tex,4,暮卫塔,苍天篇,库尔札斯西部高地,20,6,,,,张望,/lookout,064022.tex,伊修加德的对龙要塞暮卫塔。尤埃尔默里克指挥官曾率领狄兰达尔家的骑兵团在此驻扎，但在灵灾时城墙的一部分崩塌了。之后因气候极具变冷导致暮卫塔被冰封锁，如今已经成为了魔物的巢穴。,xb,23004
081755.tex,081255.tex,5,戈尔加涅牧场,苍天篇,库尔札斯西部高地,31,4,,,,张望,/lookout,064022.tex,侍奉于狄兰达尔家的骑士戈尔加涅建造的牧场。据说他作为狄兰达尔家长男的武术老师为培养爱徒倾注了心血，在爱徒失踪后万念俱灰决定引退，之后建造了这座牧场。,xb,23005
081756.tex,081256.tex,6,铁杉村,苍天篇,库尔札斯西部高地,36,19,,,,张望,/lookout,064022.tex,位于库尔札斯西部高地的废村。从前是以周边林业为生的樵夫们居住的村落，灵灾后因气候极具变冷而人去楼空。“铁杉村”的村名源于此地区特有的铁杉。,xb,23006
081757.tex,081257.tex,7,大脚雪人居所,苍天篇,库尔札斯西部高地,20,36,,,,张望,/lookout,064022.tex,大脚雪人的居所。由于漏斗形的山崖可以抵御寒风侵袭，大脚雪人便自然而然地聚集到了这里。不过似乎至今还没有强大的头领出现，虽然聚集在一起但并不团结，依旧保持个体的自由行动。,xb,23007
081801.tex,081301.tex,8,唯一脑窟穴,苍天篇,龙堡参天高地,27,36,,,,张望,/lookout,064022.tex,优秀的狩猎民族骨颌族居住的村落。其中遍布由分泌液与土的混合物建造而成的像是蚁穴的房屋。据说建筑物中焚烧了特殊的香草，从烟囱中飘出的烟有驱赶龙族的效果。,gd,23008
081802.tex,081302.tex,9,不洁村落,苍天篇,龙堡参天高地,12,39,,,,张望,/lookout,064022.tex,疑似城市的遗迹。伊修加德教皇厅称这是异端者势力建造的不洁村落，毁灭于战神哈罗妮降下的神罚。至于事实是否如教皇厅所言如今还没有定论。,gd,23009
081803.tex,081303.tex,10,不洁三塔,苍天篇,龙堡参天高地,16,23,,,,张望,/lookout,064022.tex,被伊修加德正教视为魔女们建造的异端之塔。其中配备了可供人类和龙族停泊的设备，建筑风格极为罕见。现在已经成为了龙族的居所。,gd,23010
081804.tex,081304.tex,11,悲叹飞泉,苍天篇,龙堡参天高地,29,6,,,,张望,/lookout,064022.tex,曾是坐落于索姆阿尔灵峰山脚的巨大古代建筑物。如今已被破坏并被河流吞没，是魔物和野兽的珍贵水源。龙族为了捕捉魔物和野兽也会在此出没。,gd,23011
081805.tex,081305.tex,12,光轮祭坛,苍天篇,龙堡参天高地,8,6,,,,祈祷,/pray,064064.tex,位于流淌着岩浆的彻悟岩窟底端的祭坛。摆放着依照龙族和人类女性雕刻而成的雕像，但人类女性雕像似乎在很久以前就遭到了破坏。从此垂直向上望去，可以看到浮在空中的索姆阿尔灵峰底部。,gd,23012
081806.tex,081306.tex,13,尾羽集落,苍天篇,龙堡参天高地,33,23,,,,张望,/lookout,064022.tex,猎人们的村落，他们为了捕捉野生陆行鸟而来到了秘境——陆行鸟之森。七天树繁茂的树冠挡住了盘旋在上空的龙族的视线，所以人类可以在此处生活。,gd,23013
081807.tex,081307.tex,14,索姆阿尔灵峰,苍天篇,龙堡参天高地,11,13,,,,张望,/lookout,064022.tex,坐落于阿巴拉提亚山脉的艾欧泽亚最高峰。知晓死期的龙族会来到这里，是龙族的终焉之地，也被称为圣地。由巨大的水晶构成，从山腰到山顶都浮在空中，有种极致的美感。,gd,23014
081815.tex,081315.tex,15,莫古力之家,苍天篇,翻云雾海,29,35,,,,张望,/lookout,064022.tex,坐落于艾欧泽亚最高峰索姆阿尔灵峰峰顶的莫古力族的村落。虽然翻云雾海算是龙族的领地，但当地的莫古力族与圣龙赫拉斯瓦尔格立下了盟约，所以可以在此地生活。,fywh,23015
081816.tex,081316.tex,16,龙巢神殿,苍天篇,翻云雾海,29,13,,,,张望,/lookout,064022.tex,邪龙尼德霍格居住的龙巢。在邪龙的魔力的作用下，周边被雷云覆盖无法轻易接近。尼德霍格在结束了数十年至一百年为周期的活动进入休眠期时，似乎会在此处沉睡。,fywh,23016
081817.tex,081317.tex,17,惋惜之晶遗迹,苍天篇,翻云雾海,18,6,,,,张望,/lookout,064022.tex,名字中带有一股哀伤之意的遗迹。被破坏的建筑物有一半被水晶埋没。从结晶量可以推测出，很可能曾有拥有七大天龙级别魔力的生命在此消逝……,fywh,23017
081818.tex,081318.tex,18,天极白垩宫,苍天篇,翻云雾海,7,27,,,,张望,/lookout,064022.tex,坐落于圣龙赫拉斯瓦尔格领地的壮丽的宫殿。和圣龙立下盟约的云海莫古力族会对此地进行维护，但还是敌不过千年的时光，建筑渐渐风化。即便如此，这座建筑依旧拥有着震撼人心的美丽。,fywh,23018
081819.tex,081319.tex,19,人王像,苍天篇,翻云雾海,17,37,,,,祈祷,/pray,064064.tex,坐落在绿茵岛相邻浮岛上的巨大的人物雕像。莫古力族似乎将此像的原型当做地上人类之王，将其称为人王像。不过如今记录早已丢失，不知此像究竟象征何人。,fywh,23019
081820.tex,081320.tex,20,书信之家,苍天篇,翻云雾海,35,20,,,,张望,/lookout,064022.tex,疑似很久很久以前人类与龙族合作建造的建筑物，如今大半已化为瓦砾。因为建筑物中到处刻有文字，所以当地的莫古力族将其称为书信之家。据说千年前的遗物如今仍然遗落在那里。,fywh,23020
081821.tex,081321.tex,21,飞龙港,苍天篇,翻云雾海,23,18,,,,张望,/lookout,064022.tex,莫古力族传说中的空中港口，有许多人为了骑乘双足飞龙而来。建筑物十分坚固，如今依然残留了一部分，但居住在那里的龙族几乎全是会袭击人类的邪龙眷属。,fywh,23021
081851.tex,081351.tex,22,云顶营地,苍天篇,阿巴拉提亚云海,15,37,,,,张望,/lookout,064022.tex,艾因哈特家的蔷薇骑兵团驻扎的据点。为了从高空监视龙族而建立在浮岛上的营地。配备了新造飞空艇捍卫者号，但因为故障不断而毫无战斗力。,yh,23022
081852.tex,081352.tex,23,候鸟云巢,苍天篇,阿巴拉提亚云海,37,40,,,,打盹,/doze,064013.tex,"有一些候鸟会随着季节变化往来于近东地域与艾欧泽亚,为了躲避严寒,那些怪鸟在这里搭建了巢穴,它们在此产卵、养育后代。在雏鸟们学会飞行后便会离开巢穴向东飞去。",yh,23023
081853.tex,081353.tex,24,沃仙曦染,苍天篇,阿巴拉提亚云海,39,21,,,,张望,/lookout,064022.tex,在水属性水晶的作用下由大气中的水分聚集而成的泉水。骑兵们发现这美丽的泉水后，觉得就如同吟游诗人传颂的传说中的美景圣地“沃仙曦染”一般美丽，便以此为名称呼下去。,yh,23024
081854.tex,081354.tex,25,魔窟离岛,苍天篇,阿巴拉提亚云海,13,9,,,,张望,/lookout,064022.tex,魔窟离岛的名字在瓦努语中有着高处的声音的意思。岛上留有一座刻有莫古力族喜欢的图案的石碑，但岛上并没有莫古力族的踪影。不知这里究竟拥有着怎样的历史。,yh,23025
081855.tex,081355.tex,26,落羽大房,苍天篇,阿巴拉提亚云海,18,27,,,,张望,/lookout,064022.tex,瓦努族的圣地之一，据讲述传说的人所说，这里曾飘落下云神俾斯麦的羽毛。如今温杜族长老的宅邸建立在此地作为其权利的象征。,yh,23026
081856.tex,081356.tex,27,瓦纳温杜集落,苍天篇,阿巴拉提亚云海,25,23,,,,张望,/lookout,064022.tex,瓦努族主要氏族温杜族的根据地。“瓦纳”在瓦努语中有“高处”的意思。当地居民认为越高的地方越容易将自己的声音传达给云神，所以高海拔的地方对他们来说有着重要的意义。,yh,23027
081857.tex,081357.tex,28,亨格坩埚,苍天篇,阿巴拉提亚云海,38,11,,,,张望,/lookout,064022.tex,位于阿巴拉提亚云海东部有着奇怪形状的浮岛。在发现了这座浮岛的伊修加德骑士眼中，这座浮岛形状和库尔札斯地区的童谣中的魔女亨格所用的坩埚很像，便将其命名为亨格坩埚。现在是巨嘴鸟的栖息地。,yh,23028
081808.tex,081308.tex,29,宗匠大工房,苍天篇,龙堡内陆低地,40,21,,,,张望,/lookout,064022.tex,曾是聚集了萨雷安工匠的大工房。此地曾经生产过以太之光。但是如今被企图独占知识的哥布林族科学家组织青蓝之手占领，似乎他们正在将此地改造成要塞。,dd,23029
081809.tex,081309.tex,30,萨雷安治学区,苍天篇,龙堡内陆低地,17,23,,,,张望,/lookout,064022.tex,萨雷安辖区中沙利亚克河西岸的地区。曾经有许多研究员和学者聚集在此地区。圣茉夏娜植物园等研究以及教育机关也集中在此。曾经充满了学术城邦的气息。,dd,23030
081810.tex,081310.tex,31,先贤伟业纪念碑,苍天篇,龙堡内陆低地,22,27,,,,张望,/lookout,064022.tex,为了纪念那些逝去的将知识传承下去的先人们，为了铭记他们的伟业而建造的大石碑。上面铭刻了知识之都萨雷安的格言“知识不求人”以及历代大贤人的名字。,dd,23031
081811.tex,081311.tex,32,知识神水瓶,苍天篇,龙堡内陆低地,10,35,,,,张望,/lookout,064022.tex,沙利亚克河的大瀑布。阿巴拉提亚山脉的积雪溶化后成为了地下水，与山下无数的支流汇合流入低地形成一条大河。其名字由知识神沙利亚克拥有的可以生成知识之水的魔法水瓶而来。,dd,23032
081812.tex,081312.tex,33,迦巴勒幻想图书馆,苍天篇,龙堡内陆低地,28,37,,,,张望,/lookout,064022.tex,殖民城市萨雷安为保管各地集聚的知识而建造的大图书馆。在大撤退时重要的资料都被带回了北洋的祖国，不过现在地下的禁书库中依旧保管着少量书籍。,dd,23033
081813.tex,081313.tex,34,奥恩原生林,苍天篇,龙堡内陆低地,32,11,,,,张望,/lookout,064022.tex,延伸在龙堡内陆低地北部的原生林。水量丰富的沙利亚克河滋润着当地的土地，保留了原汁原味的自然生态。如果想不经由龙堡参天高地前往萨雷安，就需要沿河而上穿过这片原生林。,dd,23034
081814.tex,081314.tex,35,圣茉夏娜植物园,苍天篇,龙堡内陆低地,13,21,,,,张望,/lookout,064022.tex,萨雷安人建立的植物园的遗址。内部的温室中栽培着从世界各地采集而来的植物和草木纲的魔物，人们在此进行各种各样的学术研究。不过植物园在大撤退时被废弃，现在没有任何人在管理。,dd,23035
081858.tex,081358.tex,36,飞空战舰格拉提翁号,苍天篇,魔大陆阿济兹拉,39,17,,,,张望,/lookout,064022.tex,加雷马帝国第六军团的旗舰。是与飞空战舰阿格里俄斯号同型号的战舰。受到冰神希瓦的拼死攻击后，舰载青磷炉被带有魔力的冰包裹住而陷入了无法航行的状态。,mdl,23036
081859.tex,081359.tex,37,无限回廊,苍天篇,魔大陆阿济兹拉,33,35,,,,张望,/lookout,064022.tex,古代亚拉戈帝国的博物战舰。为将这千年大帝国的遗产永远地保存下来而建造了这艘战舰。据说其内部保留着从日用品到最新军用兵器等各种物品，甚至还有极其危险的魔科学产物。,mdl,23037
081860.tex,081360.tex,38,对偶处刑台,苍天篇,魔大陆阿济兹拉,6,30,,,,张望,/lookout,064022.tex,被囚禁的七大天龙之中的暗龙提亚马特。过去曾与光龙巴哈姆特一起在南方大陆生活，但在和亚拉戈帝国军的战斗中败北。至今依然在后悔将因反抗而死的光龙作为蛮神召唤出来。,mdl,23038
081861.tex,081361.tex,39,魔科学研究所,苍天篇,魔大陆阿济兹拉,10,35,,,,张望,/lookout,064022.tex,古代亚拉戈帝国的研究设施。曾在这里进行过封锁龙族行动的拘束装置的开发以及对蛮神封印系统的研究。也曾进行过对蛮神兵器的研究，研究所内部潜伏着许多被废弃的实验体。,mdl,23039
081862.tex,081362.tex,40,螺旋港,苍天篇,魔大陆阿济兹拉,6,9,,,,张望,/lookout,064022.tex,阿济兹拉配备的巨大港湾设施。由导航系统的解说得知，似乎是可以容纳诸神黄昏级拘束舰等级的巨大舰艇的港湾设施。据说过去在设施中存在着更多的对接环。,mdl,23040
081863.tex,081363.tex,41,隔离实验岛,苍天篇,魔大陆阿济兹拉,9,21,,,,张望,/lookout,064022.tex,位于魔大陆阿济兹拉一角的浮岛。整座浮岛就是一个隔离未能达到魔科学部安全基准的危险合成生物的设施。根据记录可知，这里似乎曾经是进行作物品种改良的农业研究所。,mdl,23041
081864.tex,081364.tex,42,重组实验室,苍天篇,魔大陆阿济兹拉,30,11,,,,张望,/lookout,064022.tex,亚拉戈帝国魔科学部旗下的研究设施，进行了各种合成生物的开发。根据导航系统的解说可以得知，这里以进行非常安全且独特的实验而备受好评，但却让人禁不住对此番言论深表怀疑。,mdl,23042
081758.tex,081258.tex,43,征龙像,苍天篇,库尔札斯西部高地,32,28,,,,鼓励,/rally,064034.tex,为称颂初代苍天之龙骑士——征龙将哈尔德拉斯而建造的巨大石像，是由女雕刻家佩瑟勒耗费晚年30余年的时间制造而成的杰作。其艺术技巧和历史价值之高，直到其建成后150余年的今天，依然无出其右。,xb,23043
081759.tex,081259.tex,44,黑铁大桥,苍天篇,库尔札斯西部高地,29,23,,,,张望,/lookout,064022.tex,作为连结皇都和暮卫塔的补给通路，由泽梅尔家建造而成的石吊桥。桥身以即使被龙族的吐息所灼烧也不会断裂的黑铁锁链为材料，因此而得名“黑铁大桥”。,xb,23044
081760.tex,081260.tex,45,龙涎,苍天篇,库尔札斯西部高地,9,10,,,,坐下,/sit,064054.tex,传说是因为龙族所喷吐的灼热吐息而形成的温泉。在寒冷化逐渐加剧的如今，纯天然温泉已是十分稀少，所以常有野生生物为取暖而来到这里。此外，该温泉的疗效也受到了骑兵们的青睐。,xb,23045
081761.tex,081261.tex,46,板岩连峰,苍天篇,库尔札斯西部高地,12,8,,,,展示,/me,064023.tex,此地由于可以采集到优质的粘板岩，故而得名“板岩连峰”。3年前，计划在此地筑起炮台阵地的泽梅尔家骑兵团与意图阻止的毒龙库耶列布希曾在此地展开过一场壮烈的激斗。,xb,23046
081822.tex,081322.tex,47,宽慰河,苍天篇,龙堡参天高地,23,39,,,,张望,/lookout,064022.tex,据当地猎人的说法，为了祭奠成为龙族牺牲品的野兽们，才将这条河命名为“宽慰之河”。而异端者们却主张说这里是用来抚慰曾经人类与龙族的诀别的场所。,gd,23047
081823.tex,081323.tex,48,自由脑窟穴,苍天篇,龙堡参天高地,24,18,,,,张望,/lookout,064022.tex,由通称“离群一族”的少数派骨颌族所建立的小型集落。“自由脑”指的即是精神没有连结在一起的骨颌族。他们与精神互相连接的“同心一族”不同，个体之间有着各自的个性。,gd,23048
081824.tex,081324.tex,49,悄声小道,苍天篇,龙堡参天高地,34,15,,,,张望,/lookout,064022.tex,古代街道的遗址，由于年久失修，过去由石材铺设而成的道路半数已经化为了沙地路。由于踩在沙地路上发出的沙沙声会惊动猎物，尾羽集落的猎人们才将此地命名为“悄声小道”。,gd,23049
081825.tex,081325.tex,50,龙人路,苍天篇,龙堡参天高地,18,32,,,,张望,/lookout,064022.tex,通往不洁三塔的大道。过去曾被叫做“德拉·艾拉”，在龙族的语言中意为“龙与人的街道”，代表着人类与龙族的共同繁荣。而在两种族已然决裂的现如今，这个名称已经失去了意义。,gd,23050
081829.tex,081329.tex,51,无名的龙雕像,苍天篇,翻云雾海,34,32,,,,祈祷,/pray,064064.tex,静静耸立于翻云雾海一角的石像。建造该石像的原委和经过至今不明，只有一行以古伊修加德文字写在其基部的铭文仍然隐约可见：“纪念雄壮的苍蓝之翼”。,fywh,23051
081830.tex,081330.tex,52,人王遗迹,苍天篇,翻云雾海,37,14,,,,张望,/lookout,064022.tex,邪龙尼德霍格被人类所背叛，在狂怒之下造成巨大破坏的遗迹。居住于云海的莫古力族认为这里是“地上人类之王”居住过的遗址，至于是真是假就不得而知了。,fywh,23052
081831.tex,081331.tex,53,最高大的树,苍天篇,翻云雾海,14,25,,,,张望,/lookout,064022.tex,莫古力族认为这棵古树是翻云雾海所有树木的“父亲”。据推测，其树龄至少超过1000年，早在人类与龙族的争斗开始前就一直守护着这片云海了。,fywh,23053
081865.tex,081365.tex,54,寒风岛,苍天篇,阿巴拉提亚云海,6,5,,,,张望,/lookout,064022.tex,位于尊杜集落西北方的小型浮岛，瓦努族讲述传说的人称其为“乘云起风之岛”。在过去人类和瓦努族有交流的时候，蔷薇骑兵团的骑兵根据瓦努族的叫法，将该岛命名为“寒风岛”。,yh,23054
081866.tex,081366.tex,55,破碎脊骨,苍天篇,阿巴拉提亚云海,26,6,,,,张望,/lookout,064022.tex,受到北方强烈季节风的侵蚀作用而形成的外形奇特的浮岛。由于看上去像是怪物的骨骼一般令人毛骨悚然，因此在伊修加德骑兵之间都称呼此岛为“破碎的脊骨”。,yh,23055
081867.tex,081367.tex,56,起源岛,苍天篇,阿巴拉提亚云海,9,28,,,,张望,/lookout,064022.tex,蔷薇骑兵团的骑兵玛丽埃勒在前往云顶营地赴任时，在飞空艇甲板上从上空发现的一座心形浮岛。她怀抱着“希望这里能成为‘恋人间爱的起源之地’”的想法，将该岛命名为“起源岛”。,yh,23056
081826.tex,081326.tex,57,沙利亚克大瀑布,苍天篇,龙堡内陆低地,12,13,,,,张望,/lookout,064022.tex,沙利亚克河流向北方的奥恩原生林途中形成的宏伟瀑布。过去在学生之间曾经非常流行一种“极限游近大瀑布”的试胆比赛，但很快就因过于危险而被明令禁止了。,dd,23057
081827.tex,081327.tex,58,硕学之路,苍天篇,龙堡内陆低地,19,38,,,,张望,/lookout,064022.tex,通往迦巴勒幻想图书馆的巨大石桥。受到第七灵灾时发生的地壳变动影响而坍塌，现在已是残垣断壁。而在过去，曾有众多司书、学生以及研究者通过这座桥往来于图书馆。,dd,23058
081828.tex,081328.tex,59,小刀石柱群,苍天篇,龙堡内陆低地,30,31,,,,张望,/lookout,064022.tex,像小刀般尖锐的石柱林立的石柱群。起初由于地名过于直白，在萨雷安的学士之间引起了激烈的争论。结果由于提案像当地的石柱数量一样多，最终也没能改名。,dd,23059
081868.tex,081368.tex,60,水晶增殖炉,苍天篇,魔大陆阿济兹拉,10,14,,,,张望,/lookout,064022.tex,旨在利用三斗神的能力，将合成生物的生命能量结晶化，从而增殖水晶的幻之永久机关。这里曾经进行过用生产出的水晶进而培养合成生物，通过循环来获得无限力量的研究。,mdl,23060
081869.tex,081369.tex,61,生体培养局,苍天篇,魔大陆阿济兹拉,35,6,,,,张望,/lookout,064022.tex,亚拉戈帝国魔科学部旗下的合成生物培养设施。该设施接收魔科学研究所等各地研究机关的各种“独创性的委托”，培养各种各样的实验生物。与作为其附属设施的人工诱变所相邻接。,mdl,23061
081870.tex,081370.tex,62,古代大教堂,苍天篇,魔大陆阿济兹拉,25,28,,,,张望,/lookout,064022.tex,南方大陆“美拉西迪亚”风格的古代大教堂。似乎是南方大陆的树状种族为了祭祀三斗神之一的魔神萨菲洛特而建造的。亚拉戈人为了研究信仰和蛮神之间的关联，而将该教堂迁移了过来。,mdl,23062
081526.tex,081026.tex,1,威罗迪纳基地,红莲篇,基拉巴尼亚边区,21,26,,,,张望,/lookout,064022.tex,加雷马帝国设在威罗迪纳大桥上的物资中转基地，位于威罗迪纳河之上。连接着军事设施众多的山区与封锁了艾欧泽亚的巴埃萨长城。中央那座巨大的塔是飞空艇的系留塔。,bq,24001
081527.tex,081027.tex,2,幻我园,红莲篇,基拉巴尼亚边区,24,16,,,,张望,/lookout,064022.tex,约300年前由拉尔戈星导教高僧海伊马特开拓的僧园。“幻我”这个词由古代玛哈语而来，意思是“自己的幻景”，这就表示了这里是直面自己的幻影从而磨炼身心的地方。,bq,24002
081528.tex,081028.tex,3,开宗堂,红莲篇,基拉巴尼亚边区,23,7,,,,张望,/lookout,064022.tex,很久很久以前，一个想要接近破坏神拉尔戈的男子开始了用拳头击打岩石山的修行，几十年后，他终于将岩山石击出了一个大洞。这位无名修炼者就是星导教的第一位武僧，而这里也被后人当成了教义的开创之地，并建造了这个祠堂。,bq,24003
081529.tex,081029.tex,4,帝国东方堡,红莲篇,基拉巴尼亚边区,9,10,,,,张望,/lookout,064022.tex,加雷马帝国建立的据点。原本是巴埃萨长城的建设据点，在第七灵灾后盖乌斯再次侵略艾欧泽亚的时候，被提升为了扩建后的帝国堡。现在位于双蛇党的管辖之下。,bq,24004
081530.tex,081030.tex,5,昏暗林,红莲篇,基拉巴尼亚边区,8,26,,,,张望,/lookout,064022.tex,位于东境混交林南部的大片阴暗的森林。在提蒙河流淌而来的河水与各处涌出的地下水的影响下，森林中常年弥漫着湿漉漉的雾气。因此，无论白天还是夜晚都十分昏暗。,bq,24005
081531.tex,081031.tex,6,天母寝宫,红莲篇,基拉巴尼亚边区,36,16,,,,张望,/lookout,064022.tex,阿难陀族建筑的泥城。据说地下有供奉美神吉祥天女的地下神殿，因此人们才会将这里命名为阿难陀语的“天母寝宫”。现在则被主流派的伽黎亚派占据着。,bq,24006
081532.tex,081032.tex,7,对等石,红莲篇,基拉巴尼亚边区,30,25,,,,张望,/lookout,064022.tex,梅氏的逐日之民们居住的村落。为了能够将猎物和入侵者尽收眼底，他们将村落建在了可以展望整个地盘的岩石山之上。在帝国的支配下，猎户们逐渐被视为野蛮者，处境十分艰辛。,bq,24007
081533.tex,081033.tex,8,藏泪丘,红莲篇,基拉巴尼亚山区,33,10,,,,张望,/lookout,064022.tex,悼念死者的地方。背后有飞流直下的瀑布，隆隆的声音响彻云霄，可以掩盖哭声；飞溅的水珠迎面扑来，可以隐藏泪水。但是在帝国长年的支配下，宗教活动全部被禁止，人们甚至无法自由地祭奠死者。,sq,24008
081534.tex,081034.tex,9,寒炉村,红莲篇,基拉巴尼亚山区,27,36,,,,张望,/lookout,064022.tex,伫立在基拉巴尼亚山区深山之处的贫寒村落。因为土地贫瘠收成不好，自古以来靠年轻人外出当佣兵赚钱勉强维持生计。也是阿拉米格的猛牛——劳班·阿尔丁出生的故乡。,sq,24009
081535.tex,081035.tex,10,纽恩克雷夫的方舟,红莲篇,基拉巴尼亚山区,22,32,,,,张望,/lookout,064022.tex,在大洪水袭击艾欧泽亚的第六灵灾发生时，北洋出身的纽恩克雷夫为了拯救人们建造了这只方舟。它救起了一个个遭遇海啸漂浮在海上的人们后，整条船都被魔法传送走了，最终漂到了这个地方。,sq,24010
081536.tex,081036.tex,11,阿拉加纳,红莲篇,基拉巴尼亚山区,25,5,,,,张望,/lookout,064022.tex,位于基拉巴尼亚山区北部的村落。过去因采矿业而繁荣一时，连装饰阿拉米格王宫的美丽石材都是由这个村落的凿石匠凿下来的。然而，现在却面对着产业衰退的危机。,sq,24011
081537.tex,081037.tex,12,御制监望塔,红莲篇,基拉巴尼亚山区,19,23,,,,张望,/lookout,064022.tex,加雷马帝国军的巨大监视塔。主塔是为了监视其行省基拉巴尼亚而最先建造的，之后又加入了为了再次侵略艾欧泽亚而增建的通讯塔以及为了启动究极神兵而增建的能量塔。,sq,24012
081538.tex,081038.tex,13,赎罪之腕,红莲篇,基拉巴尼亚山区,8,37,,,,张望,/lookout,064022.tex,只要修身养性，就可以赎清罪孽。在拉尔戈星导教的这则教义下，人们建造了这个地方来让犯罪者赎罪。据说只要在这间寺院进行七年的严酷修行，无论犯过多么深重的罪都会得到破坏神的宽恕。,sq,24013
081539.tex,081039.tex,14,赤红神塔,红莲篇,基拉巴尼亚山区,18,14,,,,张望,/lookout,064022.tex,在第六灵灾末期至第六星历初期建造的遗迹。据说是由来自无限城与玛哈，这两个过去曾经过立的魔法城邦的魔法师们为了平息灵灾造成的混乱气候而建造的，类似于地脉镇石的建筑。,sq,24014
081540.tex,081040.tex,15,启程回廊,红莲篇,基拉巴尼亚山区,7,7,,,,张望,/lookout,064022.tex,据说很久以前，在拉尔戈星导教的总部结束了修行的武僧在这条回廊进行了启程的仪式。当时包括星导山寺院的参拜者在内，有很多人造访这里，曾经热闹一时。但在废王泰奥德里克的命令下，现在早已被烧成了一片废墟。,sq,24015
081541.tex,081041.tex,16,要塞城邦阿拉米格,红莲篇,基拉巴尼亚湖区,23,33,,,,张望,/lookout,064022.tex,第六星历1135年，统一了基拉巴尼亚地区的霸王安兹海尔姆为了迎击从伊尔萨巴德大陆流入的势力而建造的要塞城邦。在加雷马帝国的统治之下，行省总督府被设置在了这里，这也是帝国支配的象征。,hq,24016
081542.tex,081042.tex,17,阿拉米格人居住区,红莲篇,基拉巴尼亚湖区,35,33,,,,张望,/lookout,064022.tex,要塞城邦阿拉米格南部的居住区。为了配合人口的增长而最新扩建的区域，因此距离王宫十分遥远，从建立起就被当成了苦力街。在帝国的统治下，似乎已经变成了没有市民权的人居住的地方。,hq,24017
081543.tex,081043.tex,18,望云塔,红莲篇,基拉巴尼亚湖区,13,35,,,,张望,/lookout,064022.tex,为了监视云海而设置在城邦与北州伊尔萨巴德大陆之间的塔。一旦发现入侵者，就会从塔的顶层放出带火的箭，通知城邦有危险。但是，在帝国的支配下却从来没有使用过。,hq,24018
081544.tex,081044.tex,19,圣礼拜台,红莲篇,基拉巴尼亚湖区,20,16,,,,祈祷,/pray,064064.tex,为了参拜矗立在盐湖的破坏神拉尔戈像而设的礼拜台。只要登上最顶层，就可以在破坏神面前献上祈祷。在废王泰奥德里克的统治下，也是一个被当作刑场使用的恶名昭彰的地方。,hq,24019
081545.tex,081045.tex,20,地下水路,红莲篇,基拉巴尼亚湖区,33,30,,,,张望,/lookout,064022.tex,为了将盐湖的水引入阿拉米格城市内而开辟的水路。人们将在这里取到的盐水蒸馏成淡水后加以饮用。因为帝国安设了魔导式水道的缘故，现在几乎没有人再来这里了。,hq,24020
081546.tex,081046.tex,21,天营门,红莲篇,基拉巴尼亚湖区,5,22,,,,张望,/lookout,064022.tex,是帝国白山堡的正门（天营门），正确地说是正门的一部分。在帝国侵略之前，这里是通往阿拉米格的主干道的关口，前往近东地区的商队络绎不绝。,hq,24021
081576.tex,081076.tex,22,赤诚组营房前,红莲篇,黄金港,14,9,,,,张望,/lookout,064022.tex,维护黄金港治安的组织——赤诚组的营房前。在正对广场的茶屋里能看到不当班的赤诚组成员。另外，抬头望去还能看到宏伟的黄金阁天守，因此这里也是一个著名的景点。,hjc,24022
081577.tex,081077.tex,23,望海楼,红莲篇,黄金港,9,7,,,,坐下,/sit,064054.tex,以眺望大海的温泉——“望海泉”为招牌的黄金港温泉旅馆。远东之国的公共浴池大多是男女混浴，任何人都可以裸身进入。可是在有着众多异国人的黄金港泡温泉时，则需要穿上类似泳衣的衣服。,hjc,24023
081578.tex,081078.tex,24,小金街,红莲篇,黄金港,13,12,,,,张望,/lookout,064022.tex,在遍地生财的商业港口“黄金港”中象征着赚取零钱的商店街。这里聚集着各种各样的店铺，从出售由异国商船运来的进口货的店铺到将远东之国的特产出售给异国商人的店铺应有尽有。另外，剧场“无地鼓座”也是这里的名产之一。,hjc,24024
081579.tex,081079.tex,25,小金街后巷,红莲篇,黄金港,11,11,,,,张望,/lookout,064022.tex,小金街的后巷。这里可以看到东方特有的拱型太鼓桥——黄昏桥，还可以将国立的造船厂——黄金船库与建在其上的飞空艇搭乘点等堪称黄金港名胜的地点一览无余。,hjc,24025
081580.tex,081080.tex,26,潮风亭,红莲篇,黄金港,10,10,,,,张望,/lookout,064022.tex,黄金港最大的酒馆。这里不仅有当地的商人和港湾的劳动者，还有很多异国人。据说这里的特产是从远东之国的紫州运来的米酒与使用新鲜的海产烹饪的各种东方菜肴。,hjc,24026
081581.tex,081081.tex,27,碧玉水,红莲篇,红玉海,25,13,,,,张望,/lookout,064022.tex,由碧甲甲人族建立的海底村落。甲人族虽然可以长时间屏气，但毕竟不能像鱼人族那样用鳃呼吸。因此，他们在漫长的历史中研究出了一种魔法性技术，可以将巨大的气泡固定在水中。,hyh,24027
081582.tex,081082.tex,28,冲之岩,红莲篇,红玉海,32,8,,,,张望,/lookout,064022.tex,漂浮在红玉海上的小岛之一。北侧有着巨大的珊瑚群，还有占领了红玉海的海贼众建立的据点。另外，据远东之国的博物学者所说，这个岛是由狱之盖的喷石而形成的。,hyh,24028
081583.tex,081083.tex,29,天之御柱,红莲篇,红玉海,24,5,,,,张望,/lookout,064022.tex,通天的巨大石塔。在流传于东方地域的神话中，这里是由孕育国土的神明建造的，但真相却不得而知。历史上虽然曾经是禁忌之地，但在战乱期却被不惧神明的海贼众登陆，他们还在这里建立了据点痉挛寨。,hyh,24029
081584.tex,081084.tex,30,酒杯岛,红莲篇,红玉海,31,37,,,,张望,/lookout,064022.tex,据说这个岛是海贼众最初举杯结为兄弟的地方。对海贼众来说，这是个堪称发祥地的特别之地。即便是现在，他们还会在岛上设置监视据点，监视来往于红玉海的船只。,hyh,24030
081585.tex,081085.tex,31,绝鬼岛,红莲篇,红玉海,10,26,,,,张望,/lookout,064022.tex,红甲族的据点。因为这里是居住着杀人恶鬼的岛，所以红甲族将其命名为“绝鬼岛”，但不知从何时起，连甲人族都开始这样称呼这个岛了。另外，这里过去虽然是座岛，但却通过熔岩与大陆本土连接在一起，所以严格说来并不算岛屿。,hyh,24031
081586.tex,081086.tex,32,渔村,红莲篇,红玉海,6,10,,,,张望,/lookout,064022.tex,位于奥萨德次大陆东岸的村落，村名意味着这个村子是靠渔业建立起来的。海贼众过去曾在这里设置了一个小屋，用来向渡过红玉海的人们征收保护费。,hyh,24032
081587.tex,081087.tex,33,岩燕庙,红莲篇,延夏,12,26,,,,张望,/lookout,064022.tex,用来供奉岩燕这位伟大武将的灵庙，是他让战火纷飞的延夏实现了统一。岸壁上的巨大石像是以岩燕为原型雕刻的。另外，他不仅是一名剑豪，还是一位著名的术士，据说创立多玛式风水术的始祖就是他。,yx,24033
081588.tex,081088.tex,34,帝国河畔堡,红莲篇,延夏,30,32,,,,张望,/lookout,064022.tex,25年前帝国军用来当攻占多玛的前哨基地而设立的据点。在控制了多玛之后也曾把这里当成占领统治的据点短时间利用过，但近年来，由于多玛城的重建工程持续推进，中流部分已经被遗弃，这里几乎没人再使用了。,yx,24034
081589.tex,081089.tex,35,茨菰村,红莲篇,延夏,34,18,,,,张望,/lookout,064022.tex,位于延夏的玄水连山的山村。古语“茨菰”的意思是生长在水田等地的一种草，表示这个村子从很久以前就是个种稻的米仓。村民们一直在帝国的残酷统治下保护着这片水田。,yx,24035
081590.tex,081090.tex,36,七彩沟,红莲篇,延夏,30,6,,,,张望,/lookout,064022.tex,流淌着七色水的神奇泉眼。人们认为是因为这里充满了露出地面的优质水晶矿床，在属性之力的作用下才形成了这么美丽的景色。不过，也有传说说这是由天女架起的彩虹之桥而来的。,yx,24036
081591.tex,081091.tex,37,多玛王城,红莲篇,延夏,14,6,,,,张望,/lookout,064022.tex,支配延夏的多玛国的城池。是为了管理既是物流大动脉又是周边地区水源的无二江，而利用突出江面的石山而搭建的。在帝国的支配下，这里被当成了行省的总督府，同时还扩展了军事功能。,yx,24037
081592.tex,081092.tex,38,大龙月门,红莲篇,延夏,19,20,,,,张望,/lookout,064022.tex,为了管理前往无二江的江船而建造的巨大水门。利用了天然的岩石山建造的大龙壁中央，镶嵌着一道满月型的门。帝国军为了加强对河川的支配，在这里增设了魔导结界发生器。,yx,24038
081593.tex,081093.tex,39,弓束官邸,红莲篇,延夏,15,31,,,,张望,/lookout,064022.tex,管理着无二江中流城市的地方官的宅邸。地方官由代代侍奉多玛国主一族的名门弓束家当家担任。多玛叛乱的时候这里被烧成了废墟，现在则成了鲶鱼精们的栖息地。,yx,24039
081594.tex,081094.tex,40,乔尔艾恩石环,红莲篇,太阳神草原,14,9,,,,张望,/lookout,064022.tex,位于巴儿达木霸道附近的石柱群。石柱上刻着游牧民们的古老歌谣。另外，石柱看上去像是随便分布的，但据说每当有风从这里吹过，就会听到类似于古老旋律的声音。,cy,24040
081595.tex,081095.tex,41,朵塔儿水洲,红莲篇,太阳神草原,12,32,,,,张望,/lookout,064022.tex,游牧的暮晖之民朵塔儿部生活的地方。“水洲”意味着这里是一个涌水之处，也是干燥的月神沙漠中极为珍贵的绿洲。在南部的沙漠地带旅行的时候，需要在这里进行最后的补水。,cy,24041
081596.tex,081096.tex,42,暮晖王座,红莲篇,太阳神草原,19,33,,,,张望,/lookout,064022.tex,象征着第一位敖龙族女性“暮晖之母”的巨大石像。意味着这里是月神创造暮晖之母的地方。可是带着沙尘的风不断吹向这里，使得石像渐渐风化，现在已经快要被埋入沙地之中了。,cy,24042
081597.tex,081097.tex,43,重逢集市,红莲篇,太阳神草原,34,31,,,,张望,/lookout,064022.tex,暮晖之民中的凯苏提尔部建立的交易所。“重逢”这个名字象征着分裂成了50多个部族的暮晖之民希望能够在这唯一的地方重新变回一个部族的心愿。现在已经有很多居住在草原的部族加入其中，还有异国的商人也会造访。,cy,24043
081598.tex,081098.tex,44,恰佳遗骨堂,红莲篇,太阳神草原,20,12,,,,祈祷,/pray,064064.tex,安置暮晖之民圣人恰佳的遗骨的地方，据说他曾经英勇对抗巨大的龙，从而保护了人们与家畜。在那达慕大战中胜利的部族会在战后来到这里献上供品，这个传统仪式一直流传至今。,cy,24044
081599.tex,081099.tex,45,晨曦王座,红莲篇,太阳神草原,22,21,,,,张望,/lookout,064022.tex,传说中太阳神创造第一位敖龙族男性“晨曦之父”的圣地。经过了历代的强大部族的统治与重建，现在太阳湖上已经建起了巨大的台座，还有一座耸入云霄的巨大宫殿。,cy,24045
081547.tex,081047.tex,46,破坏神像,红莲篇,神拳痕,10,9,,,,张望,/lookout,064022.tex,破坏与彗星之神拉尔戈的神像。是由星导教的僧侣与信徒们花费了数百年的时光，一点一点地雕凿山岩建造而成的。因其过于巨大，相传就连火烧星导寺的泰奥德里克王也拿它没办法。,sqh,24046
081548.tex,081048.tex,47,血雨的训诫,红莲篇,神拳痕,11,13,,,,张望,/lookout,064022.tex,破坏神像脚下的石碑。上面刻有星导教高僧所留下的话：“七狱门开七天堕泪血雨狂潮动荡破坏神拳所及之处众生皆留痕伤”。,sqh,24047
081549.tex,081049.tex,48,呵欠洞,红莲篇,基拉巴尼亚边区,27,35,,,18:00～04:59,张望,/lookout,064022.tex,欧米茄和神龙的大战所留下的痕迹。神龙如同呵欠一般张大嘴，放出的光芒在地面上留下了这个大洞，因此称为呵欠洞。如果那道光的轨道再稍微偏一点的话，恐怕梅氏的村子就要不保了吧。,bq,24048
081626.tex,081126.tex,49,阿拉基利,红莲篇,基拉巴尼亚山区,14,36,,,,张望,/lookout,064022.tex,基拉巴尼亚山区的驿站。位于从阿拉米格通往乌尔达哈与格里达尼亚两个地区的交通要道，曾也是与东方进行陆路贸易的重要的中转站。在帝国的统治下，则主要以驻扎在军事据点内的兵将们为买家进行交易。,sq,24049
081627.tex,081127.tex,50,御制监望塔2,红莲篇,基拉巴尼亚山区,20,22,,,,张望,/lookout,064022.tex,加雷马帝国军巨大的监视塔。名称的含义为皇帝的监视塔。位于崇山峻岭所环绕的山区的中央，不断监视着帝国支配下的村落。对于阿拉米格的人民们来说，它就是压迫与暴政的象征。,sq,24050
081628.tex,081128.tex,51,沉没的破坏神像,红莲篇,基拉巴尼亚湖区,17,19,,,,张望,/lookout,064022.tex,作为拉尔戈星导教被指定为阿拉米格国教的纪念而被供奉起来的破坏神石像。在阿拉米格最后的王泰奥德里克与星导教对立之时，它被直属于王的近卫队所破坏，沉入到了盐湖之中。,hq,24051
081629.tex,081129.tex,52,阿拉米格人居住区2,红莲篇,基拉巴尼亚湖区,36,33,,,,张望,/lookout,064022.tex,要塞城邦阿拉米格南部的居住区。在帝国的统治下，这里被指定为没有市民权的“安”阶级的人们的居住区，根据对他们的“游荡民”这一蔑称，这里在当时被称为游荡民居住区。而这一歧视性的称呼，如今也成了过去。,hq,24052
081676.tex,081176.tex,53,瑞光像,红莲篇,黄金港,11,9,,,,张望,/lookout,064022.tex,以武辺之瑞光为原型的铜像。他作为在黄金港所在的岛屿“紫州”南部建立末之国的武将而为人所熟知。只是，黄金港本身为幕府直辖领地，因此不属于末之国。,hjc,24053
081677.tex,081177.tex,54,乐座街,红莲篇,黄金港,9,8,,,,张望,/lookout,064022.tex,根据远东之国幕府的特例，与商业有关的限制被大幅减缓的商业街。从贩卖各种商品的店铺，到提供给国内外的商人与旅客的住宿设施和娱乐设施等等，一应俱全。,hjc,24054
081678.tex,081178.tex,55,转魂塔广场,红莲篇,黄金港,12,10,,,,张望,/lookout,064022.tex,转魂塔，即以太之光所在的广场。在远东之国，这种设施自古以来都是由被称为鬼师众的神秘技术集团进行制造并保护管理的。因为这里是交通枢纽，赤诚组的监视也很严格。,hjc,24055
081679.tex,081179.tex,56,黄金船库,红莲篇,黄金港,9,12,,,,张望,/lookout,064022.tex,由黄金港奉行所设立的造船厂。其目的并非是为了建造关船这类的大型船，而是以停泊在黄金港的船只的修理，与小型船只的建造为主。因此，这里的船工们很多也都精通外国船只的构造。,hjc,24056
081680.tex,081180.tex,57,紫水宫,红莲篇,红玉海,5,36,,,,张望,/lookout,064022.tex,静静的矗立于苍玉海沟中的海底宫殿。由居住于红玉海海底的翠水之民们建起，他们的统领红玉公主则居住于其中。不只是外人，就算是翠水之民没有特别许可的话也是禁止入内的。,hyh,24057
081681.tex,081181.tex,58,奥萨德东岸,红莲篇,红玉海,9,19,,,05:00～07:59,张望,/lookout,064022.tex,面向红玉海的奥萨德次大陆东岸地区。历来渔业繁盛，海岸线上散布着许多渔村。这里风光明媚，因此也留下了许多诗词。,hyh,24058
081682.tex,081182.tex,59,痉挛寨,红莲篇,红玉海,21,11,,,,张望,/lookout,064022.tex,支配红玉海的海贼众们的根据地。由于畏惧被认为从神话时代起就耸立于此处的神秘巨塔“天之御柱”的缘故，这里自古以来就被人当成禁忌之地。但是海贼众们不惧于神，在此建立了据点。,hyh,24059
081683.tex,081183.tex,60,高速魔导驱逐艇L-XXIII,红莲篇,延夏,35,38,,,,张望,/lookout,064022.tex,沉没于无二江水底的高速魔导驱逐艇的残骸，舰籍编号中的“L”代表其所属于第十二军团，而“XXIII”则意味着它是第23号舰艇。它的任务曾是镇压多玛叛乱，似乎是被守护延夏的妖狐所击沉。,yx,24060
081684.tex,081184.tex,61,模儿衣楼,红莲篇,太阳神草原,31,11,,,,张望,/lookout,064022.tex,暮晖之民的部族之一，模儿部的居留地。会随着家畜所食用的草的变化而移动的模尔部，每个季节都会变换新的居留地。为此，他们的帐篷也都设计得十分便于移动。,cy,24061
081685.tex,081185.tex,62,莫艾石像,红莲篇,太阳神草原,21,20,,,,张望,/lookout,064022.tex,以人脸为原型的巨大石像。在世界各地都有同样的石像存在，但它们的建造者，建造时间以及目的均不明。根据角的有无以及耳朵的位置，有人认为这些石像是出自人族之手，但也只是推测。,cy,24062
081951,081901,1,圆顶区,漆黑篇,水晶都,8.6,11.2,,,,张望,/lookout,064022.tex,位于水晶都关口的区域，拥有圆形屋顶的建筑，因有圆形大厅密集排列而得名。黑铁架构搭配结晶材料的建筑设计，相信会给到访者留下深刻印象。,sjd,daibu
081952,081902,2,宇宙和音,漆黑篇,水晶都,10.4,13.1,,,,张望,/lookout,064022.tex,水晶都最大的商业区域。虽然名字的意义“宇宙的调和”稍微有些夸张，但除了中庸工艺馆生产的产品以外，还陈列着交易商们运来的安穆·艾兰及珂露西亚岛的各类商品，产品种类之齐全令人惊叹。,sjd,daibu
081953,081903,3,博物陈列馆,漆黑篇,水晶都,9.9,5.9,,,,张望,/lookout,064022.tex,收集了残存在诺弗兰特的所有书籍的大书库，占据三学科（三艺）的文法区的设施。藏书从包括史书在内的各类学术书籍到绘本等，种类繁多。,sjd,daibu
081954,081904,4,炸裂圆塔群,漆黑篇,水晶都,11,4.7,,,,张望,/lookout,064022.tex,水晶都北部的区域。圆柱形的各类建筑物作为居住区域和生产设施、防卫设施等各司其职。对于因光之泛滥而产生的难民来说，希望可以从这里重获新生，因此得名。,sjd,daibu
081955,081905,5,圣林牧场,漆黑篇,水晶都,7.3,9.7,,,,张望,/lookout,064022.tex,以勇人族为中心进行运营的牧场，家畜也是大同小异，从鸡到陆行鸟均有饲养。另外，蕴含有“神圣森林之巢”的意义的名字，代表着阿马罗居住的传说中的理想乡，实际上饲养着众多的阿马罗。,sjd,daibu
081956,081906,6,光荣门,漆黑篇,游末邦,11.7,8.4,,,,张望,/lookout,064022.tex,通往游末邦的树根层的主门。其厚重门扉的内外完全是两个不同的世界。对于众多贫民来说，通过这个门进入城内意味着一种光荣，但也如字面意思，那只不过是个狭小的门而已。,ymb1,daibu
081957,081907,7,废船街,漆黑篇,游末邦,12.5,14,,,,张望,/lookout,064022.tex,位于游末邦基部的贫民区。因光之泛滥导致无法远洋航海，所以远洋船就失去了用武之地，后来便被当作建材形成了这条街。其中还有将船的一部分直接使用形成的建筑存在。,ymb1,daibu
081958,081908,8,游末邦军司令总部,漆黑篇,游末邦,11.1,11.4,,,,张望,/lookout,064022.tex,以强大著称的游末邦军的司令总部。之前总部是设在了树梢层，但伴随着沃斯里元首上任的政策路线的变更，军队的意义下降，因此被转移到了原本是监狱的这一层。,ymb2,daibu
081959,081909,9,蜂箱夜总会,漆黑篇,游末邦,12.3,10.4,,,,张望,/lookout,064022.tex,为给安稳生活的游末邦的自由市民，献上如蜜蜂蛰刺般的刺激为目的而开设的娱乐设施。在此工作的人不论男女均被称为蜜蜂，所有者则拥有“女蜂王”的称号。,ymb3,daibu
081960,081910,10,乔布要塞,漆黑篇,雷克兰德,37.4,20.9,,,,张望,/lookout,064022.tex,负责水晶都的防卫工作的城塞群之一。原本是雷克兰德联邦时代开设的用于骑士修道会的据点，后来利用其废墟而形成的。如今已经崩坏的光耀教会的遗址，可以让人偶尔联想往日的姿态。,reiku,daibu
081961,081911,11,拉迪斯卡瞭望塔,漆黑篇,雷克兰德,18.4,18.8,,,,张望,/lookout,064022.tex,设置于雷克兰德中央的瞭望塔。所谓的拉迪斯卡，是曾经发现了食罪灵大军飞来，因此让众人避难从而拯救了无数生命的士兵的名字。但据说他自己为了牵制敌人而留在塔中，最终战死。,reiku,daibu
081962,081912,12,拉克汕城,漆黑篇,雷克兰德,22.1,15.1,,,,张望,/lookout,064022.tex,曾经的雷克兰德联盟的王城。因在光之泛滥发生前，率领菁灵族的守旧派挺身而出的身为影之王的人物，奋不顾身地进行最后战斗的场所而闻名。另外拉克汕是代表雷克兰德的古菁灵语。,reiku,daibu
081963,081913,13,奥斯塔尔严命城,漆黑篇,雷克兰德,6.3,15.2,,,,张望,/lookout,064022.tex,化为废墟的雷克兰德联邦的城塞。菁灵族的骑士奥斯塔尔面对迫近的食罪灵大军，为了保护百姓，严令部下一步都不许退，奋战到底。如今的名字就是基于这个故事而起的。,reiku,daibu
081964,081914,14,责罚监狱,漆黑篇,雷克兰德,8.7,22.9,,,,张望,/lookout,064022.tex,雷克兰德联邦时代创建的监狱遗迹。位于悬崖下的废墟，曾经是被关押在狱中的牢犯们居住的场所，据说当时被称作铁锁街。不过，如今已变成废墟，连铁锁似乎都生锈了。,reiku,daibu
081965,081915,15,阴沉乡,漆黑篇,雷克兰德,21.5,36.2,,,,张望,/lookout,064022.tex,始源湖湖畔的渔村。通过用桥把杂草岛、砖土岛、疙瘩岛、波浪岛这四个岛连接而构成。因成天板着脸的渔夫众多，因此自虐式地得到了一个“心情不好”的奇怪的村名。,reiku,daibu
081966,081916,16,碎贝海岸,漆黑篇,珂露西亚岛,33.2,28.9,,,,张望,/lookout,064022.tex,附近渔村滞潮村的居民，以裂开的贝壳数量多这一再合适不过的理由而为之起名的沙滩。过去还汇集着众多渔夫，不过如今治安混乱，唯有野蛮的大哥布林到处游荡。,dao,daibu
081967,081917,17,白油瀑布,漆黑篇,珂露西亚岛,28.8,22,,,,张望,/lookout,064022.tex,位于沃茨河中间位置的落差很大的瀑布。由于河流以绝妙的速度流淌，因此没有激起水花，而是径直从悬崖落下。看到这一幕的著名诗人，曾将其比喻为油瀑，因此得名。,dao,daibu
081968,081918,18,门前区,漆黑篇,珂露西亚岛,23.6,38.1,,,,张望,/lookout,064022.tex,期盼移居游末邦的难民聚集，而自然形成的贫民区。尽管居住环境恶劣，但依然会有遭到食罪灵袭击的风险，由于还有粮食妙料的分发，因此人口在不断增长。,dao,daibu
081969,081919,19,工匠村,漆黑篇,珂露西亚岛,18.2,29.3,,,,张望,/lookout,064022.tex,珂露西亚岛南部的农村。拒绝妙料分发的农民们，凭借着过去传下来的大麦和各种蔬菜的栽培手法维持着生计。但是大约一年前，因受到独行食罪灵的袭击，遭到了重创。,dao,daibu
081970,081920,20,大升降机,漆黑篇,珂露西亚岛,12.1,22.1,,,,张望,/lookout,064022.tex,连接珂露西亚岛高地和低地的巨大升降机。曾经是以代达罗斯公司的塔罗斯作为动力启动升降机的，不过自从该公司撤出之后已经放置很久了。据说过去是与矮人族进行交易的要地。,dao,daibu
081971,081921,21,图姆拉村,漆黑篇,珂露西亚岛,13.6,9.8,,,,张望,/lookout,064022.tex,分散在格鲁格火山周围的矮人族的集落之一，图尔家族的人们生活在那里。里面到处都是配合矮人族娇小身材的建筑，在其他种族的人眼中应该就像是个街道模型吧。,dao,daibu
081972,081922,22,侏儒烟囱,漆黑篇,珂露西亚岛,37.1,11.5,,,,张望,/lookout,064022.tex,类似于穿过矮人洞窟后的通风口的地方，因受到格鲁格火山的火山活动的影响，变成了定期喷出温水的间歇泉。其周围会产生硫磺等，对于矮人族来说是重要的场所。,dao,daibu
081973,081923,23,红店野营地,漆黑篇,安穆·艾兰,33.2,13.7,,,,张望,/lookout,064022.tex,水晶都的商队往来于安穆·艾兰之间时作为中转站设计的用于阿马罗的着陆场。为了方便保护收集起来的材料，利用了拿巴示艾兰王国的要塞，沙尔北城的遗址。,anmu,daibu
081974,081924,24,鼹灵集市,漆黑篇,安穆·艾兰,25.3,16.6,,,,张望,/lookout,064022.tex,自古在安穆·艾兰生活的兽人种族，鼹灵族的集落。市场如字面意思，陈列着鼹灵族从荒野各处收集来的物品，如果想要矿物和拿巴示艾兰的遗物的话，这里是首选。,anmu,daibu
081975,081925,25,安穆马利克新宫殿,漆黑篇,安穆·艾兰,28.5,31.9,,,,张望,/lookout,064022.tex,安穆的意思是伟大，而马利克的意思是拿巴示艾兰男性王的称号。曾经是拿巴示艾兰的政治和军事中枢，当成为阻止光之泛滥的基点时，一半被光之波动吞噬而崩塌。,anmu,daibu
081976,081926,26,比朗大矿山,漆黑篇,安穆·艾兰,22.1,9.5,,,,张望,/lookout,064022.tex,比朗山中开发的矿山，以前曾经作为使用了塔罗斯进行大规模开采的中心地区而盛极一时。另外比朗是隆索族的伟人的名字，周围散布有迦利克村和凯尔克遗迹等，同样以故人的名字命名的地名。,anmu,daibu
081977,081927,27,络尾聚落,漆黑篇,安穆·艾兰,11.1,16.9,,,,张望,/lookout,064022.tex,拿巴示艾兰聘请猫秘族的塔罗斯技师开设矿山铁道时，作为与线路铺设相关的工作人员的住处而设立。之后也作为矿山劳动者的村庄保存至今，不过伴随着矿业的衰退，人口也在不断减少。,anmu,daibu
081978,081928,28,凯尔克遗迹,漆黑篇,安穆·艾兰,20.4,21.3,,,,张望,/lookout,064022.tex,隆索族的集落遗址。光之泛滥发生前，由于人口已经迁移至城内而变成了废墟，因此与大战无缘，但对于拾荒者来说则是发现宝物的知名场所。,anmu,daibu
081979,081929,29,群花馆,漆黑篇,伊尔美格,14.8,31.9,,,,张望,/lookout,064022.tex,原本是属于孚布特王国的山村，光之泛滥发生后原住民纷纷搬走，然后仙子族擅自住了进来。由于曾经的主要产业是畜牧业，因此如今在鸟房那里，爱喝羊奶的仙子族仍在养育着绵羊。,meige,daibu
081980,081930,30,笃学者庄园,漆黑篇,伊尔美格,8.7,16.8,,,,张望,/lookout,064022.tex,某位异邦的贤人曾经借住过的设施。原本是因兴趣广泛而为人熟知的孚布特王国的地方领主的宅邸，据说其原本拥有的藏书和器材竟然奇迹般地未被妖灵们破坏，依然完好无损地保存着。,meige,daibu
081981,081931,31,普拉恩尼茸洞,漆黑篇,伊尔美格,20.2,4.6,,,,张望,/lookout,064022.tex,卫德·因克以下，曾经与孚布特王国共存的恩莫族们生活的洞窟。普拉恩尼指的是他们培养出来的大蘑菇，通过将其内部挖空，可以住在里面。,meige,daibu
081982,081932,32,鱼群镇,漆黑篇,伊尔美格,21.4,20.9,,,,张望,/lookout,064022.tex,孚布特王国的王城翠光城的城邑。伊尔美格化为妖灵的国度后，因水妖族将水引入，结果导致如今沉在巨大的身镜湖的湖底，变成了名副其实的鱼群镇。,meige,daibu
081983,081933,33,梦羽城,漆黑篇,伊尔美格,20.8,16.3,,,,张望,/lookout,064022.tex,曾经是孚布特王国的王城。也是化身为灵光卫的妖灵王缇坦妮雅被关押的场所。另外这个名字是妖灵语和孚布特语的合成词，拥有“梦幻羽毛之城”的含义。,meige,daibu
081984,081934,34,圣法斯里克天庭,漆黑篇,伊尔美格,35.7,24.8,,,,张望,/lookout,064022.tex,因在此地进行过苦行而为人熟知的光耀教会的圣人——圣法斯里克而得名的山间的土地。但在如今变成了妖灵国度的伊尔美格，知晓其由来、了解其含义的，应该只剩下恩莫族了。,meige,daibu
081985,081935,35,戈恩要塞,漆黑篇,拉凯提卡大森林,13.6,32.4,,,,张望,/lookout,064022.tex,流入拉凯提卡大森林的夜之民构筑的要塞遗址。因遭到食罪灵大军的袭击而发生了大规模火灾，结果被焚烧殆尽。另外幸存的居民们似乎委身于蛇行枝。,senlin,daibu
081986,081936,36,水蛇宝卵,漆黑篇,拉凯提卡大森林,8.9,25.1,,,,张望,/lookout,064022.tex,因大树支撑而浮在蛇水湖水面上的巨大水晶块。从隆卡帝国更早的远古时代开始，似乎就一直受到这片土地上的人们祭祀，被称为水蛇的巨大存在被封印在其中的传说一直流传至今。,senlin,daibu
081987,081937,37,朵瓦特里沉没神殿,漆黑篇,拉凯提卡大森林,4.3,27.2,,,,张望,/lookout,064022.tex,隆卡帝国建造的石质神殿之一。该帝国瓦解之后，虽然受到某神官一族的保护，但不知何时却被湖水吞没了。据传隆卡皇帝的秘宝就沉眠其中，但真相至今依然是个谜。,senlin,daibu
081988,081938,38,洛查特尔大阶梯,漆黑篇,拉凯提卡大森林,14.1,18.4,,,,张望,/lookout,064022.tex,据传是隆卡神话中登场的巨人洛查特尔创造的阶梯状瀑布。据某位历史学者所说，洛查特尔即是初期的塔罗斯，隆卡文明的壮丽的石质神殿，或许也是由其所创造。,senlin,daibu
081989,081939,39,法诺村,漆黑篇,拉凯提卡大森林,29.1,19,,,,张望,/lookout,064022.tex,奉隆卡皇帝之命，数千年来一直守护着拉凯提卡大森林的遗迹群的维斯族的村庄。不过由于大部分村庄因光之泛滥而毁灭，这个村庄很难单独存续，因此前景令人担忧。,senlin,daibu
081990,081940,40,四晨星,漆黑篇,拉凯提卡大森林,26.4,9.9,,,,张望,/lookout,064022.tex,司掌隆卡大星座的4柱神，即祭祀火之神奥奇斯加托尔、水之女神伊奇丝洛克瓦、风之神奥奇斯恰尔、土之女神伊奇丝安帕的4座金字塔相连形成的遗迹群。对于自认为是隆卡的守护者的法诺村的人来说，这里是圣地一般的存在。,senlin,daibu
081991,081941,41,鳍人潮池,漆黑篇,黑风海,33,16.2,,,,张望,/lookout,064022.tex,构建于黑风海海底的鳍人族的集落。潮池指的是干潮时留在海岸上的海水水洼，因光之泛滥发生时偶然待在陆地上的人们得到永恒的生命，将其设立为临时避难所而得名。,baofeng,daibu
081992,081942,42,奇人工作室,漆黑篇,黑风海,34.5,25.4,,,,张望,/lookout,064022.tex,水晶都出身的某位天才工匠为远离社会文明而用来隐居的工作室。虽然他本人将此处单纯地称为工作室，但是在海底设计工房这种想法本身就已经异于常人了。,baofeng,daibu
081993,081943,43,陆人墓标,漆黑篇,黑风海,37.1,6.6,,,,张望,/lookout,064022.tex,珊瑚丛生的洞窟。由于红珊瑚看起来就像地上人的血管，因此在鳍人族间流传着那里是陆人们的灵魂沉睡的地方的说法。但是作为当事人的陆人却直到近几年才知道这一事实。,baofeng,daibu
081994,081944,44,尊紫洞,漆黑篇,黑风海,34.3,30.6,,,,张望,/lookout,064022.tex,尊紫贝的栖息地。这个魔法螺的贝壳可以用来制作染料，用它染出来的紫色布料，被视作高贵人士的象征而受到重视。在游末邦之所以紫色会受到欢迎，也是因为这个原因。,baofeng,daibu
081995,081945,45,亚马乌罗提,漆黑篇,黑风海,13.7,36.8,,,,张望,/lookout,064022.tex,根据鳍人族的证言，其海底都市是在一夜间形成的。与在海底经过长时间后便会腐朽的其他遗迹明显不同，这里的街道全新，置备也很完善等等，是个充满谜团的地方。,baofeng,daibu
