图片代码,职业,等级,任务,位置,NPC,地图map,排序,生产备注
100867,坦克职能,70,脸有伤疤的男人,水晶都（X10.5 Y16.2）,格兰逊,id=497&x=10.5&y=16.2,91,
100867,坦克职能,72,忘不了的过去,水晶都（X10.5 Y16.2）,格兰逊,id=497&x=10.5&y=16.2,91,
100867,坦克职能,74,追忆往昔,珂露西亚岛（X16.5 Y28.4）,格兰逊,id=492&x=16.5&y=28.4,91,
100867,坦克职能,76,布兰登与绍尔迪雅,安穆·艾兰（X27.3 Y15.6）,格兰逊,id=493&x=27.3&y=15.6,91,
100867,坦克职能,78,摇摆的天平,伊尔美格（X22.7 Y4.0）,苏儿·欧儿,id=494&x=22.7&y=4.0,91,
100867,坦克职能,80,你曾说过的话,伊尔美格（X22.7 Y4.0）,苏儿·欧儿,id=494&x=22.7&y=4.0,91,
101090.tex,坦克职能,85,囚禁森林的死亡锁链,拉札罕（X7.6 Y9.7）,格里达尼亚的驻外武官,id=694&x=7.6&y=9.7,91,
101090.tex,坦克职能,86,求救的呼喊,格里达尼亚新街（X9.8 Y11.3）,白蛇守护人,id=2&x=9.8&y=11.3,91,
101090.tex,坦克职能,87,伪角,格里达尼亚新街（X9.8 Y11.3）,白蛇守护人,id=2&x=9.8&y=11.3,91,
101090.tex,坦克职能,88,盟约证明,格里达尼亚新街（X9.8 Y11.3）,白蛇守护人,id=2&x=9.8&y=11.3,91,
101090.tex,坦克职能,89,兽之心，元灵之心,格里达尼亚新街（X9.8 Y11.3）,白蛇守护人,id=2&x=9.8&y=11.3,91,
101090.tex,坦克职能,90,未来之路,格里达尼亚新街（X9.8 Y11.3）,白蛇守护人,id=2&x=9.8&y=11.3,91,
101301.tex,坦克职能,90,重重积雪之下,图莱尤拉（X:12.9 Y:15.0）,洛泽尼凯,id=620&x=12.9&y=15.0,91,
101301.tex,坦克职能,92,不眠的勇士,伊修加德基础层（X:12.0 Y:10.2）,特恩托瓦,id=218&x=12.0&y=10.2,91,
101301.tex,坦克职能,94,于永梦和永眠之间,伊修加德基础层（X:12.0 Y:10.2）,特恩托瓦,id=218&x=12.0&y=10.2,91,
101301.tex,坦克职能,96,回忆梦中情景,伊修加德基础层（X:12.0 Y:10.2）,特恩托瓦,id=218&x=12.0&y=10.2,91,
101301.tex,坦克职能,98,人与人之间,伊修加德基础层（X:12.0 Y:10.2）,特恩托瓦,id=218&x=12.0&y=10.2,91,
101301.tex,坦克职能,100,不论酣睡还是无眠,伊修加德基础层（X:12.0 Y:10.2）,特恩托瓦,id=218&x=12.0&y=10.2,91,
100868,治疗职能,70,寻找搭档的战士吉奥图,水晶都（X10.7 Y15.4）,吉奥图,id=497&x=10.7&y=15.4,92,
100868,治疗职能,72,节德之光,水晶都（X10.7 Y15.4）,吉奥图,id=497&x=10.7&y=15.4,92,
100868,治疗职能,74,治疗魔法的原理,水晶都（X10.7 Y15.4）,吉奥图,id=497&x=10.7&y=15.4,92,
100868,治疗职能,76,古代大再生魔法,水晶都（X10.7 Y15.4）,吉奥图,id=497&x=10.7&y=15.4,92,
100868,治疗职能,78,坑道的真相,水晶都（X10.7 Y15.4）,吉奥图,id=497&x=10.7&y=15.4,92,
100868,治疗职能,80,光荣的被驱逐者,珂露西亚岛（X12.3 Y9.5）,吉奥图,id=492&x=12.3&y=9.5,92,
101091.tex,治疗职能,85,自由唤醒阿拉米格之兽,拉札罕（X7.5 Y9.6）,阿拉米格的驻外武官,id=694&x=7.5&y=9.6,92,
101091.tex,治疗职能,86,骷髅处刑人,基拉巴尼亚湖区（X36.3 Y31.6）,伪神兽临时部队的战士,id=369&x=36.3&y=31.6,92,
101091.tex,治疗职能,87,无法持剑的英雄,基拉巴尼亚湖区（X36.3 Y31.6）,伪神兽临时部队的战士,id=369&x=36.3&y=31.6,92,
101091.tex,治疗职能,88,立场和责任,基拉巴尼亚湖区（X36.3 Y31.6）,伪神兽临时部队的战士,id=369&x=36.3&y=31.6,92,
101091.tex,治疗职能,89,战友已逝,基拉巴尼亚湖区（X36.3 Y31.6）,伪神兽临时部队的战士,id=369&x=36.3&y=31.6,92,
101091.tex,治疗职能,90,目送生者前行,基拉巴尼亚湖区（X36.3 Y31.6）,伪神兽临时部队的战士,id=369&x=36.3&y=31.6,92,
101302.tex,治疗职能,90,海都毒果风波,图莱尤拉（X:12.0 Y:15.0）,尼皮内,id=620&x=12.0&y=15.0,92,
101302.tex,治疗职能,92,新人冒险者投毒案,（利姆萨·罗敏萨下层甲板 X:8.9 Y:13.4）,洛苏卡纳,id=12&x=8.9&y=13.4,92,
101302.tex,治疗职能,94,与毒共存的人,（利姆萨·罗敏萨下层甲板 X:8.9 Y:13.4）,洛苏卡纳,id=12&x=8.9&y=13.4,92,
101302.tex,治疗职能,96,面对毒素，忍耐者与祛除者,（利姆萨·罗敏萨下层甲板 X:8.9 Y:13.4）,洛苏卡纳,id=12&x=8.9&y=13.4,92,
101302.tex,治疗职能,98,好礼暗藏蛇蝎之毒,（利姆萨·罗敏萨下层甲板 X:8.9 Y:13.4）,洛苏卡纳,id=12&x=8.9&y=13.4,92,
101302.tex,治疗职能,100,剧毒与康复的巅峰对决,（利姆萨·罗敏萨下层甲板 X:8.9 Y:13.4）,洛苏卡纳,id=12&x=8.9&y=13.4,92,
100869,物理职能,70,傲慢与食罪灵,水晶都（X10.8 Y15.9）,芦·利柯,id=497&x=10.8&y=15.9,93,
100869,物理职能,72,任妲·芮的败北,水晶都（X10.8 Y15.9）,芦·利柯,id=497&x=10.8&y=15.9,93,
100869,物理职能,74,芦·利柯的出身,水晶都（X10.8 Y15.9）,芦·利柯,id=497&x=10.8&y=15.9,93,
100869,物理职能,76,勇敢的猎人,水晶都（X10.8 Y15.9）,芦·利柯,id=497&x=10.8&y=15.9,93,
100869,物理职能,78,四处徘徊的勇德,珂露西亚岛（X23.3 Y33.7）,奥尔瓦拉,id=492&x=23.3&y=33.7,93,
100869,物理职能,80,不朽的搭档,珂露西亚岛（X23.3 Y33.7）,芦·利柯,id=492&x=23.3&y=33.7,93,
101092.tex,近战职能,85,风雨欲来,拉札罕（X7.7 Y9.6）,利姆萨·罗敏萨的驻外武官,id=694&x=7.7&y=9.6,93,
101092.tex,近战职能,86,融合派与海啸派,利姆萨·罗敏萨上层甲板（X12.6 Y12.5）,黑涡团书记官,id=11&x=12.6&y=12.5,93,
101092.tex,近战职能,87,海雄旅团，再出击！,利姆萨·罗敏萨上层甲板（X12.6 Y12.5）,黑涡团书记官,id=11&x=12.6&y=12.5,93,
101092.tex,近战职能,88,苍茫之母,利姆萨·罗敏萨上层甲板（X12.6 Y12.5）,黑涡团书记官,id=11&x=12.6&y=12.5,93,
101092.tex,近战职能,89,海雄旅团的秘策,利姆萨·罗敏萨上层甲板（X12.6 Y12.5）,黑涡团书记官,id=11&x=12.6&y=12.5,93,
101092.tex,近战职能,90,驶向融合的巨轮,利姆萨·罗敏萨上层甲板（X12.6 Y12.5）,黑涡团书记官,id=11&x=12.6&y=12.5,93,
101303.tex,近战职能,90,本领高强的猎人,图莱尤拉（X:11.8 Y:14.9）,夏赛帕,id=620&x=11.8&y=14.9,93,
101303.tex,近战职能,92,海域之争,黄金港（X:13.4 Y:10.2）,伊陶喀,id=370&x=13.4&y=10.2,93,
101303.tex,近战职能,94,两个骗子,黄金港（X:13.4 Y:10.2）,伊陶喀,id=370&x=13.4&y=10.2,93,
101303.tex,近战职能,96,五月雨的阴谋,黄金港（X:13.4 Y:10.2）,伊陶喀,id=370&x=13.4&y=10.2,93,
101303.tex,近战职能,98,库伊奇的觉醒,黄金港（X:13.4 Y:10.2）,伊陶喀,id=370&x=13.4&y=10.2,93,
101303.tex,近战职能,100,无可指摘的猎人,黄金港（X:13.4 Y:10.2）,伊陶喀,id=370&x=13.4&y=10.2,93,
100869,物理职能,70,傲慢与食罪灵,水晶都（X10.8 Y15.9）,芦·利柯,id=497&x=10.8&y=15.9,95,
100869,物理职能,72,任妲·芮的败北,水晶都（X10.8 Y15.9）,芦·利柯,id=497&x=10.8&y=15.9,95,
100869,物理职能,74,芦·利柯的出身,水晶都（X10.8 Y15.9）,芦·利柯,id=497&x=10.8&y=15.9,95,
100869,物理职能,76,勇敢的猎人,水晶都（X10.8 Y15.9）,芦·利柯,id=497&x=10.8&y=15.9,95,
100869,物理职能,78,四处徘徊的勇德,珂露西亚岛（X23.3 Y33.7）,奥尔瓦拉,id=492&x=23.3&y=33.7,95,
100869,物理职能,80,不朽的搭档,珂露西亚岛（X23.3 Y33.7）,芦·利柯,id=492&x=23.3&y=33.7,95,
101093.tex,远敏职能,85,无法诉说的悲哀,拉札罕（X7.6 Y9.4）,多玛的驻外武官,id=694&x=7.6&y=9.4,95,
101093.tex,远敏职能,86,黄泉神降临,多玛飞地（X6.5 Y6.9）,夕雾,id=379&x=6.5&y=6.9,95,
101093.tex,远敏职能,87,夕雾归乡,多玛飞地（X6.5 Y6.9）,夕雾,id=379&x=6.5&y=6.9,95,
101093.tex,远敏职能,88,绝望的港,多玛飞地（X6.5 Y6.9）,夕雾,id=379&x=6.5&y=6.9,95,
101093.tex,远敏职能,89,寄宿在遗物中的灵魂,多玛飞地（X6.5 Y6.9）,夕雾,id=379&x=6.5&y=6.9,95,
101093.tex,远敏职能,90,英魂安息,多玛飞地（X6.5 Y6.9）,夕雾,id=379&x=6.5&y=6.9,95,
101304.tex,远敏职能,90,遭遇！敌在盗贼团？！,图莱尤拉（X:12.5 Y:15.0）,拉霍加,id=620&x=12.5&y=15.0,95,
101304.tex,远敏职能,92,调查！寻找盗贼团！,神拳痕（X:11.6 Y:12.1）,西托加,id=366&x=11.6&y=12.1,95,
101304.tex,远敏职能,94,追踪！发现盗贼团！,神拳痕（X:11.6 Y:12.1）,西托加,id=366&x=11.6&y=12.1,95,
101304.tex,远敏职能,96,聊聊！搞好关系大作战！,神拳痕（X:11.6 Y:12.1）,西托加,id=366&x=11.6&y=12.1,95,
101304.tex,远敏职能,98,间谍！盗贼团的大阴谋！,神拳痕（X:11.6 Y:12.1）,西托加,id=366&x=11.6&y=12.1,95,
101304.tex,远敏职能,100,打倒！沙尔托菲特盗贼团！,神拳痕（X:11.6 Y:12.1）,西托加,id=366&x=11.6&y=12.1,95,
100870,法系职能,70,吞噬一切的洞,水晶都（X11.2 Y15.2）,凯瑞格,id=497&x=11.2&y=15.2,94,
100870,法系职能,72,空洞里传来的声音,安穆·艾兰（X25.8 Y16.4）,凯瑞格,id=493&x=25.8&y=16.4,94,
100870,法系职能,74,缇纳的秘密,安穆·艾兰（X25.8 Y16.4）,凯瑞格,id=493&x=25.8&y=16.4,94,
100870,法系职能,76,奈贝尔特的后悔,安穆·艾兰（X25.8 Y16.4）,凯瑞格,id=493&x=25.8&y=16.4,94,
100870,法系职能,78,缇纳，加油,安穆·艾兰（X25.8 Y16.4）,凯瑞格,id=493&x=25.8&y=16.4,94,
100870,法系职能,80,终于又能见到你了,安穆·艾兰（X25.8 Y16.4）,凯瑞格,id=493&x=25.8&y=16.4,94,
101094.tex,法系职能,85,皇都受伤的灵魂,拉札罕（X7.8 Y9.4）,伊修加德的驻外武官,id=694&x=7.8&y=9.4,94,
101094.tex,法系职能,86,无需宽恕，无需救赎,作战会议室（X：6.1 Y5.9）,阿图瓦雷尔,id=744&x=6.1&y=5.9,94,
101094.tex,法系职能,87,唯有正义，唯有复仇,作战会议室（X：6.1 Y5.9）,阿图瓦雷尔,id=744&x=6.1&y=5.9,94,
101094.tex,法系职能,88,决心不灭，信仰不屈,作战会议室（X：6.1 Y5.9）,阿图瓦雷尔,id=744&x=6.1&y=5.9,94,
101094.tex,法系职能,89,伟大的战争神，请引导我们,作战会议室（X：6.1 Y5.9）,阿图瓦雷尔,id=744&x=6.1&y=5.9,94,
101094.tex,法系职能,90,仰望苍穹，不断迈进,作战会议室（X：6.1 Y5.9）,阿图瓦雷尔,id=744&x=6.1&y=5.9,94,
101305.tex,法系职能,90,隐藏在祭器中的力量,图莱尤拉（X:12.8 Y:14.8）,茨黑,id=620&x=12.8&y=14.8,94,
101305.tex,法系职能,92,萨维奈人气王,萨维奈岛（X:25.7 Y:34.0）,帖佩切,id=478&x=25.7&y=34.0,94,
101305.tex,法系职能,94,受欢迎的诀窍,萨维奈岛（X:25.7 Y:34.0）,帖佩切,id=478&x=25.7&y=34.0,94,
101305.tex,法系职能,96,本性暴露,萨维奈岛（X:25.7 Y:34.0）,帖佩切,id=478&x=25.7&y=34.0,94,
101305.tex,法系职能,98,盛名之下的真相,萨维奈岛（X:25.7 Y:34.0）,帖佩切,id=478&x=25.7&y=34.0,94,
101305.tex,法系职能,100,祭器创造的假象,萨维奈岛（X:25.7 Y:34.0）,帖佩切,id=478&x=25.7&y=34.0,94,
100106.tex,骑士,30,自由骑士的誓约,乌尔达哈来生回廊（X9.2 Y11.7）,露露茨,id=14&x=9.2&y=11.7,11,
100106.tex,骑士,35,敬仰的背影,乌尔达哈来生回廊（X10.8 Y11.1）,杰林斯,id=14&x=10.8&y=11.1,11,
100106.tex,骑士,40,失望、愤怒、责任,乌尔达哈来生回廊（X10.8 Y11.1）,杰林斯,id=14&x=10.8&y=11.1,11,
100106.tex,骑士,45,勾心斗角/各怀异心,乌尔达哈来生回廊（X10.8 Y11.1）,杰林斯,id=14&x=10.8&y=11.1,11,
100106.tex,骑士,50,高举骑士的圣剑,乌尔达哈来生回廊（X10.8 Y11.1）,杰林斯,id=14&x=10.8&y=11.1,11,
100433.tex,骑士,50,寻找圣剑,乌尔达哈来生回廊（X10.8 Y11.1）,杰林斯,id=14&x=10.8&y=11.1,11,
100433.tex,骑士,52,雪原的年轻骑士,中萨纳兰（X22.9 Y27.8）,帕帕夏恩,id=21&x=22.9&y=27.8,11,
100433.tex,骑士,54,心中圣剑,库尔札斯西部高地（X32.7 Y36.4）,康斯坦,id=211&x=32.7&y=36.4,11,
100433.tex,骑士,56,灵魂水晶,库尔札斯西部高地（X32.7 Y36.4）,康斯坦,id=211&x=32.7&y=36.4,11,
100433.tex,骑士,58,消灭毒蝎,库尔札斯西部高地（X23.5 Y26.1）,康斯坦,id=211&x=23.5&y=26.1,11,
100433.tex,骑士,60,真正的骑士,库尔札斯西部高地（X32.7 Y36.4）,康斯坦,id=211&x=32.7&y=36.4,11,
100668.tex,骑士,60,斗技大会,乌尔达哈来生回廊-政府层（X10.8 Y11.1）,杰林斯,id=73&x=10.8&y=11.1,11,
100668.tex,骑士,63,大会开始,乌尔达哈来生回廊-政府层（X9.3 Y12.0）,密拉,id=73&x=9.3&y=12.0,11,
100668.tex,骑士,65,纳尔组的战斗,乌尔达哈来生回廊-政府层（X9.3 Y12.0）,密拉,id=73&x=9.3&y=12.0,11,
100668.tex,骑士,68,决赛风波,乌尔达哈来生回廊-政府层（X9.3 Y12.0）,密拉,id=73&x=9.3&y=12.0,11,
100668.tex,骑士,70,为了更强,乌尔达哈来生回廊-政府层（X9.3 Y12.0）,密拉,id=73&x=9.3&y=12.0,11,
100873,骑士,80,坚守之物,乌尔达哈来生回廊（X10.8 Y11.1）,杰林斯,id=73&x=10.8&y=11.1,11,
100109.tex,战士,30,责任与使命,利姆萨·罗敏萨上层甲板（X11.2 Y6.1）,威尔恩兹恩,id=11&x=11.2&y=6.1,12,
100109.tex,战士,35,破壁,东拉诺西亚（X30.6 Y22.9）,居里斯·高吉,id=17&x=30.6&y=22.9,12,
100109.tex,战士,40,原始熔岩,东拉诺西亚（X30.6 Y22.9）,居里斯·高吉,id=17&x=30.6&y=22.9,12,
100109.tex,战士,45,英雄巡礼/较量,东拉诺西亚（X30.6 Y22.9）,居里斯·高吉,id=17&x=30.6&y=22.9,12,
100109.tex,战士,50,顶级战士,东拉诺西亚（X30.6 Y22.9）,居里斯·高吉,id=17&x=30.6&y=22.9,12,
100434.tex,战士,50,传说中的战技,东拉诺西亚（X30.6 Y22.9）,居里斯·高吉,id=17&x=30.6&y=22.9,12,
100434.tex,战士,52,被揭露的战士之秘,东拉诺西亚（X30.6 Y22.9）,居里斯·高吉,id=17&x=30.6&y=22.9,12,
100434.tex,战士,54,追寻上古英雄,拉诺西亚高地（X30.3 Y21.8）,布罗肯·马乌恩坦,id=19&x=30.3&y=21.8,12,
100434.tex,战士,56,不可测的共振,拉诺西亚高地（X30.3 Y21.8）,布罗肯·马乌恩坦,id=19&x=30.3&y=21.8,12,
100434.tex,战士,56,若隐若现的希望,西拉诺西亚（X27.5 Y28.1）,黑涡团正漩尉,id=18&x=27.5&y=28.1,12,
100434.tex,战士,58,斩不断的恐惧,拉诺西亚高地（X30.3 Y21.8）,布罗肯·马乌恩坦,id=19&x=30.3&y=21.8,12,
100434.tex,战士,60,为保护一切的乱击,拉诺西亚高地（X30.3 Y21.8）,布罗肯·马乌恩坦,id=19&x=30.3&y=21.8,12,
100669.tex,战士,60,原初的战士,东拉诺西亚（X30.6 Y22.9）,居里斯·高吉,id=17&x=30.6&y=22.9,12,
100669.tex,战士,63,心口不一,拉诺西亚低地（X25.8 Y35.2）,布罗肯·马乌恩坦,id=16&x=25.8&y=35.2,12,
100669.tex,战士,65,心中的野兽,拉诺西亚低地（X25.8 Y35.2）,布罗肯·马乌恩坦,id=16&x=25.8&y=35.2,12,
100669.tex,战士,68,前往东方,拉诺西亚低地（X25.8 Y35.2）,布罗肯·马乌恩坦,id=16&x=25.8&y=35.2,12,
100669.tex,战士,70,燃烧吧高吉,太阳神草原（X31.9 Y29.5）,居里斯·高吉,id=372&x=31.9&y=29.5,12,
100875,战士,80,战士归来,东拉诺西亚（X30.6 Y22.9）,居里斯·高吉,id=17&x=30.6&y=22.9,12,
100446.tex,暗骑,50,来自深渊,伊修加德砥柱层（X13.2 Y8.8）,皇都的市民,id=219&x=13.2&y=8.8,13,
100446.tex,暗骑,30,暗黑涌动,伊修加德基础层（X11.3 Y12.1）,弗雷,id=218&x=11.3&y=12.1,13,
100446.tex,暗骑,35,悲鸣之声,伊修加德基础层（X11.3 Y12.1）,弗雷,id=218&x=11.3&y=12.1,13,
100446.tex,暗骑,40,英雄所向,伊修加德基础层（X11.3 Y12.1）,弗雷,id=218&x=11.3&y=12.1,13,
100446.tex,暗骑,45,与世为敌,伊修加德基础层（X11.3 Y12.1）,弗雷,id=218&x=11.3&y=12.1,13,
100446.tex,暗骑,50,英雄的幻影,伊修加德基础层（X11.3 Y12.1）,弗雷,id=218&x=11.3&y=12.1,13,
100447.tex,暗骑,50,真正的暗黑骑士,库尔札斯中央高地（X12.9 Y16.1）,精悍的神殿骑士,id=53&x=12.9&y=16.1,13,
100447.tex,暗骑,52,骑士与少女,伊修加德基础层（X13.3 Y12.0）,希德勒格,id=218&x=13.3&y=12.0,13,
100447.tex,暗骑,54,巨大的灵魂,伊修加德基础层（X13.3 Y12.0）,希德勒格,id=218&x=13.3&y=12.0,13,
100447.tex,暗骑,56,真相大白,伊修加德基础层（X13.3 Y12.0）,希德勒格,id=218&x=13.3&y=12.0,13,
100447.tex,暗骑,58,奥义的答案,伊修加德基础层（X13.3 Y12.0）,希德勒格,id=218&x=13.3&y=12.0,13,
100447.tex,暗骑,60,消逝于云海间,伊修加德基础层（X13.3 Y12.0）,希德勒格,id=218&x=13.3&y=12.0,13,
100670.tex,暗骑,60,回忆中的阴影,伊修加德基础层（X13.3 Y12.0）,希德勒格,id=218&x=13.3&y=12.0,13,
100670.tex,暗骑,63,为了赎罪,库尔札斯西部高地（X32.1 Y36.1）,希德勒格,id=211&x=32.1&y=36.1,13,
100670.tex,暗骑,65,遥远的憧憬,龙堡参天高地（X31.7 Y23.4）,希德勒格,id=212&x=31.7&y=23.4,13,
100670.tex,暗骑,68,奇迹的结束,翻云雾海（X27.6 Y35.0）,密斯托,id=214&x=27.6&y=35.0,13,
100670.tex,暗骑,70,再次相见,伊修加德基础层（X13.3 Y12.0）,希德勒格,id=218&x=13.3&y=12.0,13,
100884,暗骑,80,一往无前的孤高骑士,伊修加德：下层（X13.3 Y12.0）,希德勒格,id=218&x=13.3&y=12.0,13,
100871,绝枪战士,60,成为绝枪战士,格里达尼亚新街（X11.5 Y11.9）,実直な神勇队队员,id=2&x=11.5&y=11.9,14,
100871,绝枪战士,60,杀人预告？保护当红演奏家！,黑衣森林东部林区（X17.1 Y21.9）,拉德万,id=5&x=17.1&y=21.9,14,
100871,绝枪战士,63,夫妻矛盾？保护害怕的母子！,乌尔达哈现世回廊（X11.6 Y8.9）,拉德万,id=13&x=11.6&y=8.9,14,
100871,绝枪战士,65,恶因恶果？保护犯罪组织的头目！,利姆萨·罗敏萨上层甲板（X10.8 Y11.2）,拉德万,id=11&x=10.8&y=11.2,14,
100871,绝枪战士,68,强敌来袭？保护流亡的魔导技师！,伊修加德：下层（X12.3 Y11.4）,拉德万,id=218&x=12.3&y=11.4,14,
100871,绝枪战士,70,真正的绝枪战士,伊修加德：下层（X12.3 Y11.4）,苏菲,id=218&x=12.3&y=11.4,14,
100888,绝枪战士,80,另一位绝枪战士,摩杜纳（X21.8 Y8.2）,拉德万,id=25&x=21.8&y=8.2,14,
100110.tex,白魔,30,伟人的后继者,格里达尼亚旧街（X6.0 Y10.6）,艾·斯密·雅恩,id=3&x=6.0&y=10.6,21,
100110.tex,白魔,35,森林的哀叹,黑衣森林南部林区（X18.6 Y27.1）,拉雅·奥·神纳,id=6&x=18.6&y=27.1,21,
100110.tex,白魔,40,角尊的荣誉,黑衣森林南部林区（X18.6 Y27.1）,拉雅·奥·神纳,id=6&x=18.6&y=27.1,21,
100110.tex,白魔,45,伟人的足迹/恶徒的报应,黑衣森林南部林区（X18.6 Y27.1）,拉雅·奥·神纳,id=6&x=18.6&y=27.1,21,
100110.tex,白魔,50,镇抚的仪式,黑衣森林南部林区（X18.6 Y27.1）,拉雅·奥·神纳,id=6&x=18.6&y=27.1,21,
100439.tex,白魔,50,不净之物,黑衣森林南部林区（X18.6 Y27.1）,拉雅·奥·神纳,id=6&x=18.6&y=27.1,21,
100439.tex,白魔,52,踏上净化之旅,黑衣森林北部林区（X20.5 Y24.9）,艾希娃,id=7&x=20.5&y=24.9,21,
100439.tex,白魔,54,收集龙尸的女性,库尔札斯中央高地（X25.6 Y17.3）,艾希娃,id=53&x=25.6&y=17.3,21,
100439.tex,白魔,56,蠢蠢欲动的污秽,库尔札斯西部高地（X31.8 Y35.5）,艾希娃,id=211&x=31.8&y=35.5,21,
100439.tex,白魔,58,否定我的人,龙堡参天高地（X32.2 Y23.0）,艾希娃,id=212&x=32.2&y=23.0,21,
100439.tex,白魔,58,困惑的角尊,龙堡参天高地（X8.9 Y38.0）,艾希娃,id=212&x=8.9&y=38.0,21,
100439.tex,白魔,60,治愈之手,黑衣森林南部林区（X18.6 Y27.1）,拉雅·奥·神纳,id=6&x=18.6&y=27.1,21,
100679.tex,白魔,60,不安的元灵,黑衣森林南部林区（X18.6 Y27.1）,拉雅·奥·神纳,id=6&x=18.6&y=27.1,21,
100679.tex,白魔,63,引来灾祸的少女,基拉巴尼亚边区（X9.0 Y11.9）,希尔菲,id=367&x=9.0&y=11.9,21,
100679.tex,白魔,65,失控的魔力,基拉巴尼亚边区（X9.0 Y11.9）,希尔菲,id=367&x=9.0&y=11.9,21,
100679.tex,白魔,68,角尊严厉的规定,基拉巴尼亚边区（X9.0 Y11.9）,希尔菲,id=367&x=9.0&y=11.9,21,
100679.tex,白魔,70,角尊的宝贝,基拉巴尼亚边区（X8.3 Y28.9）,希尔菲,id=367&x=8.3&y=28.9,21,
100878,白魔,80,治愈之力的源泉,黑衣森林南部林区（X18.6 Y27.1）,拉雅·奥·神纳,id=6&x=18.6&y=27.1,21,
100107.tex,学者,30,被遗忘的学问,利姆萨·罗敏萨下层甲板（X4.5 Y11.2）,缪里,id=12&x=4.5&y=11.2,22,
100107.tex,学者,35,找回失去的记忆,利姆萨·罗敏萨上层甲板（X11.1 Y6.2）,阿尔卡·佐尔卡,id=11&x=11.1&y=6.2,22,
100107.tex,学者,40,现实化的怨恨,利姆萨·罗敏萨上层甲板（X11.1 Y6.2）,阿尔卡·佐尔卡,id=11&x=11.1&y=6.2,22,
100107.tex,学者,45,还原古代设计/军事学治疗法,利姆萨·罗敏萨上层甲板（X11.1 Y6.2）,阿尔卡·佐尔卡,id=11&x=11.1&y=6.2,22,
100107.tex,学者,50,新时代的学者,利姆萨·罗敏萨上层甲板（X11.1 Y6.2）,阿尔卡·佐尔卡,id=11&x=11.1&y=6.2,22,
100441.tex,学者,50,再会石绿湖,利姆萨·罗敏萨上层甲板（X11.1 Y6.2）,阿尔卡·佐尔卡,id=11&x=11.1&y=6.2,22,
100441.tex,学者,52,封印的关键,拉诺西亚高地（X25.6 Y22.3）,斯里托·卡里托,id=19&x=25.6&y=22.3,22,
100441.tex,学者,54,魔法城邦玛哈的阴谋,拉诺西亚高地（X25.6 Y22.3）,斯里托·卡里托,id=19&x=25.6&y=22.3,22,
100441.tex,学者,56,海兵之魂！,拉诺西亚高地（X25.6 Y22.3）,斯里托·卡里托,id=19&x=25.6&y=22.3,22,
100441.tex,学者,58,消失的大妖异,拉诺西亚高地（X25.6 Y22.3）,斯里托·卡里托,id=19&x=25.6&y=22.3,22,
100441.tex,学者,60,新时代的海兵团,拉诺西亚高地（X25.6 Y22.3）,斯里托·卡里托,id=19&x=25.6&y=22.3,22,
100678.tex,学者,60,失踪的冬贝利,利姆萨·罗敏萨上层甲板（X11.1 Y6.2）,阿尔卡·佐尔卡,id=11&x=11.1&y=6.2,22,
100678.tex,学者,63,瑟托托的踪迹,拉诺西亚高地（X25.6 Y22.3）,斯里托·卡里托,id=19&x=25.6&y=22.3,22,
100678.tex,学者,65,唯一的家人,黑衣森林南部林区（X17.0 Y28.7）,阿尔卡·佐尔卡,id=6&x=17.0&y=28.7,22,
100678.tex,学者,68,小仙女的下落,黑衣森林南部林区（X17.0 Y28.7）,阿尔卡·佐尔卡,id=6&x=17.0&y=28.7,22,
100678.tex,学者,70,穿越时空的夙愿,黑衣森林南部林区（X17.0 Y28.7）,阿尔卡·佐尔卡,id=6&x=17.0&y=28.7,22,
100881,学者,80,新次元学者,利姆萨·罗敏萨上层甲板（X11.1 Y6.2）,阿尔卡·佐尔卡,id=11&x=11.1&y=6.2,22,
100442.tex,占星,50,通往天界之路,伊修加德砥柱层（X15.2 Y10.0）,雅内基纳尔,id=219&x=15.2&y=10.0,23,
100442.tex,占星,30,起于累土,黑衣森林南部林区（X25.1 Y22.4）,蕾薇瓦,id=6&x=25.1&y=22.4,23,
100442.tex,占星,35,未卜的前程,伊修加德砥柱层（X15.2 Y10.0）,雅内基纳尔,id=219&x=15.2&y=10.0,23,
100442.tex,占星,40,蕾薇瓦老师的特别授课/随波逐流,伊修加德砥柱层（X15.2 Y10.0）,雅内基纳尔,id=219&x=15.2&y=10.0,23,
100442.tex,占星,45,智慧之水瓶,伊修加德砥柱层（X15.2 Y10.0）,雅内基纳尔,id=219&x=15.2&y=10.0,23,
100442.tex,占星,50,蕾薇瓦老师的特别指导/冰枪的试炼,伊修加德砥柱层（X15.2 Y10.0）,雅内基纳尔,id=219&x=15.2&y=10.0,23,
100443.tex,占星,50,阴谋涌动,库尔札斯中央高地（X25.5 Y29.7）,雅内基纳尔,id=53&x=25.5&y=29.7,23,
100443.tex,占星,52,守护宿命之人,伊修加德砥柱层（X15.2 Y10.0）,雅内基纳尔,id=219&x=15.2&y=10.0,23,
100443.tex,占星,54,交织的命运,伊修加德砥柱层（X15.2 Y10.0）,雅内基纳尔,id=219&x=15.2&y=10.0,23,
100443.tex,占星,56,传承梦想与挑战,伊修加德砥柱层（X15.2 Y10.0）,雅内基纳尔,id=219&x=15.2&y=10.0,23,
100443.tex,占星,58,守护睿智之人,伊修加德砥柱层（X15.2 Y10.0）,雅内基纳尔,id=219&x=15.2&y=10.0,23,
100443.tex,占星,60,命运之手,伊修加德砥柱层（X15.2 Y10.0）,雅内基纳尔,id=219&x=15.2&y=10.0,23,
100680.tex,占星,60,东西碰撞,伊修加德砥柱层（X15.2 Y10.0）,雅内基纳尔,id=219&x=15.2&y=10.0,23,
100680.tex,占星,63,去势如风,伊修加德砥柱层（X15.1 Y9.8）,蕾薇瓦,id=219&x=15.1&y=9.8,23,
100680.tex,占星,65,黄金港的护城结界,伊修加德砥柱层（X15.2 Y10.0）,雅内基纳尔,id=219&x=15.2&y=10.0,23,
100680.tex,占星,68,风起云涌黄金港,黄金港（X13.2 Y12.9）,旭峰,id=370&x=13.2&y=12.9,23,
100680.tex,占星,70,天地交融,黄金港（X13.2 Y12.9）,旭峰,id=370&x=13.2&y=12.9,23,
100885,占星,80,蕾薇瓦恋爱了？,伊修加德：上层（X15.2 Y10.0）,雅内基纳尔,id=219&x=15.2&y=10.0,23,
101095.tex,贤者,70,贤者的誓词,利姆萨·罗敏萨下层甲板（X9.4 Y12.9）,北洋风格的女性,id=12&x=9.4&y=12.9,24,
101095.tex,贤者,70,贤者的进化,中拉诺西亚（X20.9 Y24.7）,菈菈·基恩加尔,id=15&x=20.9&y=24.7,24,
101095.tex,贤者,73,是毒还是药,田园郡（X6.1 Y5.7）,菈菈·基恩加尔,id=257&x=6.1&y=5.7,24,
101095.tex,贤者,75,搅乱命理之人,田园郡（X6.1 Y5.7）,菈菈·基恩加尔,id=257&x=6.1&y=5.7,24,
101095.tex,贤者,78,誓言化作希望,田园郡（X6.1 Y5.7）,菈菈·基恩加尔,id=257&x=6.1&y=5.7,24,
101095.tex,贤者,80,生命瞬逝，术道恒久,田园郡（X6.1 Y5.7）,菈菈·基恩加尔,id=257&x=6.1&y=5.7,24,
100105.tex,武僧,30,亡国的雷鸣,乌尔达哈现世回廊（X9.4 Y10.2）,伽伽鲁纳,id=13&x=9.4&y=10.2,31,
100105.tex,武僧,35,蓝色的战场,乌尔达哈来生回廊（X10.6 Y13.1）,艾里克,id=14&x=10.6&y=13.1,31,
100105.tex,武僧,40,不和的旋律,乌尔达哈来生回廊（X10.6 Y13.1）,艾里克,id=14&x=10.6&y=13.1,31,
100105.tex,武僧,45,脉轮的波纹/无明的内地,乌尔达哈来生回廊（X10.6 Y13.1）,艾里克,id=14&x=10.6&y=13.1,31,
100105.tex,武僧,50,废王的回归,乌尔达哈来生回廊（X10.6 Y13.1）,艾里克,id=14&x=10.6&y=13.1,31,
100435.tex,武僧,50,全新的脉轮,乌尔达哈来生回廊（X10.6 Y13.1）,艾里克,id=14&x=10.6&y=13.1,31,
100435.tex,武僧,52,太阴与太阳,摩杜纳（X21.7 Y7.8）,维达盖尔特,id=25&x=21.7&y=7.8,31,
100435.tex,武僧,54,杰恩茶与夏可哈,摩杜纳（X21.7 Y7.8）,维达盖尔特,id=25&x=21.7&y=7.8,31,
100435.tex,武僧,56,第七脉轮,摩杜纳（X21.7 Y7.8）,维达盖尔特,id=25&x=21.7&y=7.8,31,
100435.tex,武僧,58,笼中之鸟,摩杜纳（X21.7 Y7.8）,维达盖尔特,id=25&x=21.7&y=7.8,31,
100435.tex,武僧,60,力量与责任,摩杜纳（X21.7 Y7.8）,维达盖尔特,id=25&x=21.7&y=7.8,31,
100672.tex,武僧,60,新的决意,乌尔达哈来生回廊（X10.6 Y13.1）,艾里克,id=14&x=10.6&y=13.1,31,
100672.tex,武僧,63,僧人返乡,摩杜纳（X21.7 Y7.8）,维达盖尔特,id=25&x=21.7&y=7.8,31,
100672.tex,武僧,65,拳圣再临,基拉巴尼亚山区（X22.5 Y5.6）,维达盖尔特,id=368&x=22.5&y=5.6,31,
100672.tex,武僧,68,自己的路,基拉巴尼亚山区（X22.5 Y5.6）,维达盖尔特,id=368&x=22.5&y=5.6,31,
100672.tex,武僧,70,守护之力,基拉巴尼亚山区（X22.5 Y5.6）,维达盖尔特,id=368&x=22.5&y=5.6,31,
100874,武僧,80,星导继承者,乌尔达哈来生回廊（X10.6 Y13.1）,艾里克,id=14&x=10.6&y=13.1,31,
100104.tex,龙骑,30,龙眼,格里达尼亚旧街（X14.3 Y5.8）,伊维因,id=3&x=14.3&y=5.8,32,
100104.tex,龙骑,35,战神之枪,库尔札斯中央高地（X25.8 Y28.3）,雅伯里克,id=53&x=25.8&y=28.3,32,
100104.tex,龙骑,40,无法抹消的爪痕,库尔札斯中央高地（X25.8 Y28.3）,雅伯里克,id=53&x=25.8&y=28.3,32,
100104.tex,龙骑,45,双龙邂逅/邪龙之声,库尔札斯中央高地（X25.8 Y28.3）,雅伯里克,id=53&x=25.8&y=28.3,32,
100104.tex,龙骑,50,苍天之龙骑士,库尔札斯中央高地（X25.8 Y28.3）,雅伯里克,id=53&x=25.8&y=28.3,32,
100489.tex,龙骑,50,飞跃极限,库尔札斯中央高地（X25.8 Y28.3）,雅伯里克,id=53&x=25.8&y=28.3,32,
100489.tex,龙骑,52,与众不同的力量,库尔札斯中央高地（X25.8 Y28.3）,雅伯里克,id=53&x=25.8&y=28.3,32,
100489.tex,龙骑,52,骑士的誓言,库尔札斯西部高地（X26.6 Y20.6）,厄丝蒂安,id=211&x=26.6&y=20.6,32,
100489.tex,龙骑,54,飞枪游隼,库尔札斯中央高地（X25.8 Y28.3）,雅伯里克,id=53&x=25.8&y=28.3,32,
100489.tex,龙骑,56,龙骑士的使命,库尔札斯中央高地（X25.8 Y28.3）,雅伯里克,id=53&x=25.8&y=28.3,32,
100489.tex,龙骑,58,血染的命运,库尔札斯中央高地（X25.8 Y28.3）,雅伯里克,id=53&x=25.8&y=28.3,32,
100489.tex,龙骑,60,誓言与枪同在,库尔札斯中央高地（X25.8 Y28.3）,雅伯里克,id=53&x=25.8&y=28.3,32,
100671.tex,龙骑,60,寻龙之旅,库尔札斯中央高地（X25.8 Y28.3）,雅伯里克,id=53&x=25.8&y=28.3,32,
100671.tex,龙骑,63,沉睡的猛龙,库尔札斯中央高地（X25.8 Y28.3）,雅伯里克,id=53&x=25.8&y=28.3,32,
100671.tex,龙骑,65,红玉海怪龙,库尔札斯中央高地（X25.8 Y28.3）,雅伯里克,id=53&x=25.8&y=28.3,32,
100671.tex,龙骑,68,漆黑的巨龙,黄金港（X9.3 Y7.3）,奥恩·凯,id=370&x=9.3&y=7.3,32,
100671.tex,龙骑,70,红血之龙骑士,太阳神草原（X32.0 Y26.9）,奥恩·凯,id=372&x=32.0&y=26.9,32,
100876,龙骑,80,献给那孤高的守护者,库尔札斯中央高地（X25.8 Y28.3）,雅伯里克,id=53&x=25.8&y=28.3,32,
100327.tex,忍者,30,月与影,利姆萨·罗敏萨下层甲板（X8.1 Y16.5）,贾可,id=12&x=8.1&y=16.5,33,
100327.tex,忍者,30,刃与心,东拉诺西亚（X20.8 Y26.6）,胧,id=17&x=20.8&y=26.6,33,
100327.tex,忍者,35,术与印/胧与鸦,东拉诺西亚（X21.3 Y26.5）,燕,id=17&x=21.3&y=26.5,33,
100327.tex,忍者,40,忍与盗,东拉诺西亚（X20.8 Y26.6）,胧,id=17&x=20.8&y=26.6,33,
100327.tex,忍者,40,静与动,拉诺西亚高地（X30.9 Y22.8）,胧,id=19&x=30.9&y=22.8,33,
100327.tex,忍者,45,静与动,东拉诺西亚（X20.8 Y26.6）,胧,id=17&x=20.8&y=26.6,33,
100327.tex,忍者,45,心与行,中拉诺西亚（X17.6 Y7.7）,胧,id=15&x=17.6&y=7.7,33,
100327.tex,忍者,50,师与徒,东拉诺西亚（X20.8 Y26.6）,胧,id=17&x=20.8&y=26.6,33,
100436.tex,忍者,50,主与仆,东拉诺西亚（X20.8 Y26.6）,胧,id=17&x=20.8&y=26.6,33,
100436.tex,忍者,52,国与宝,东拉诺西亚（X20.8 Y26.6）,胧,id=17&x=20.8&y=26.6,33,
100436.tex,忍者,54,追与逃,东拉诺西亚（X20.8 Y26.6）,胧,id=17&x=20.8&y=26.6,33,
100436.tex,忍者,56,冰与命,东拉诺西亚（X20.8 Y26.6）,胧,id=17&x=20.8&y=26.6,33,
100436.tex,忍者,58,圆与缺,东拉诺西亚（X20.8 Y26.6）,胧,id=17&x=20.8&y=26.6,33,
100436.tex,忍者,60,雪与雨,东拉诺西亚（X20.8 Y26.6）,胧,id=17&x=20.8&y=26.6,33,
100673.tex,忍者,60,携卷潜逃,东拉诺西亚（X20.8 Y26.6）,胧,id=17&x=20.8&y=26.6,33,
100673.tex,忍者,63,澡堂大作战,东拉诺西亚（X20.9 Y26.7）,阳明,id=17&x=20.9&y=26.7,33,
100673.tex,忍者,65,鸦的游戏,黄金港（X13.5 Y10.4）,胧,id=370&x=13.5&y=10.4,33,
100673.tex,忍者,68,始祖密令,延夏（X29.7 Y19.4）,贾可,id=354&x=29.7&y=19.4,33,
100673.tex,忍者,70,影隐忍法贴,延夏（X29.7 Y19.5）,胧,id=354&x=29.7&y=19.5,33,
100882,忍者,80,胧的秘策,东拉诺西亚（X20.8 Y26.6）,胧,id=17&x=20.8&y=26.6,33,
100682.tex,武士,50,武士之路,乌尔达哈现世回廊（X9.2 Y9.1）,沙之都的居民,id=13&x=9.2&y=9.1,34,
100682.tex,武士,50,老剑豪无双斋,乌尔达哈来生回廊（X9.4 Y12.4）,无双斋,id=14&x=9.4&y=12.4,34,
100682.tex,武士,52,沙都穷人遭奴役,乌尔达哈现世回廊（X11.9 Y9.5）,无双斋,id=13&x=11.9&y=9.5,34,
100682.tex,武士,54,海都路人身首异,利姆萨·罗敏萨上层甲板（X11.4 Y10.9）,无双斋,id=11&x=11.4&y=10.9,34,
100682.tex,武士,56,森都骗子真情溢,格里达尼亚新街（X12.1 Y13.2）,无双斋,id=2&x=12.1&y=13.2,34,
100682.tex,武士,58,皇都鸳鸯崖下呓,伊修加德基础层（X13.4 Y12.4）,无双斋,id=218&x=13.4&y=12.4,34,
100682.tex,武士,60,极恶之人木枯,伊修加德基础层（X13.4 Y12.4）,莫莫吉格,id=218&x=13.4&y=12.4,34,
100684.tex,武士,60,凛然的女武士,乌尔达哈现世回廊（X11.9 Y9.5）,莫莫吉格,id=13&x=11.9&y=9.5,34,
100684.tex,武士,63,风云赤诚组,乌尔达哈现世回廊（X11.9 Y9.5）,莫莫吉格,id=13&x=11.9&y=9.5,34,
100684.tex,武士,65,松叶门外之变,黄金港（X13.8 Y8.0）,真琴,id=370&x=13.8&y=8.0,34,
100684.tex,武士,68,讨伐雨月,黄金港（X13.8 Y8.0）,真琴,id=370&x=13.8&y=8.0,34,
100684.tex,武士,70,决战龟甲岛,黄金港（X13.8 Y8.0）,真琴,id=370&x=13.8&y=8.0,34,
100886,武士,80,仗剑行侠无双斋传,黄金港(X13.8 Y8.0),真琴,id=370&x=13.8&y=8.0,34,
101096.tex,钐镰客,70,何谓钐镰客,乌尔达哈现世回廊（X12.8 Y8.6）,焦急的佣人,id=13&x=12.8&y=8.6,311,
101096.tex,钐镰客,70,大镰的意义,夜游魂总部（X6.1 Y6.0）,德鲁西拉,id=741&x=6.1&y=6.0,311,
101096.tex,钐镰客,73,搜寻脸色苍白的男子,夜游魂总部（X6.1 Y6.0）,德鲁西拉,id=741&x=6.1&y=6.0,311,
101096.tex,钐镰客,75,反击,夜游魂总部（X6.1 Y6.0）,德鲁西拉,id=741&x=6.1&y=6.0,311,
101096.tex,钐镰客,78,浓于血的关系,夜游魂总部（X6.1 Y6.0）,德鲁西拉,id=741&x=6.1&y=6.0,311,
101096.tex,钐镰客,80,暗杀道,夜游魂总部（X6.1 Y6.0）,德鲁西拉,id=741&x=6.1&y=6.0,311,
101293.tex,蝰蛇剑士,80,自称蝰蛇剑士的男人,乌尔达哈现世回廊（X:9.3 Y:9.2）,发愁的裁衣匠,id=13&x=9.3&y=9.2,312,
101293.tex,蝰蛇剑士,80,蝰蛇剑士的使命,乌尔达哈来生回廊（X:13.0 Y:12.1）,克苏夸,id=14&x=13.0&y=12.1,312,
101293.tex,蝰蛇剑士,83,不可对野兽轻举妄动,乌尔达哈来生回廊（X:13.0 Y:12.1）,克苏夸,id=14&x=13.0&y=12.1,312,
101293.tex,蝰蛇剑士,85,蝰蛇剑士的狩猎,黑衣森林南部林区（X:25.5 Y:20.0）,克苏夸,id=6&x=25.5&y=20.0,312,
101293.tex,蝰蛇剑士,88,气味指示之物,黑衣森林南部林区（X:25.5 Y:20.0）,克苏夸,id=6&x=25.5&y=20.0,312,
101293.tex,蝰蛇剑士,90,图拉尔威爪猎手,黑衣森林南部林区（X:25.5 Y:20.0）,克苏夸,id=6&x=25.5&y=20.0,312,
100103.tex,诗人,30,诗与弓交织的旋律,格里达尼亚新街（X15.4 Y11.9）,吕西安娜,id=2&x=15.4&y=11.9,35,
100103.tex,诗人,35,弓兵的战歌,黑衣森林南部林区（X21.8 Y21.3）,让泰尔,id=6&x=21.8&y=21.3,35,
100103.tex,诗人,40,光阴神的境地,黑衣森林南部林区（X21.8 Y21.3）,让泰尔,id=6&x=21.8&y=21.3,35,
100103.tex,诗人,45,罪孽深重的愚者/渴求净罪之地,黑衣森林南部林区（X21.8 Y21.3）,让泰尔,id=6&x=21.8&y=21.3,35,
100103.tex,诗人,50,生命的赞歌,黑衣森林南部林区（X21.8 Y21.3）,让泰尔,id=6&x=21.8&y=21.3,35,
100437.tex,诗人,50,一路向西,黑衣森林南部林区（X21.8 Y21.3）,让泰尔,id=6&x=21.8&y=21.3,35,
100437.tex,诗人,52,诗人的风情,伊修加德基础层（X10.1 Y11.8）,桑松,id=218&x=10.1&y=11.8,35,
100437.tex,诗人,54,风雪中的悲歌,库尔札斯西部高地（X31.4 Y36.5）,桑松,id=211&x=31.4&y=36.5,35,
100437.tex,诗人,56,为信仰而歌唱,龙堡参天高地（X33.4 Y23.8）,桑松,id=212&x=33.4&y=23.8,35,
100437.tex,诗人,58,诗圣就在天空中,龙堡参天高地（X33.4 Y23.8）,桑松,id=212&x=33.4&y=23.8,35,
100437.tex,诗人,60,终焉的战歌,翻云雾海（X30.1 Y36.4）,桑松,id=214&x=30.1&y=36.4,35,
100674.tex,诗人,60,两人与又一人,黑衣森林南部林区（X21.8 Y21.3）,让泰尔,id=6&x=21.8&y=21.3,35,
100674.tex,诗人,63,蒙面团伙,基拉巴尼亚边区（X8.4 Y11.0）,桑松,id=367&x=8.4&y=11.0,35,
100674.tex,诗人,65,红叶战争秘辛,基拉巴尼亚边区（X8.4 Y11.0）,桑松,id=367&x=8.4&y=11.0,35,
100674.tex,诗人,68,各自的决断,基拉巴尼亚边区（X8.4 Y11.0）,桑松,id=367&x=8.4&y=11.0,35,
100674.tex,诗人,70,和平颂歌,格里达尼亚新街（X10.1 Y11.6）,吉德洛,id=2&x=10.1&y=11.6,35,
100877,诗人,80,响彻云霄的三重奏,黑衣森林南部林区（X21.8 Y21.3）,让泰尔,id=6&x=21.8&y=21.3,35,
100444.tex,机工,50,工房救星,伊修加德基础层（X8.1 Y10.1）,斯特凡尼维安,id=218&x=8.1&y=10.1,36,
100444.tex,机工,30,教官的考验,拉诺西亚外地（X19.5 Y17.9）,罗斯特恩斯塔尔,id=30&x=19.5&y=17.9,36,
100444.tex,机工,35,兵器研发,伊修加德基础层（X8.1 Y10.1）,斯特凡尼维安,id=218&x=8.1&y=10.1,36,
100444.tex,机工,40,机械伙伴/决战黄龙,伊修加德基础层（X8.1 Y10.1）,斯特凡尼维安,id=218&x=8.1&y=10.1,36,
100444.tex,机工,45,劣势/血染沙滩,伊修加德基础层（X8.1 Y10.1）,斯特凡尼维安,id=218&x=8.1&y=10.1,36,
100444.tex,机工,50,逆境/赌上名誉的战斗,伊修加德基础层（X8.1 Y10.1）,斯特凡尼维安,id=218&x=8.1&y=10.1,36,
100445.tex,机工,50,急转！意外的打击,伊修加德基础层（X8.1 Y10.1）,斯特凡尼维安,id=218&x=8.1&y=10.1,36,
100445.tex,机工,52,崩坏！青年的理想,伊修加德基础层（X8.1 Y10.1）,斯特凡尼维安,id=218&x=8.1&y=10.1,36,
100445.tex,机工,54,漂泊！枪手的真心,伊修加德基础层（X8.1 Y10.1）,斯特凡尼维安,id=218&x=8.1&y=10.1,36,
100445.tex,机工,56,挽回！败者的真相,伊修加德基础层（X8.1 Y10.1）,斯特凡尼维安,id=218&x=8.1&y=10.1,36,
100445.tex,机工,58,包围！缜密的谋略/惭愧！锈铁的罪孽,伊修加德基础层（X8.1 Y10.1）,斯特凡尼维安,id=218&x=8.1&y=10.1,36,
100445.tex,机工,60,瞄准！我们的未来,伊修加德基础层（X8.1 Y10.1）,斯特凡尼维安,id=218&x=8.1&y=10.1,36,
100675.tex,机工,60,冒险者教官,伊修加德基础层（X8.1 Y10.1）,斯特凡尼维安,id=218&x=8.1&y=10.1,36,
100675.tex,机工,63,火枪与宝剑,伊修加德基础层（X11.4 Y12.0）,希尔达,id=218&x=11.4&y=12.0,36,
100675.tex,机工,65,进击的火枪队,伊修加德基础层（X11.4 Y12.0）,希尔达,id=218&x=11.4&y=12.0,36,
100675.tex,机工,68,火枪队发现疑点,伊修加德基础层（X11.4 Y12.0）,希尔达,id=218&x=11.4&y=12.0,36,
100675.tex,机工,70,认同彼此,伊修加德基础层（X11.4 Y12.0）,希尔达,id=218&x=11.4&y=12.0,36,
100883,机工,80,开创！机工士的明天,伊修加德：下层（X8.1 Y10.1）,斯特凡尼维安,id=218&x=8.1&y=10.1,36,
100872,舞者,60,舞者降临,利姆萨·罗敏萨下层甲板（X9.8 Y12.0）,兴奋的海都居民,id=12&x=9.8&y=12.0,37,
100872,舞者,60,初次登台,利姆萨·罗敏萨下层甲板（X9.1 Y15.1）,娜休梅拉,id=12&x=9.1&y=15.1,37,
100872,舞者,63,萨纳兰的诡异舞蹈,东拉诺西亚（X31.0 Y30.4）,娜休梅拉,id=17&x=31.0&y=30.4,37,
100872,舞者,65,弥漫在黑衣森林的不安,乌尔达哈现世回廊（X12.1 Y8.8）,娜休梅拉,id=13&x=12.1&y=8.8,37,
100872,舞者,68,老师的信赖,格里达尼亚新街（X10.0 Y11.8）,娜休梅拉,id=2&x=10.0&y=11.8,37,
100872,舞者,70,最精彩的演出,格里达尼亚新街（X10.0 Y11.8）,拉娜·米果,id=2&x=10.0&y=11.8,37,
100889,舞者,80,向新天地进发,利姆萨·罗敏萨下层甲板（X9.1 Y15.1）,娜休梅拉,id=12&x=9.1&y=15.1,37,
100102.tex,黑魔,30,罪人的低语，命运的神谕,乌尔达哈现世回廊（X7.3 Y12.4）,雅雅凯,id=13&x=7.3&y=12.4,38,
100102.tex,黑魔,35,预言的时刻，献祭的鲜血,乌尔达哈来生回廊（X12.9 Y13.5）,菈菈伊,id=14&x=12.9&y=13.5,38,
100102.tex,黑魔,40,他乡的知己，异族的友人,乌尔达哈来生回廊（X12.9 Y13.5）,菈菈伊,id=14&x=12.9&y=13.5,38,
100102.tex,黑魔,45,劝诱的迷雾，阴沉的门扉,东萨纳兰（X27.9 Y21.3）,卡扎古·春,id=22&x=27.9&y=21.3,38,
100102.tex,黑魔,45,求索的旅途，绸缪的出路,东萨纳兰（X27.9 Y21.3）,卡扎古·春,id=22&x=27.9&y=21.3,38,
100102.tex,黑魔,50,黑魔的引导，法师的真实,东萨纳兰（X27.9 Y21.3）,卡扎古·春,id=22&x=27.9&y=21.3,38,
100438.tex,黑魔,50,尘封的禁书，黑色的秘术,乌尔达哈来生回廊（X12.9 Y13.5）,菈菈伊,id=14&x=12.9&y=13.5,38,
100438.tex,黑魔,52,意外的行程，惩恶的道士,乌尔达哈来生回廊（X12.9 Y13.5）,菈菈伊,id=14&x=12.9&y=13.5,38,
100438.tex,黑魔,54,邪恶的组织，狡黠的计划,乌尔达哈来生回廊（X12.9 Y13.5）,菈菈伊,id=14&x=12.9&y=13.5,38,
100438.tex,黑魔,56,失控的力量，染血的悲剧,乌尔达哈来生回廊（X12.9 Y13.5）,菈菈伊,id=14&x=12.9&y=13.5,38,
100438.tex,黑魔,58,鲁莽的制裁，正义的光辉,乌尔达哈来生回廊（X12.9 Y13.5）,菈菈伊,id=14&x=12.9&y=13.5,38,
100438.tex,黑魔,60,破坏的烈焰，治愈的清流,乌尔达哈来生回廊（X12.9 Y13.5）,菈菈伊,id=14&x=12.9&y=13.5,38,
100676.tex,黑魔,60,隐藏的咒文,乌尔达哈来生回廊（X12.9 Y13.5）,菈菈伊,id=14&x=12.9&y=13.5,38,
100676.tex,黑魔,63,狂躁的巨像,乌尔达哈来生回廊（X12.9 Y13.5）,菈菈伊,id=14&x=12.9&y=13.5,38,
100676.tex,黑魔,65,为了破坏,乌尔达哈来生回廊（X12.9 Y13.5）,菈菈伊,id=14&x=12.9&y=13.5,38,
100676.tex,黑魔,68,魔石的渴求,乌尔达哈来生回廊（X12.9 Y13.5）,菈菈伊,id=14&x=12.9&y=13.5,38,
100676.tex,黑魔,70,通向未来的记忆,乌尔达哈来生回廊（X12.9 Y13.5）,菈菈伊,id=14&x=12.9&y=13.5,38,
100879,黑魔,80,精诚所至，金石为开,乌尔达哈来生回廊（X12.9 Y13.5）,菈菈伊,id=14&x=12.9&y=13.5,38,
100108.tex,召唤,30,业火的召唤,利姆萨·罗敏萨下层甲板（X4.7 Y11.4）,图比尔盖姆,id=12&x=4.7&y=11.4,39,
100108.tex,召唤,35,大地的召唤,格里达尼亚旧街（X10.9 Y6.3）,雅·蜜特拉,id=3&x=10.9&y=6.3,39,
100108.tex,召唤,40,黑色召唤师的暗影,格里达尼亚旧街（X10.9 Y6.3）,雅·蜜特拉,id=3&x=10.9&y=6.3,39,
100108.tex,召唤,45,亚拉戈装束/烈风的召唤,格里达尼亚旧街（X10.9 Y6.3）,雅·蜜特拉,id=3&x=10.9&y=6.3,39,
100108.tex,召唤,50,邪道与正道,格里达尼亚旧街（X10.9 Y6.3）,雅·蜜特拉,id=3&x=10.9&y=6.3,39,
100440.tex,召唤,50,亚拉戈的遗物,格里达尼亚旧街（X10.9 Y6.3）,雅·蜜特拉,id=3&x=10.9&y=6.3,39,
100440.tex,召唤,52,究明事实,格里达尼亚旧街（X10.9 Y6.3）,雅·蜜特拉,id=3&x=10.9&y=6.3,39,
100440.tex,召唤,54,追寻真相,乌尔达哈现世回廊（X8.7 Y9.3）,丹兴·伍尔夫,id=13&x=8.7&y=9.3,39,
100440.tex,召唤,56,黑衣男子,乌尔达哈现世回廊（X8.7 Y9.3）,丹兴·伍尔夫,id=13&x=8.7&y=9.3,39,
100440.tex,召唤,58,召唤远古之力,乌尔达哈现世回廊（X8.7 Y9.3）,丹兴·伍尔夫,id=13&x=8.7&y=9.3,39,
100440.tex,召唤,60,破除黑暗，绽放光明,乌尔达哈现世回廊（X8.7 Y9.3）,丹兴·伍尔夫,id=13&x=8.7&y=9.3,39,
100677.tex,召唤,60,苏醒的使者,格里达尼亚旧街（X10.9 Y6.3）,雅·蜜特拉,id=3&x=10.9&y=6.3,39,
100677.tex,召唤,63,小原的试炼,格里达尼亚旧街（X10.9 Y6.3）,雅·蜜特拉,id=3&x=10.9&y=6.3,39,
100677.tex,召唤,65,隐形的威胁,格里达尼亚旧街（X10.9 Y6.3）,雅·蜜特拉,id=3&x=10.9&y=6.3,39,
100677.tex,召唤,68,亚拉戈的记录,格里达尼亚旧街（X10.9 Y6.3）,雅·蜜特拉,id=3&x=10.9&y=6.3,39,
100677.tex,召唤,70,召唤师的使命,格里达尼亚旧街（X10.9 Y6.3）,雅·蜜特拉,id=3&x=10.9&y=6.3,39,
100880,召唤,80,次优召唤师,格里达尼亚旧街（X10.9 Y6.3）,雅·蜜特拉,id=3&x=10.9&y=6.3,39,
100681.tex,赤魔,50,成为赤魔法师,乌尔达哈来生回廊（X14.1 Y11.7）,泪汪汪的少女,id=14&x=14.1&y=11.7,310,
100681.tex,赤魔,50,赤红疾风,中萨纳兰（X19.5 Y20.5）,西·如恩·提亚,id=21&x=19.5&y=20.5,310,
100681.tex,赤魔,52,抗争与回报,东萨纳兰（X11.5 Y22.0）,西·如恩·提亚,id=22&x=11.5&y=22.0,310,
100681.tex,赤魔,54,追踪暗杀团,西萨纳兰（X11.9 Y12.8）,西·如恩·提亚,id=20&x=11.9&y=12.8,310,
100681.tex,赤魔,56,紫炎与深红,西拉诺西亚（X27.6 Y27.6）,西·如恩·提亚,id=18&x=27.6&y=27.6,310,
100681.tex,赤魔,58,兰巴德的幻影,西拉诺西亚（X27.7 Y26.0）,西·如恩·提亚,id=18&x=27.7&y=26.0,310,
100681.tex,赤魔,60,最后的抗争,北萨纳兰（X19.5 Y20.8）,西·如恩·提亚,id=24&x=19.5&y=20.8,310,
100683.tex,赤魔,60,无法逃避的命运,摩杜纳（X22.5 Y8.0）,西·如恩·提亚,id=25&x=22.5&y=8.0,310,
100683.tex,赤魔,63,血源,田园郡西（X6.0 Y5.3）,西·如恩·提亚,id=257&x=6.0&y=5.3,310,
100683.tex,赤魔,65,夜之血族,田园郡西（X6.0 Y5.3）,西·如恩·提亚,id=257&x=6.0&y=5.3,310,
100683.tex,赤魔,68,莉莉丝的后裔,田园郡西（X6.0 Y5.3）,西·如恩·提亚,id=257&x=6.0&y=5.3,310,
100683.tex,赤魔,70,抗争之力,伊修加德砥柱层（X10.8 Y10.4）,西·如恩·提亚,id=219&x=10.8&y=10.4,310,
100887,赤魔,80,以剑承志,摩杜纳（X22.5 Y7.9）,艾莉亚,id=25&x=22.5&y=7.9,310,
101294.tex,绘灵法师,80,绘灵法师的继承者,格里达尼亚旧街（X:8.0 Y:10.3）,发愁的法师,id=3&x=8.0&y=10.3,313,
101294.tex,绘灵法师,80,旅行画家的森都旅程,格里达尼亚新街（X:12.3 Y:13.1）,库啵啵,id=2&x=12.3&y=13.1,313,
101294.tex,绘灵法师,83,旅行画家的皇都旅程,格里达尼亚旧街（X:11.7 Y:4.4）,库啵啵,id=3&x=11.7&y=4.4,313,
101294.tex,绘灵法师,85,旅行画家的东方旅程,库尔札斯中央高地（X:25.7 Y:16.3）,库啵啵,id=53&x=25.7&y=16.3,313,
101294.tex,绘灵法师,88,旅行画家的沙都旅程,黄金港（X:13.3 Y:9.6）,库啵啵,id=370&x=13.3&y=9.6,313,
101294.tex,绘灵法师,90,旅行画家的幻想旅程,乌尔达哈现世回廊（X:8.1 Y:12.1）,库啵啵,id=13&x=8.1&y=12.1,313,
100456.tex,刻木,50,寻找长枪的主人,格里达尼亚新街（X10.3 Y12.3）,贝亚坦,id=2&x=10.3&y=12.3,41,
100456.tex,刻木,53,狩猎龙族的父亲,伊修加德基础层（X13.1 Y12.5）,巴尔托维厄,id=218&x=13.1&y=12.5,41,圣雪松复合弓HQ
100456.tex,刻木,55,儿子的担忧,伊修加德基础层（X13.1 Y12.5）,巴尔托维厄,id=218&x=13.1&y=12.5,41,暗栗木法杖HQ
100456.tex,刻木,58,对龙陷阱,伊修加德基础层（X13.1 Y12.5）,巴尔托维厄,id=218&x=13.1&y=12.5,41,桦木木材HQx3
100456.tex,刻木,60,父与子的宿命,伊修加德基础层（X13.1 Y12.5）,巴尔托维厄,id=218&x=13.1&y=12.5,41,精金三尖枪HQ
100685.tex,刻木,60,新晋木匠,格里达尼亚新街（X10.3 Y12.3）,贝亚坦,id=2&x=10.3&y=12.3,41,
100685.tex,刻木,63,监督者,格里达尼亚新街（X10.3 Y12.3）,贝亚坦,id=2&x=10.3&y=12.3,41,
100685.tex,刻木,65,奇弥·基恩加尔奋斗记,黄金港（X10.3 Y9.8）,奇弥·基恩加尔,id=370&x=10.3&y=9.8,41,
100685.tex,刻木,68,一张安乐椅,黄金港（X10.2 Y10.2）,琴风,id=370&x=10.2&y=10.2,41,
100685.tex,刻木,70,平等的茶会,格里达尼亚新街（X10.7 Y11.9）,奇弥·基恩加尔,id=2&x=10.7&y=11.9,41,
100453.tex,锻铁,50,锻铁匠与管家,利姆萨·罗敏萨上层甲板（X10.6 Y14.9）,布瑞赛尔,id=11&x=10.6&y=14.9,42,
100453.tex,锻铁,53,小姐与盗贼,伊修加德砥柱层（X7.4 Y10.7）,弗勒蒙丹,id=219&x=7.4&y=10.7,42,灵银铆钉HQx3
100453.tex,锻铁,55,君王与重臣,伊修加德砥柱层（X7.4 Y10.7）,弗勒蒙丹,id=219&x=7.4&y=10.7,42,白钛手半剑HQ
100453.tex,锻铁,58,宝剑与名匠,伊修加德砥柱层（X7.4 Y10.7）,弗勒蒙丹,id=219&x=7.4&y=10.7,42,白钛锻铁锤HQ
100453.tex,锻铁,60,名匠与英雄,伊修加德砥柱层（X7.4 Y10.7）,弗勒蒙丹,id=219&x=7.4&y=10.7,42,精金翼剑HQ
100686.tex,锻铁,60,雪花的到来,利姆萨·罗敏萨上层甲板（X10.6 Y14.9）,布瑞赛尔,id=11&x=10.6&y=14.9,42,
100686.tex,锻铁,63,雪花的比试,利姆萨·罗敏萨上层甲板（X10.6 Y14.9）,布瑞赛尔,id=11&x=10.6&y=14.9,42,
100686.tex,锻铁,65,雪花的憧憬,利姆萨·罗敏萨上层甲板（X10.6 Y14.9）,布瑞赛尔,id=11&x=10.6&y=14.9,42,
100686.tex,锻铁,68,雪花的烦恼,利姆萨·罗敏萨上层甲板（X10.6 Y14.9）,布瑞赛尔,id=11&x=10.6&y=14.9,42,
100686.tex,锻铁,70,雪花的挑战,利姆萨·罗敏萨上层甲板（X10.6 Y14.9）,布瑞赛尔,id=11&x=10.6&y=14.9,42,
100452.tex,铸甲,50,鲁莽的男子汉,利姆萨·罗敏萨上层甲板（X10.5 Y15.4）,赫·纳恩萨,id=11&x=10.5&y=15.4,43,
100452.tex,铸甲,53,意想不到的订单,利姆萨·罗敏萨上层甲板（X10.1 Y14.8）,布兰修提尔,id=11&x=10.1&y=14.8,43,白钛强袭面具「NQ」
100452.tex,铸甲,55,最时尚的铠甲,利姆萨·罗敏萨上层甲板（X10.1 Y14.8）,布兰修提尔,id=11&x=10.1&y=14.8,43,白钛制敌胸甲HQ
100452.tex,铸甲,58,重生的男子汉,利姆萨·罗敏萨上层甲板（X10.1 Y14.8）,布兰修提尔,id=11&x=10.1&y=14.8,43,白钛重盾HQ
100452.tex,铸甲,60,同伴的意义,利姆萨·罗敏萨上层甲板（X10.1 Y14.8）,布兰修提尔,id=11&x=10.1&y=14.8,43,精金御敌兜甲HQ
100687.tex,铸甲,60,寻求个性,利姆萨·罗敏萨上层甲板（X10.5 Y15.4）,赫·纳恩萨,id=11&x=10.5&y=15.4,43,
100687.tex,铸甲,63,东方的工匠,利姆萨·罗敏萨上层甲板（X10.5 Y15.4）,赫·纳恩萨,id=11&x=10.5&y=15.4,43,
100687.tex,铸甲,65,铠甲入门,黄金港（X8.6 Y15.3）,布兰修提尔,id=370&x=8.6&y=15.3,43,
100687.tex,铸甲,68,何为个性,黄金港（X8.6 Y15.2）,风月,id=370&x=8.6&y=15.2,43,
100687.tex,铸甲,70,技术交流,黄金港（X8.6 Y15.3）,布兰修提尔,id=370&x=8.6&y=15.3,43,
100458.tex,雕金,50,无形之物,乌尔达哈来生回廊（X10.7 Y13.4）,赛伦蒂碧提,id=14&x=10.7&y=13.4,44,
100458.tex,雕金,53,优雅之物,乌尔达哈来生回廊（X10.0 Y12.5）,马塞尔,id=14&x=10.0&y=12.5,44,硬银咏咒手镯「NQ」
100458.tex,雕金,55,交错之心,乌尔达哈来生回廊（X10.0 Y12.5）,马塞尔,id=14&x=10.0&y=12.5,44,硬银锭「NQ」
100458.tex,雕金,58,注入思念,乌尔达哈来生回廊（X10.0 Y12.5）,马塞尔,id=14&x=10.0&y=12.5,44,皇金圆筒「NQ」
100458.tex,雕金,60,结缘之物,乌尔达哈来生回廊（X10.0 Y12.5）,马塞尔,id=14&x=10.0&y=12.5,44,星蓝石八音盒「NQ」+星红石八音盒「NQ」
100688.tex,雕金,60,女王的请求,乌尔达哈来生回廊（X10.7 Y13.4）,赛伦蒂碧提,id=14&x=10.7&y=13.4,44,
100688.tex,雕金,63,王冠宝石工房成立,乌尔达哈来生回廊（X10.5 Y13.1）,杰麦姆,id=14&x=10.5&y=13.1,44,
100688.tex,雕金,65,学徒危机,神拳痕（X9.6 Y12.1）,艾美洛丝,id=366&x=9.6&y=12.1,44,
100688.tex,雕金,68,报恩大作战,神拳痕（X9.6 Y12.1）,艾美洛丝,id=366&x=9.6&y=12.1,44,
100688.tex,雕金,70,女王的美梦,神拳痕（X9.6 Y12.1）,艾美洛丝,id=366&x=9.6&y=12.1,44,
100455.tex,制革,50,崭露头角的商会,格里达尼亚旧街（X12.6 Y7.9）,盖娃,id=3&x=12.6&y=7.9,45,
100455.tex,制革,53,划时代的新商品,伊修加德砥柱层（X6.0 Y9.5）,艾尔德,id=219&x=6.0&y=9.5,45,飞龙革工作靴HQ
100455.tex,制革,55,宣传大作战,伊修加德砥柱层（X6.0 Y9.5）,艾尔德,id=219&x=6.0&y=9.5,45,长颈驼革游击护腿HQ
100455.tex,制革,58,开拓新客户,伊修加德砥柱层（X6.0 Y9.5）,艾尔德,id=219&x=6.0&y=9.5,45,巨龙革项环HQ
100455.tex,制革,60,无尽的野心,伊修加德砥柱层（X6.0 Y9.5）,艾尔德,id=219&x=6.0&y=9.5,45,骑士精准作战服「NQ」
100689.tex,制革,60,博物学家与标本师,格里达尼亚旧街（X12.6 Y7.9）,盖娃,id=3&x=12.6&y=7.9,45,
100689.tex,制革,63,初次制作标本,格里达尼亚旧街（X14.0 Y9.4）,阿特鲁纳,id=3&x=14.0&y=9.4,45,
100689.tex,制革,65,生命的价值,格里达尼亚旧街（X12.7 Y8.7）,阿特鲁纳,id=3&x=12.7&y=8.7,45,
100689.tex,制革,68,好事多磨,格里达尼亚旧街（X12.7 Y8.7）,阿特鲁纳,id=3&x=12.7&y=8.7,45,
100689.tex,制革,70,向生命致敬,格里达尼亚旧街（X12.7 Y8.7）,阿特鲁纳,id=3&x=12.7&y=8.7,45,
100454.tex,裁衣,50,皇都母女,乌尔达哈来生回廊（X14.3 Y13.2）,雷多伦特·罗斯,id=14&x=14.3&y=13.2,46,
100454.tex,裁衣,53,叛逆的女儿,伊修加德砥柱层（X12.9 Y10.6）,阿弗丽尔,id=219&x=12.9&y=10.6,46,圣虹布礼服手套HQ
100454.tex,裁衣,55,女儿的决心,伊修加德砥柱层（X12.9 Y10.6）,阿弗丽尔,id=219&x=12.9&y=10.6,46,圣虹治愈骑士帽HQ
100454.tex,裁衣,58,顽固的母亲,伊修加德砥柱层（X12.9 Y10.6）,阿弗丽尔,id=219&x=12.9&y=10.6,46,毛虫丝HQx3
100454.tex,裁衣,60,母亲的秘密,伊修加德砥柱层（X12.9 Y10.6）,阿弗丽尔,id=219&x=12.9&y=10.6,46,骑士治愈工作服「NQ」
100690.tex,裁衣,60,当东方遇上西方,乌尔达哈来生回廊（X14.3 Y13.2）,雷多伦特·罗斯,id=14&x=14.3&y=13.2,46,
100690.tex,裁衣,63,艾欧泽亚的礼服,乌尔达哈来生回廊（X14.3 Y13.2）,雷多伦特·罗斯,id=14&x=14.3&y=13.2,46,
100690.tex,裁衣,65,春意盎然的礼服,黄金港（X11.1 Y8.2）,启明,id=370&x=11.1&y=8.2,46,
100690.tex,裁衣,68,一决胜负的礼服,黄金港（X11.1 Y8.2）,启明,id=370&x=11.1&y=8.2,46,
100690.tex,裁衣,70,翩翩天女的礼服,黄金港（X11.1 Y8.2）,启明,id=370&x=11.1&y=8.2,46,
100457.tex,炼金,50,无心插柳的工作,乌尔达哈来生回廊（X9.2 Y13.6）,塞文利安,id=14&x=9.2&y=13.6,47,
100457.tex,炼金,53,明心眼亮的老板,摩杜纳（X23.0 Y8.6）,威尔特维克,id=25&x=23.0&y=8.6,47,灵银附魔墨水HQx3
100457.tex,炼金,55,慧心妙舌的女子,摩杜纳（X23.0 Y8.6）,威尔特维克,id=25&x=23.0&y=8.6,47,1级智力炼金溶剂HQx3
100457.tex,炼金,58,处心积虑的犯罪,摩杜纳（X23.0 Y8.6）,威尔特维克,id=25&x=23.0&y=8.6,47,刚力之龙药HQ
100457.tex,炼金,60,人心所向的结局,摩杜纳（X23.0 Y8.6）,威尔特维克,id=25&x=23.0&y=8.6,47,贵族之书HQ
100691.tex,炼金,60,疑点重重的尸体,乌尔达哈来生回廊（X9.2 Y13.6）,塞文利安,id=14&x=9.2&y=13.6,47,
100691.tex,炼金,63,禁忌之刃,乌尔达哈来生回廊（X9.2 Y13.6）,塞文利安,id=14&x=9.2&y=13.6,47,
100691.tex,炼金,65,沉睡的雕金匠,乌尔达哈来生回廊（X9.2 Y13.6）,塞文利安,id=14&x=9.2&y=13.6,47,
100691.tex,炼金,68,罪与责,乌尔达哈现世回廊（X8.0 Y12.4）,古雷因法尔,id=13&x=8.0&y=12.4,47,
100691.tex,炼金,70,光阴无法磨灭的爱,乌尔达哈来生回廊（X13.9 Y10.8）,珀珀库利,id=14&x=13.9&y=10.8,47,
100451.tex,烹调,50,来自领班的委托,利姆萨·罗敏萨上层甲板（X10.1 Y8.2）,林格萨斯,id=11&x=10.1&y=8.2,48,
100451.tex,烹调,53,甜蜜的食谱,利姆萨·罗敏萨上层甲板（X12.6 Y13.9）,梅露可可,id=11&x=12.6&y=13.9,48,索姆阿尔栗子蛋糕「NQ」+伊修加德奶茶HQ
100451.tex,烹调,55,充满感情的食谱,利姆萨·罗敏萨上层甲板（X12.6 Y13.9）,梅露可可,id=11&x=12.6&y=13.9,48,洛夫坦山羊汤HQ+凯撒面包HQ+盐烤香鱼HQ
100451.tex,烹调,58,为他人着想的食谱,利姆萨·罗敏萨上层甲板（X12.6 Y13.9）,梅露可可,id=11&x=12.6&y=13.9,48,魔蛇鸟肉丸HQ
100451.tex,烹调,60,待客之心,利姆萨·罗敏萨上层甲板（X12.6 Y13.9）,梅露可可,id=11&x=12.6&y=13.9,48,俄刻阿尼斯炸肉排HQ+蘑菇沙拉HQ+栗子冰糕HQ
100692.tex,烹调,60,东方的味道,利姆萨·罗敏萨上层甲板（X10.1 Y8.2）,林格萨斯,id=11&x=10.1&y=8.2,48,
100692.tex,烹调,63,米的味道,摩杜纳（X22.0 Y5.0）,拉尔夫,id=25&x=22.0&y=5.0,48,
100692.tex,烹调,65,面的味道,摩杜纳（X22.0 Y5.0）,拉尔夫,id=25&x=22.0&y=5.0,48,
100692.tex,烹调,68,寿司的味道,摩杜纳（X22.0 Y5.0）,拉尔夫,id=25&x=22.0&y=5.0,48,
100692.tex,烹调,70,真心的味道,摩杜纳（X22.0 Y5.0）,拉尔夫,id=25&x=22.0&y=5.0,48,
100448.tex,采矿,50,新的开始,乌尔达哈来生回廊（X10.8 Y14.3）,阿达尔博塔,id=14&x=10.8&y=14.3,51,
100448.tex,采矿,53,生存之道,伊修加德基础层（X12.9 Y12.0）,哈伊姆里克,id=218&x=12.9&y=12.0,51,灵银矿HQx10
100448.tex,采矿,55,寻找稀有矿脉,伊修加德基础层（X12.9 Y12.0）,哈伊姆里克,id=218&x=12.9&y=12.0,51,白钛矿HQx10
100448.tex,采矿,58,深度挖掘,伊修加德基础层（X12.9 Y12.0）,哈伊姆里克,id=218&x=12.9&y=12.0,51,硬银矿HQx10
100448.tex,采矿,60,再次踏上旅途,伊修加德基础层（X12.9 Y12.0）,哈伊姆里克,id=218&x=12.9&y=12.0,51,精金矿HQx3
100693.tex,采矿,60,田园郡的工房,乌尔达哈来生回廊（X10.8 Y14.3）,哈伊姆里克,id=14&x=10.8&y=14.3,51,
100693.tex,采矿,63,物理还是魔法,田园郡西（X7.1 Y5.9）,诺诺瓦特,id=257&x=7.1&y=5.9,51,
100693.tex,采矿,65,人类还是哥布林,田园郡西（X7.1 Y5.9）,诺诺瓦特,id=257&x=7.1&y=5.9,51,
100693.tex,采矿,68,最技研的改变,田园郡西（X7.1 Y5.9）,诺诺瓦特,id=257&x=7.1&y=5.9,51,
100693.tex,采矿,70,团结一心,田园郡西（X7.1 Y5.9）,诺诺瓦特,id=257&x=7.1&y=5.9,51,
100449.tex,园艺,50,连载第零回<<来自云海的委托>>,格里达尼亚旧街（X6.5 Y7.8）,弗弗茶,id=3&x=6.5&y=7.8,52,
100449.tex,园艺,53,连载第一回<<开荒之魂永不灭>>,伊修加德基础层（X9.5 Y11.9）,穆吉·缪里拉,id=218&x=9.5&y=11.9,52,云海洋葱HQx10
100449.tex,园艺,55,连载第二回<<豆藤架起友好的桥梁>>,伊修加德基础层（X9.5 Y11.9）,穆吉·缪里拉,id=218&x=9.5&y=11.9,52,绿宝石豆HQx10
100449.tex,园艺,58,连载第三回<<跨越苦难，追逐梦想>>,伊修加德基础层（X9.5 Y11.9）,穆吉·缪里拉,id=218&x=9.5&y=11.9,52,桦木原木HQx10
100449.tex,园艺,60,连载最终回<<种子无国界>>,伊修加德基础层（X9.5 Y11.9）,穆吉·缪里拉,id=218&x=9.5&y=11.9,52,卡贝野菜HQx3
100694.tex,园艺,60,无能的园艺工,格里达尼亚旧街（X6.5 Y7.8）,弗弗茶,id=3&x=6.5&y=7.8,52,
100694.tex,园艺,63,野生的力量,田园郡西（X5.2 Y4.3）,艾德姬丝,id=257&x=5.2&y=4.3,52,
100694.tex,园艺,65,寻找女王,田园郡西（X5.2 Y4.3）,艾德姬丝,id=257&x=5.2&y=4.3,52,
100694.tex,园艺,68,白色的灾难,田园郡西（X5.2 Y4.3）,艾德姬丝,id=257&x=5.2&y=4.3,52,
100694.tex,园艺,70,她和她的菜园,田园郡西（X5.2 Y4.3）,艾德姬丝,id=257&x=5.2&y=4.3,52,
100450.tex,捕鱼,50,回归故乡,利姆萨·罗敏萨下层甲板（X7.9 Y14.5）,希希蒲,id=12&x=7.9&y=14.5,53,
100450.tex,捕鱼,53,不打不相识,伊修加德基础层（X13.2 Y11.7）,昂索姆,id=218&x=13.2&y=11.7,53,碎冰鱼HQx3
100450.tex,捕鱼,55,河流生态大危机,伊修加德基础层（X13.2 Y11.7）,昂索姆,id=218&x=13.2&y=11.7,53,暗影须HQx3
100450.tex,捕鱼,58,是美味还是毒药？,伊修加德基础层（X13.2 Y11.7）,昂索姆,id=218&x=13.2&y=11.7,53,气球鲀HQ
100450.tex,捕鱼,60,最后的乐园,伊修加德基础层（X13.2 Y11.7）,昂索姆,id=218&x=13.2&y=11.7,53,飞猫杀手HQ
100695.tex,捕鱼,60,海流星,利姆萨·罗敏萨下层甲板（X7.9 Y14.5）,希希蒲,id=12&x=7.9&y=14.5,53,
100695.tex,捕鱼,63,意想不到的再会,利姆萨·罗敏萨下层甲板（X8.1 Y15.2）,瓦瓦拉哥,id=12&x=8.1&y=15.2,53,
100695.tex,捕鱼,65,寻找产卵地,利姆萨·罗敏萨下层甲板（X8.1 Y15.2）,瓦瓦拉哥,id=12&x=8.1&y=15.2,53,
100695.tex,捕鱼,68,危机的源头,利姆萨·罗敏萨下层甲板（X8.1 Y15.2）,瓦瓦拉哥,id=12&x=8.1&y=15.2,53,
100695.tex,捕鱼,70,意外的收获,利姆萨·罗敏萨下层甲板（X8.1 Y15.2）,瓦瓦拉哥,id=12&x=8.1&y=15.2,53,
