大图编码,小图编码,版本,飞行,名称,中国区获得方法,国际服获得方法,说明,new
068287.tex,004287.tex,7.05,1,モノホイールS1,零式阿卡狄亚 轻重量级4-掉落,,アルカディア?ソサエティが優秀な闘士に贈る報奨品。高度な姿勢制御プログラムが組み込まれており、場所を選ばず自在に駆けることが可能。ただし、姿勢制御に難があるため乗りこなすには修練が必要となる,2
068290.tex,004290.tex,7.05,1,ケジグラー,用G17「宝物庫セノーテ?ジャジャグラル」的稀有掉落「トワイライトジェム」3个，去九号解决方案-瓦赫赛帕，兑换,,セノーテ?ジャジャグラルで発見した飛行型ゴーレム。各所に施された彫刻はマムージャ様式ではあるが、素体の構成は古い。どうやら古代ヨカフイ文明の遺産を、後の時代にマムージャ族が装飾したもののようだ,2
068271.tex,004271.tex,7.X,1,压迫者,PVP第六季通行证25级奖励（截止至7.1前）,,将青蓝之手开发的无人兵器进行改造后的骑乘用的机体。由于原本是无人兵器，为了确保乘坐的空间，所以将所有的兵装全部拆除了。也因此打造出了极为奢侈舒适的内部空间。,1
068292.tex,004292.tex,7.X,1,小鸣鼠,双色宝石相关<br />【图拉尔双色宝石的收据】x500兑换<br />摩杜纳（X21.1 Y4.8）爱迪丽娜<br />金曦六个区域双色等级全部4级后开放兑换：【图拉尔双色宝石的收据】<br /><br />100双色宝石=1双色宝石的收据（100:1）<br /><br />※注意：和6.0双色收据不互通（6.0的叫【双色宝石的收据】）,,利用展开的皮膜在树木间滑翔的食草动物。领地意识很强，在面对大型捕食者时也不畏惧反而会露出攻击性很强的一面，会利用进化成刀片般的针状软骨勇敢地对抗。此外该名字在灵豹之民的语言中有着“在树梢嬉闹的声音”的意思。,1
068281.tex,004281.tex,7.X,1,飞梭A9,九号解决方案(X:8.4 Y:13.3)尼昂，750w金币购买,,新生亚历山德里亚联合王国制作的单座浮行机，未搭载武器。利用雷转质制作的旋转器将雷电转化成风属性喷射出旋风浮行。此外该机还得到军队采用，但A9型作为民用机体并未搭载武器装备。,1
068282.tex,004282.tex,7.X,1,羊驼,完成主线Lv100“金曦之遗辉”后获得,,长着一身纯白毛的四足动物，主要被图拉尔大陆山区的人们作为家畜饲养，体毛可以加工成织物，除此之外由于其身强体健，也被人们用来骑乘或搬运物品。事实上在图拉尔大陆，大多数的人们都知道它是佩鲁佩鲁族行商时的好帮手。,1
068283.tex,004283.tex,7.X,1,灾祸之翼,艳翼蛇鸟歼殛战中-稀有掉落,,与幻兽艳翼蛇鸟的翅膀很像的魔法之翼。相传它会自己出现在被它选中的人面前，其来历充满了谜团。不管怎样，想必得到这对翅膀的人将会散发出“拥有生命的天灾”的威严。,1
068284.tex,004284.tex,7.X,1,决意之翼,佐拉加歼殛战-稀有掉落,,在永护塔顶层，武王宝座附近发现的魔法之翼。青色鳞片般的羽毛让人联想到奇迹之子佐拉加，其来历充满了谜团。不管怎样，想必得到这对翅膀的人将会散发出“武王”的自信与骄傲吧。,1
068285.tex,004285.tex,7.X,1,外勤机,完成成就「通武之勇者」和「超魔之智者」<br />※全战斗职业100级,,新生亚历山德里亚联合王国制作的自动型多用途机器。从清扫设施到维护机器，不时还会驱逐危险生物，是个全能帮手。为了让市民感到亲近，躯体正面的显示屏上会显示出各种社交用的表情。,1
068286.tex,004286.tex,7.X,1,梅瓦皮亚拉,参加FATE「蛇王得酷热涅：荒野的死斗」<br />并累积获得：得酷热涅的鳞片x12（需2次金牌）<br/>九号解决方案(X: 8.6 Y: 13.5)瓦赫赛帕，兑换<br /><br />FATE触发顺序：<br />1.蛇王得酷热涅：苏醒的征兆<br />2.蛇王得酷热涅：苏醒的前兆<br />3.蛇王得酷热涅：狩猎前的准备<br />4.蛇王得酷热涅：狩猎的杀手锏<br />※通常基本以上循环，一定时间内反复刷新1-4<br />5.蛇王得酷热涅：荒野的死斗，夏劳尼荒野(X:22.3 Y:5.4)<br />※5的CD约24-36小时以上<br />两次金牌即可兑换卡皮巴拉坐骑,,曾在旅行夏劳尼荒野的水豚成年个体。有一天被图拉尔威爪得酷热涅一口吞进了肚子里，但总算想办法在其肚子里存活了下来。为了报答冒险者的救命之恩，它想要和冒险者一起踏上旅途。,1
068288.tex,004288.tex,7.X,1,犎牛,九号解决方案(X: 9.2 Y: 13.2)特殊商品兑换员<br />犎牛角笛的交换票据x100 交换<br /><br />1交换票据=1000大地橙票<br />即100交换票据=10w大地橙票,,栖息在萨卡图拉尔的大型食草动物。角、毛、皮、肉等身上的各种部位均有利用价值，自古便维系着人们的生活。在不同季节追着猎物迁徙的脚步一同移动的狩猎部族中。有不少人将犎牛作为祖灵祭拜。,1
068289.tex,004289.tex,7.X,1,乌尔,完成成就「黄金怪物猎人」<br />达成“金曦A级精英杀手3”和“金曦S级精英杀手3”两个成就。<br />击杀金曦A2000只，金曦S1000只,,喜欢人类的诗龙眷属。在寻找适合与自己一同编织龙诗之人时。发现了狩猎中大放异彩的英杰。它希望与那个人一起见证更伟大的光辉，于是选择一起踏上了旅途。,1
068291.tex,004291.tex,7.X,1,半机械龟,怪物狩猎-怪物狩猎的战利品3200点图莱尤拉交换,,在创生设施的研究所开发出来的陆战兵器。将雷转质做成的强化骨骼和辅助电机装在大型陆龟身上，增强了其防御力和肌肉力量。原本性格温厚，不适合战斗，为此在战斗时会注入肉食性动物的灵魂，赋予其凶暴的攻击性。,1
068293.tex,004293.tex,7.X,1,山祖,美服限定，饮料限时联动,,分布在近东高山地带的怪鸟祖的近亲。拉札罕的炼金术士们为了驯服这种气性凶暴的怪鸟，将研制好的特殊饮料灌进去之后，怪鸟身上居然开始散发出清爽的柑橘类香味。,2
068267.tex,004267.tex,7.X,1,方舟,道具商城购买「7.0电子典藏包」,,加隆德炼铁厂开发的小型可变形飞空艇。通过与青蓝之手合作，成功地实现了由人型射击形态到战舰型射击形态的变形功能。,1
068266.tex,004266.tex,6.58,1,托加尔,FF16限时联动,,克莱夫的伙伴，随着克莱夫记忆的恢复而出现，是指引他回家的引路者。异国的诗人在看到其身影后借助魔笛的力量创造出了这个托加尔。今后无论是什么样的荆棘前路，它都会常伴在光之战士的身旁。,0
068276.tex,004276.tex,7.X,1,皮蒂,2025年女儿节,,在开满桃花的美丽地方茁壮成长的古菩猩猩。它与旅行艺人阿尔德蒙德一起巡回各地，在女儿节上向众多的人们表现了自己的才艺。为了给更多的人带去欢笑，它决定跟随冒险者一起旅行。,2
068269.tex,004269.tex,6.57,1,弦月,道具商城购买,,在旧萨雷安仓库内保管的被分类为赠与品的弦月形魔法浮空座椅。虽然赠与者的名字未被公开，不过从附属的魔法人偶来看，还是能大概推测出赠与者的身份。,0
068230.tex,004230.tex,6.55,1,不明飞行物体？,完成6.55支线「希尔迪布兰德归来 」,,外星人可幽可幽搭乘的宇宙飞船……的复制品。然而并不具备以复制功能为代表的外星高科技，因此并不能将肉体缩小后搭乘在内部，只能通过反重力光线将人吸起来的方式“搭乘”。,0
068270.tex,004270.tex,6.51,1,糖豆犀牛,糖豆人联动,,作为金碟巨豆中心的障碍而设计的机械犀牛。凭借着强大的动力，至今阻碍了无数糖豆人们前进的步伐。不过此次作为纪念品开始协助冒险者前进。,0
068274.tex,004274.tex,6.51,1,斯塔缇丝幻影,收集全部「阿罗阿罗岛探险记」,,喜欢恶作剧的无主小仙女。曾经是某位军事学者的搭档，在其主人死后以太却未消散，一个人度过了漫长的时间。为了打发无聊的时光，于是生成了分身跟在了冒险者身边。,0
068278.tex,004278.tex,6.51,1,库阿库阿,「异闻阿罗阿罗岛」稀有掉落or 阿罗阿罗金币x100兑换,,在阿罗阿罗岛遇到的宝物猎人所使役的使魔。源自南洋群岛独自发展而成的秘术，核心使用木材制成。与使用宝石召唤出的宝石兽相比，其历史更加古老久远。,0
068268.tex,004268.tex,6.5,1,巴哈姆特·幽愿,获得并使用7匹猞猁魔笛后<br/>去旧萨雷安完成任务“幽愿得偿”,,以海姆达尔级观察艇记录的巴哈姆特的龙诗以太波形为蓝本，冒险者以及歌鸣威将思念注入到魔笛当中形成的魔法生物。为了能够在无尽的天空翱翔，将无拘无束的冒险者认作了主人。,0
068272.tex,004272.tex,6.5,1,深渊猞猁,泽罗姆斯歼殛战-稀有掉落,,深渊猞猁是一种由以太构成的幻想生物，具有第十三世界月球深处的强烈暗属性之力。从它身上的光辉能感受到思乡之念，尽管如此，这些信息并不能帮助人们弄明白是什么人创造了这种使魔。,0
068273.tex,004273.tex,6.5,1,月光仙人刺,库洛奖状：金奖 or 幻巧叶x600 兑换,,受到了商人“罗薇娜”的祝福，过着非常奢侈生活的仙人刺。库洛·阿里亚珀代替懒惰经常忘记浇水的罗薇娜在精心照顾它，并一直为它讲述故事，结果它变成了会发出光芒的奇妙个体。,0
068275.tex,004275.tex,6.5,1,加隆德GL-IIT,"「无人岛开拓」满20级后，用100,000谢尔达莱青船币兑换",,加隆德炼铁厂制造的魔导二轮车GL-II连接耕作机后诞生的开拓用三轮车。以青磷引擎为动力，旋转切割刀片，能够简单地耕作荒地，后部也可以用于运人或运货。,0
068279.tex,004279.tex,6.5,1,海岛皮里福尔,「无人岛开拓」满20级后，「无人岛特殊配给货箱」一定几率掉落,,原产于岛外的蔓德拉。曾在贸易船上被当做食材，就在差点被做成菜汤时，抱着赌一赌的心态飞扑进海里，最终漂流到了无人岛。受到了无人岛肥沃的土地以及灿烂阳光的影响，成长得有些过头了……,0
068280.tex,004280.tex,6.5,1,海岛沙漠玫瑰,「无人岛开拓」满20级后，「蔬菜券」x200兑换<br />或「无人岛特殊配给货箱」一定几率掉落,,无人岛特有的沙漠玫瑰。原本一直待在蔬菜国家——西蔓德拉帝国茁壮成长，直到某天在沙滩遇到了漂流到岛上的皮里福尔。从皮里福尔那里得知了外面世界的事情后，开始向往有一天可以踏上冒险之旅……,0
068259.tex,004259.tex,6.45,1,荡悠悠,收集全部「六根山探险记」,,六根山是妖魔横行的魔境的同时，也是妖怪提灯荡悠悠的故乡。它出生于饿虎之蹊，却终日无所事事从不袭击人类，有一天四下闲逛的荡悠悠遇到了四处转悠的冒险者，看对方十分顺眼的荡悠悠当即决定随着冒险者下山。风向哪里吹，我就向哪里走，这便是它优哉游哉的生存之道。,0
068260.tex,004260.tex,6.45,1,狮子王子,「异闻六根山」稀有掉落or 紫洲通宝x100兑换,,据说妖怪狮子王曾是瑞兽奴延们的王，狮子王子便是这个妖怪的分身。在讨伐狮子王的过程中，有一部分的邪气从它的本体上掉落了下来，形成了这个分身。但与本体不同的是，有着自己思想的狮子王子认可了冒险者的强大，决定奉冒险者为自己的主人。,0
068258.tex,004258.tex,6.45,1,新生不死鸟,2024年新生祭,,饱含对光之战士的感谢之意交织出的不死鸟型使魔。它的样子就像是艾欧泽亚各地传承中登场的不死鸟一样。据传说在其死亡之际会发出炽热的火焰燃烧自己，最终从灰烬中复生，因此它也被人们看做是新生的象征。,0
068256.tex,004256.tex,6.45,1,加隆德GL-IS,道具商城购买,,为加隆德炼铁厂试做的魔导两轮车GL-I添加了侧斗供双人乘坐的型号。为了对应增加的重量，因此还增大了青磷引擎的排量。现在立刻购入的话，还赠送魏吉亲手制作的吉祥物人偶。,0
068257.tex,004257.tex,6.41,1,巨型钝口螈,零式万魔殿 荒天之狱4-掉落,,过度成长到令人惊讶的钝口螈。因背部带有鞍座，所以应该是被作为骑乘兽创造出来的。只不过鉴于它是从万魔殿中被人发现的，也就意味着它有着足以被判定为失败作的缺陷。,0
068205.tex,004205.tex,6.4,1,海岛蒜头明星,"「无人岛开拓」满16级后，用18,000谢尔达莱青船币兑换",,自称，来自远方的蔓德拉滑稽艺人。与海岛番茄国王在漂流时代相遇，为了打发漂流时的无聊，它不断地表演了许多小笑话。据说鉴于此功劳，在西蔓德拉帝国建国后，它被任命为了宫廷滑稽艺人……,0
068206.tex,004206.tex,6.4,1,海岛番茄国王,"「无人岛开拓」满16级后，用18,000谢尔达莱青船币兑换",,自称，来自远方的蔓德拉国王。虽然它出生在威尔布兰德岛，但在被装箱出售后，装有它的木箱在航行途中偶然从商船上掉落，最终漂流到了无人岛。据说它经历了荒岛严酷的挑战并战胜了贪婪的鸟类，赢得了岛屿蔬菜公主的芳心。随后它们建立了蔬菜王国——西蔓德拉帝国……,0
068207.tex,004207.tex,6.4,1,海岛蔓德拉王后,"「无人岛开拓」满16级后，用18,000谢尔达莱青船币兑换",,自称，产自无人岛的蔓德拉王后。在与漂流到沙滩的年轻海岛番茄国王达成命运般的相遇后，它决定无视产地的不同与番茄国王结婚。据说它们将岛屿蔬菜全部作为了自己的臣下，建立了蔬菜国家——西蔓德拉帝国……,0
068265.tex,004265.tex,6.4,1,海岛水牛,"「无人岛开拓」满16级后，用50,000谢尔达莱青船币兑换",,不知从何时就赖在开拓据点不走的水牛。看样子应该是以前海盗们作为食用肉带来的家畜重新回归到了野外。只要有吃的，它愿意让任何人骑在自己的身上。这种宽广的心胸好像就是它的特点。,0
068264.tex,004264.tex,6.4,1,旅行协助机,PVP第四季通行证25级奖励（截止至6.5前）,,利用了高科技制造的二足步行协助机。城邦军事同盟的物资筹集人员在加尔提诺平原发现了四处彷徨的该机体并将其回收。虽然外表酷似古代亚拉戈文明的机械步兵，但通过观察能发现它曾被人改造过的痕迹。,0
068262.tex,004262.tex,6.4,1,魔法儿童床,库洛奖状：金奖 or 幻巧叶x600 兑换,,施了魔法的飞天儿童睡床。床体装有浮岛采集到的水晶，在这种力量的作用下可以一边浮在空中一边安睡。此外外形采用了与孤儿院梅茵菲娜之家的睡床相同的造型设计。,0
068263.tex,004263.tex,6.4,1,暗影猞猁,高贝扎歼殛战-稀有掉落,,暗影猞猁是一种由以太构成的幻想生物，具有暗属性之力。从它身上的光辉能感受到悲壮的决心，尽管如此，这些信息并不能帮助人们弄明白是什么人创造了这种使魔。,0
068261.tex,004261.tex,6.4,1,影狼,道具商城购买,,从漆黑之影中诞生的魔狼。传闻过去曾打算支配世界的邪恶之王为了应对与英雄的战斗而创造出来的生物，详情不明。它眼中却对光之战士没有任何憎恨的情感，表现得十分顺从。,0
068232.tex,004232.tex,6.35,1,正统裂钳蟹,「正统优雷卡」金辉宝藏/铂辉宝藏一定几率鉴定出现,,在正统优雷卡发现的裂钳蟹。亚拉戈时代的研究者在它的身上进行了增加甲壳硬度的魔法，不过实验似乎没有成功。然而，可能是魔法实验的副作用吧，它因为未知的原因而得到了飞行能力。,0
068245.tex,004245.tex,6.35,1,月面跃动机,兔兔族友好度到达-血誓后<br/>在该蛮族商店用18枚兔兔人参币兑换,,发明威开发的改良型协助机。除了坐骑的功能，还增设了扩音器，可用于播放梦明威选择的奇迹曲目。只要听了这些曲目，不知道为什么就会高兴起来。,0
068246.tex,004246.tex,6.35,1,永恒,「正统优雷卡」每通关一次100层可获得一枚【正统神典石】，4枚可换该坐骑,,尚且年轻，刚刚踏上征途的始皇帝赞德在远征伊尔萨巴德途中遇到的野兽。以“永恒”为名的猛兽拥有极强的生命力，成为军用兽的它不止披上了铠甲，还曾被用于不死化研究。,0
068121.tex,004121.tex,6.3,1,输送系统,PVP第三季通行证15级奖励（截止至6.4前）,,圣寇伊纳克财团所挖掘出来的古代亚拉戈帝国球形运输系统。由该财团移交给艾欧泽亚同盟军供同盟军使用，因此从运输设备改为载人设备使用。实际使用中，偶发过数起，乘员在输送系统发出超载警报后与输送系统发生争执的事故。,0
068247.tex,004247.tex,6.3,1,青磷气球,道具商城购买,,充满了汽化青磷水的飞行气球。只要数量够多，产生足够的浮力，带着一个人飘起来也不算是难事。真正困难的是要让它往你需要的方向飞行，这时候就只能靠冒险者自己用魔力引起微风吹动气球前进了。,0
068248.tex,004248.tex,6.3,1,安登三世,安登的老主顾-满心奖励,,为了报答冒险者，仙子族的艾奥·提儿准备了这只充满了谜团的可动植物作为礼物送给了冒险者。艾奥·提儿在修剪初代安登的时候，留下了一些枝叶，他悉心照料了这堆草叶一阵子之后，草叶竟然活了过来，变成了这个安登三世。从外观上来看，安登三世和原先的安登几乎一模一样。,0
068249.tex,004249.tex,6.3,1,黑杰克号,"4,000,000金碟币兑换",,加隆德炼铁厂制造的试验型飞空艇，是在正式制造高风飞行社的社长塔塔巴鲁订购的新型飞空艇之前，制作的缩比模型试验机。虽说这艘飞空艇的体型不大，运输能力却是有保证的。,0
068250.tex,004250.tex,6.3,1,法厄同,用蛇牛革「厄尔庇斯 育体宝殿」的稀有掉落「灼热的火角」3个，去拉札罕-涅斯瓦孜处兑换,,科尔沃地区传说中的火焰幻兽。本来身上带有只要靠近就会被灼伤的高温，但炼金术的应用成功将它变成了能够骑乘的坐骑。据说，当初古代人创造与法厄同十分相似的生物时，是为了寻找一种能牵引着马车奔行于天空中的驼兽，但现在谁也没法断定这个传说是真是假了。,0
068251.tex,004251.tex,6.3,1,粉红,用金毗罗鳄革「惊奇百宝城」的稀有掉落「惊奇补剂」3个，去拉札罕-涅斯瓦孜处兑换,,兔兔族们怀揣着对人类幸福的祈愿，制作出来的粉色象型机器坐骑。萨雷安人提到“醉酒状态的人类会看见粉色大象的幻影”时本来只是在开玩笑，谁曾想被兔兔族们当了真，他们竟然因此而创造出了如此怪异的作品。,0
068252.tex,004252.tex,6.3,1,炀火猞猁,卢比坎特歼殛战-稀有掉落,,炀火猞猁是一种由以太构成的幻想生物，具有接近暗属性的火属性之力。它不止有着狰狞可怖的妖异一般的一面，从它的身上同样也能感受到高洁武人身上才有的矜持，尽管如此，这些信息并不能帮助人们弄明白是什么人创造了这种使魔。,0
068253.tex,004253.tex,6.3,1,魔导复仇者金色涂装特制型,摩杜纳(X:22.1 Y:4.8)爱迪丽娜<br />5000w金币购买,,哥布林族改良的帝国制无人魔导兵器。在加雷马帝国的首都有一座纯金制成的大脚巨猿雕像，在那些不知所谓的坊间传闻中，只要有敌人袭击帝国首都，雕像里就会冒出各种各样的魔导兵器还击……总之，这台魔导兵器的原型就是那座黄金像。,0
068254.tex,004254.tex,6.3,1,克律索马罗斯,摩杜纳(X:22.1 Y:4.8)爱迪丽娜<br />5000w金币购买,,柔软、蓬松、完美的白色羊毛，本该有这些特征的绵羊不知为何长出了黄金般璀璨的金色羊毛。出售绵羊的人声称这就是传说中的“金羊毛的羊”，可要想验证他的话，就只有等一年过去，羊的身上长出新毛之后，才能见分晓了。,0
068255.tex,004255.tex,6.3,1,海岛短吻鳄,"「无人岛开拓」满12级后，用36,000谢尔达莱青船币兑换",,这鳄鱼到底是从哪里游过来的？总之是不知何时就来到了无人岛上生活的短吻鳄。它对自己是无人岛上少见的短吻鳄一事颇有自觉，并且还产生了相应的高贵和矜持。话虽如此，如果能向众人展现它高贵的身姿，那么被人骑在背上也没什么不可以的，它好像是这么个意思……,0
068236.tex,004236.tex,6.25,1,缪·缪咻,异亚族友好度到达-誓约后<br/>在该友好部族商店商店用18枚货币兑换,,缪·缪咻是生活在新星至福乐土的潜能量生命体。它诞生于异亚族的思想之中，有着水母般的半透明肉体，并拥有驱使发射闪电的能力。有着旺盛好奇心的缪·缪咻使用心中的小宇宙与其他生命接触、交流思想时，似乎能获得无比纯粹的喜悦。,0
068243.tex,004243.tex,6.25,1,希拉狄哈王座,旧萨雷安(X:12.0 Y:13.3)特里萨桑<br />希拉狄哈银币x100兑换<br />或通关「异闻希拉狄哈水道」「异闻希拉狄哈水道」时开宝箱概率获得,,这尊被认为是备用品的王座发现于与地下水道相通的希拉狄哈遗迹的一角。不知是受到了亡国的希拉狄哈人的怨念加持，还是原本就配置了用以飞行的魔法，这尊王座能随着主人的想法自由浮空飞行。,0
068244.tex,004244.tex,6.25,1,羽衣精,收集全部「希拉狄哈水道探险记」,,冒险者在希拉狄哈水道的深处发现了这只神秘的魔法生物。羽衣精其实是已故的娜娜夏·乌尔·娜夏王妃创造的使魔，喜爱干净的王妃还在世时，总会指派羽衣精打扫乌尔达哈王宫的角角落落。又及，羽衣精身后的那个绒球才是它本体。,0
068241.tex,004241.tex,6.21,1,炎灵兽,零式万魔殿 炼净之狱4-掉落,,赫淮斯托斯创造的火炎幻想生物。炎灵兽的体内包含了“飞蛇”和“不死鸟”两种幻想生物的理念，能够根据所处位置的不同改变自己的形态适应当前状态。它的火焰从不会伤害到被它视为主人的生物。,0
068238.tex,004238.tex,6.2,1,魔法雨伞,道具商城购买,,某位年事已高的魔女年轻时制作的飞天魔伞。当时她为方便潜入封闭的迦巴勒幻想图书馆，特意选用了能与夜色融为一体的黑色雨伞进行创作。看来这位魔女在年轻时就已经是现在这般充满叛逆的性格了。,0
068239.tex,004239.tex,6.2,1,魔法阳伞,道具商城购买,,某位年事已高的魔女年轻时制作的飞天魔伞。当时她为了赚取魔法研究经费，特意选用了时下流行的粉色阳伞进行创作。可惜由于需要优秀的魔力和握力才能掌控这把伞飞行，她没能如愿以偿。,0
068240.tex,004240.tex,6.2,1,幻象闪电,2024年星芒节奖励,,来自萨雷安的驯鹿闪电为了心意相通的冒险创造的幻象。无论是外形细节，还是给孩子们创造礼物幻影的能力，每一处都与原型一模一样。这莫非也是星芒节奇迹的一部分？,2
068237.tex,004237.tex,6.2,1,幻奇猎鹰,库洛奖状：金奖 or 幻巧叶x600 兑换,,受到了商人“罗薇娜”的祝福，过着非常奢侈生活的大隼。能够听懂人话的它每天最期待的就是库洛·阿里亚珀讲的故事了。幻奇猎鹰自诩为故事中那位英雄的搭档，和它有着同样境遇的妖马英西塔土斯被它视为争夺这个位置的有力对手。,0
068242.tex,004242.tex,6.2,1,煞风猞猁,「巴尔巴莉希娅歼殛战」稀有掉落,,煞风猞猁是一种由以太构成的幻想生物，具有接近暗属性的风属性之力。它煞气腾腾的翅膀很容易让人联想到虚无界妖异使用的力量。尽管如此，这些信息并不能帮助人们弄明白是什么人创造了这种使魔。,0
068202.tex,004202.tex,6.2,1,海岛蔓德拉,"「无人岛开拓」12,000谢尔达莱青船币兑换",,无人岛特有的蔓德拉。出身西蔓德拉帝国的名门，海岛蔓德拉自幼受到肥沃的土地与明媚阳光的精心抚育，因此格外高大壮硕。然而，它的体型没能帮助它摆脱身为蔬菜的命运，海岛蔓德拉最终仍被迫走上了货架，成为了一件商品。,0
068203.tex,004203.tex,6.2,1,海岛洋葱王子,"「无人岛开拓」12,000谢尔达莱青船币兑换",,自称，无人岛蔓德拉们的王子。生在富足之家的洋葱王子自幼成长在溺爱它的双亲膝下，因而养成了它追求新鲜和刺激，四处惹是生非的性格。无法再坐视儿子胡来的国王最终做出决断，它忍痛把儿子送上了货架，卖给英雄当随从……以上这些为洋葱王子自述的来历。,0
068204.tex,004204.tex,6.2,1,海岛茄子骑士,"「无人岛开拓」12,000谢尔达莱青船币兑换",,自称，来自远方的蔓德拉骑士。不但与海岛番茄国王来自同一片产地，还与番茄国王在同一批次装箱出售。然而装有它们的木箱在航行途中偶然从商船上掉落，并一路漂流到了这座无人岛。它自称为西蔓德拉帝国的开国元老，以上这些为海岛茄子骑士自述的来历。,0
068235.tex,004235.tex,6.2,1,加隆德GL-II,"「无人岛开拓」24,000谢尔达莱青船币兑换",,这辆魔导两轮车是加隆德炼铁厂开发的新型试验车，用于探索新时代的崭新移动方式。加隆德GL-II搭载了小型的双向双汽缸青磷引擎，实现了极其强劲的动力表现。即使是无人岛这样不甚平整的地面也能从容应对，如履平地。,0
068225.tex,004225.tex,6.2,1,菲尔亚,PVP第二季通行证25级奖励（截止至6.3前）,,作为诗龙拉塔托斯克的眷属，菲尔亚就像祖先一样喜爱人类。它曾奔走于各地，寻找一位值得为之编织龙诗的人物。菲尔亚终于在一场战斗中找到了值得瞩目的耀眼英杰，英杰热火朝天的战斗也感染了菲尔亚。于是，这位诗龙的眷属怀揣着热情追随心中的英雄踏上了路途。,0
068228.tex,004228.tex,6.15,1,河马车,悌阳象族友好度到达-誓约后<br/>在该友好部族商店商店用18枚货币兑换,,由万相森国的巨大河马拉着的二轮车。悌阳象族的年轻人受陆行鸟篷车启发想到的方案。车上不仅装有遮阳布，还运用了科尔沃的飞天绒毯技术，所以该河马车甚至能在天空中行驶。,0
068234.tex,004234.tex,6.15,1,大大柴,道具商城,,曾经有一些黑心商人，把柴犬的幼犬当做不会长大的豆豆柴四处贩卖。等到受骗上当的冒险者反应过来，“豆豆柴”已经长成了这般英武的大狗。不过，无论小狗长到了多大，冒险者对它的爱都没有丝毫变化。倒不如说，正因为它长得这么大了，才好让“大大柴”成为自己的坐骑一起冒险。,0
068226.tex,004226.tex,6.1,1,阿尔科诺斯特,「惊奇百宝城」掉落[绚烂华丽的羽毛]x3 去拉札罕-涅斯瓦孜处兑换,,原产伊尔萨巴德北部的怪鸟。这一头是人们在博兹雅的旷野中捕获的。它在诸多收藏家间辗转了一阵后才重获自由，据说这头怪鸟被抓住时就不怎么抗拒人类的接触，因此也有人认为它可能原本就是帝国军的驯兽师驯养的魔兽。,0
068227.tex,004227.tex,6.1,1,辅助机602,"300,000金碟币兑换",,在机械遗迹最深处发现的小型白色机械。作为寄叶机体的随行辅助机，它的主要功能之一就是增加寄叶机体的机动性，运载机体跨越复杂地形。因此，挂着一个人飞来飞去姑且算符合这款机器的设计目的。,0
068229.tex,004229.tex,6.1,1,巨魔,幻巧拼图<br/>幻巧叶x600 兑换 or 库洛金奖兑换,,生活在北洋地区的巨大野兽。与它粗狂外貌相对的是它远超预想的智商。据说萨雷安曾在殖民都市中开启过一项教导巨魔手语的研究计划。这一只巨魔被认为是当时的实验体之一，人们觉得手语实验就是这只巨魔会对人类如此友好的原因。,0
068231.tex,004231.tex,6.1,1,醋蝎龙,怪物狩猎-怪物狩猎的战利品3200点旧萨雷安交换,,一种肉食性的大型甲鳞纲野兽，它的下颚宛如利爪般可怖。这种肉食动物被龙族收纳为眷属的例子很多，而被人类驯化为骑兽的例子非常少。不过，近几年有拾穗人研究出了一套训练醋蝎龙运送货物的方法，冒险者才能得到这样一只坐骑。,0
068233.tex,004233.tex,6.1,1,蓝羽猞猁,「终极之战」稀有掉落,,蓝羽猞猁是一种由潜能量构成的幻想生物。讴歌终结之物创造了蓝羽猞猁，可它被创造出来的目的却很难确定。或许它只是一份谢礼吧，讴歌终结之物用它来感谢无数次跨越了终极的冒险者。,0
068222.tex,004222.tex,6.1,1,猴面爸爸,道具商城,,特大号的猴面雀。它其实是一位抚养了八个孩子的父亲，为了养活孩子们，它不得不出来找工作讨生活。温柔的冒险者看出了它的难处，为了这些可爱的猴面雀孩子们能够健康茁壮地成长，选择了雇佣这位伟大的父亲担当自己的坐骑，还特别允许了它带着孩子们来一起上班。,0
068098.tex,004098.tex,6.05,1,机巧莲座,道具商城,,神秘的技术集团“鬼师众”制作的移动机关座椅。在东方地区，莲花是纯真洁净的象征，甚至带有一点神圣的色彩。对其他地区的人来说，看到莲花总会有一种神秘的感觉。这个坐骑也充分表现了这一特点，制造方法严格保密，处处散发着神秘的气息。,0
068218.tex,004218.tex,6.05,1,亚灵菲尼克司,零式万魔殿 边境之狱4-掉落,,以菲尼克司为原型制作的幻体坐骑，菲尼克司是关押于万魔殿的危险创造生物之一。这种创造生物是在创造不死鸟的过程中诞生的产物，由于其性格乖戾残暴，而被评定为失败的创造生物。,0
068214.tex,004214.tex,6.X,1,永暗猞猁,佐迪亚克暝暗歼灭战-稀有掉落,,永暗猞猁是一种由以太构成的幻想生物，具有强大的星极性之力。它漆黑的翅膀会让人立刻联想到最古老最强大的蛮神佐迪亚克的宏伟姿态，但这并不能帮助人们弄明白是什么人创造了这种使魔。,0
068215.tex,004215.tex,6.X,1,圣光猞猁,海德林晖光歼灭战-稀有掉落,,圣光猞猁是一种由以太构成的幻想生物，具有强大的灵极性之力。它纯白的翅膀会让人立刻联想到作为星球意志守护世界至今的海德林的神圣姿态，但这并不能帮助人们弄明白是什么人创造了这种使魔。,0
068216.tex,004216.tex,6.X,1,阿尔戈斯,完成主线Lv90“晓月之终途”后获得,,阿尔戈斯是由古代人维涅斯创造的使魔。对你来说，第一次见到阿尔戈斯是在月面的叹息海。对阿尔戈斯来说，却是早在厄尔庇斯就已经和你相识了。它在那个时候认识了你，见识了你的英姿，因此信任你愿意成为你的坐骑。,0
068217.tex,004217.tex,6.X,1,恐慌装甲,群狼盛宴第二十赛季，参与20次/胜利10次奖励,,恐慌装甲是古代亚拉戈帝国开发的军工机械。随着后续机型逐步更新，作为陆战兵器开发的恐慌装甲退居二线，转型成了工兵部队的主要重型机械。传说中曾经有一位少年骑着恐慌装甲在敌军中横冲直撞，将对方杀得溃不成军。,0
068219.tex,004219.tex,6.X,1,卡吕冬堤斯,库洛奖状：金奖,,巨型野猪，曾是一方猛兽的王，作为君临在生态链顶端的怪物而凶名赫赫。附近的强大冒险者不堪其扰，召集伙伴打倒了这头巨型野猪。从那以后卡吕冬堤斯就学会了屈服，它只服从于最伟大的英雄，让英雄骑在它的背上，载着英雄横冲直撞。,0
068220.tex,004220.tex,6.X,1,优胜犬维克多,完成成就「传说怪物猎人」<br />达成“晓月A级精英杀手3”和“晓月S级精英杀手3”两个成就。<br />击杀晓月A2000只，晓月S1000只,,维克多是一只体型非常大的军犬。曾在加雷马帝国猎犬协会举办的大赛中赢得金奖，并因此受到了瓦厉斯皇帝的接见和表彰。不过大赛评价的是一条狗的体格、体态以及毛色和忠诚度，从来不曾评价过狗的战斗力，因此并没人发现维克多是一只很善良的不喜欢战斗的狗狗。你要骑它可以，让它打猎，那是万万不能的。,0
068221.tex,004221.tex,6.X,1,等级检测仪,参加FATE「侵略兵器召回指令：破坏侵略兵器希」并累积获得：希的螺栓x12（需2次金牌）<br/>拉札罕(X:10.6 Y:10)涅斯瓦孜，兑换<br /><br />FATE触发顺序：<br />1.侵略兵器召回指令：扩建通信设备<br />2.侵略兵器召回指令：保护N-6205<br />※通常基本以上循环，一定时间内反复刷新1-2<br />3.侵略兵器召回指令：破坏侵略兵器希，天外天垓(X:34.5Y:21.5)（大地图上不显示，靠近后小地图显示，参考伊克西翁）<br />※3的CD约24-36小时以上<br />两次金牌即可兑换小电视坐骑,,一台充满了谜团的机器，自称能检测你的等级。根据这台机器给出的报告显示，它第一次检测你时，你的最高等级是“90级”。不过也没人能够确认它说的是真的还是假的，倒不如说，它说的等级这个东西到底是什么？又是怎么规定的？,0
068223.tex,004223.tex,6.X,1,犀蜴,双色宝石相关<br />双色宝石的收据x500兑换<br />摩杜纳（X21.1 Y4.8）爱迪丽娜<br />晓月六个区域双色宝石等级全部打到3级后开放兑换：双色宝石的收据<br />100双色宝石=1双色宝石的收据（100:1）,,原产西方新大陆的四脚兽。虽然犀蜴是一种非常凶猛难以驯化的动物，但辉鳞人已经掌握了饲养犀蜴的方法。驯化过的犀蜴既可以驮运活物也可以当坐骑载人，得益于它们与生俱来的巨角以及强大的冲刺冲击能力，犀蜴也能成为一种很好的攻城兵器。,0
068224.tex,004224.tex,6.X,1,仙子猪大王,2022年6月官方「再度重逢的女儿节」运营活动的奖励,,大型猪使魔。猪大王是仙子猪量产计划的副产物，非常不幸地并没有治疗被精炼者的能力。人们本着不浪费一口粮食的精神，仁慈地给了它一个新的去处。于是猪大王被打扮一新，成为了冒险者你的坐骑。,0
068191.tex,004191.tex,6.X,1,阿里翁,道具商城购买「6.0电子典藏包」,,通过来源不明的魔笛召唤出来的传说中的幻兽。传说中大英雄的爱马，不论多么危险的地方，它都能带着骑手生还。据说如果没有如同太阳般的灵魂，它是绝对不会让骑手骑上背的。,0
068213.tex,004213.tex,5.55,,魔法幻卡,完成成就「狂热幻卡收藏家」<br />将编号1至编号312的九宫幻卡全部获取,,艾欧泽亚最强的雕金匠戈德伯特·曼德维尔亲手制作的搭乘用幻卡。曼德维尔决定将这张亲手制作的幻卡赠与收集了众多幻卡并展现出对幻卡抱有真爱的人。此外在这位最强雕金匠的超绝技艺下，不知道为何这张幻卡居然会飞……,0
068200.tex,004200.tex,5.55,1,王冠号,完成成就「博兹雅的记录员」<br />达成“南方博兹雅战线的记录员”“女王古殿的记录员”“扎杜诺尔高原的记录员”三个成就。,,乘坐王冠号。利用飞空石的力量浮空的空中摩托。可以供双人搭乘。,0
068208.tex,004208.tex,5.55,1,恐爪龙,扎杜诺尔高原「旗舰达尔里阿达号攻略战」一定几率掉落,,栖息在伊尔萨巴德大陆南部的肉食性蜥蜴。属于常见于黑衣森林的盗龙的近亲。常常两只一组结伙进行狩猎，有着不符于外表的智力。为此常有人将其训练后用于战斗或骑行。,0
068197.tex,004197.tex,5.5,1,雌羚羊,重建伊修加德(天穹街 X:12.0 Y:14.0)<br />天穹街振兴票8400点交换,,主要栖息于草原地带的食草动物。在第七灵灾之前曾有众多的个体生活在山岳地区库尔札斯。人们为了获得羊肉和羊奶，不断尝试将其驯服作为家畜，可因为该生物性情多变，所以负责骑乘训练的人必须要有十足的耐心。,0
068198.tex,004198.tex,5.5,1,雄羚羊,重建伊修加德(天穹街 X:12.0 Y:14.0)<br />庆典参加证书x30交换,,主要栖息于草原地带的食草动物。由于动作迅捷，自古便被阿巴拉提亚的山岳人民当做坐骑。近几年随着古代魔法术式的普及，魔力充沛的骑手甚至能够使其翱翔于空。,0
068199.tex,004199.tex,5.5,1,黑钢机龙连达巴非,获得并使用7匹玲龙魔笛后<br/>去基拉巴尼亚湖区完成任务“机龙怒号”,,传说中拥有钢铁之翼的机械龙。被认为是古代亚拉戈帝国为了对抗龙族而开发出的一种机械兵器，外观神圣且庄严。据说只有真正的英雄，才能骑到它的背上。,0
068201.tex,004201.tex,5.5,1,巡航驱逐者,道具商城购买,,将青蓝之手开发的可变形士兵进行调整后，改造成了可供骑乘的机体。能从人型的枪手形态变形成飞空艇型的射击形态。据说因其外形设计细心考究，所以加隆德炼铁厂模型师正打算将其模型化。,0
068209.tex,004209.tex,5.5,1,钻石玲龙,钻石神兵狂想作战-稀有掉落,,用充满了疑似被钻石神兵吸收的未知蛮神魔力的魔笛召唤出来的魔法生物。据残存于维尔利特的数据来看，该蛮神的召唤者很可能来自科尔沃人组建的抵抗势力。,0
068210.tex,004210.tex,5.5,1,极地熊,国际服2021年红莲节奖励,国际服2021年红莲节奖励,从北洋而来的白熊。为了寻求冰品的材料，出发前往了北洋岛屿的糕点师内可可在当地给它喂食了点心，结果被它喜欢上了。除此之外，它对努力帮忙想要成功举办红莲节的冒险者也抱有好感。,0
068211.tex,004211.tex,5.5,1,巨鲶鱼金轿,摩杜纳(X:22.1 Y:4.8)爱迪丽娜<br />5000w金币购买,,连续举办七年大鲶大祭需要庞大的资金支持，不过万幸的是，罗薇娜所著的?大商人论?中记载着解决问题的方法。想要大赚一笔的话，只要贩卖价值昂贵的商品就好了。那还有什么比附赠八位轿夫、全体镀金的神轿更完美的商品吗？,0
068212.tex,004212.tex,5.5,1,金蛇大人的罐子,游末邦(X:10.0 Y:11.2)塔贝丝<br />2500w金币购买,,被人从隆卡遗迹盗挖出来之后，被卖到黑市的不可思议的罐子。只要吹响附赠的魔笛，这个罐子就会发出金色的光芒，同时里面还会填满东西。据说沐浴到金蛇大人神秘之光的人将会获得幸福。,0
068187.tex,004187.tex,5.5,1,月鲸,国际服2021年粉丝节贩卖,国际服2021年粉丝节贩卖,加隆德炼铁厂开发的魔导船。据说其像是鲸鱼一样的独特形状是模仿了在密西迪亚传说中登场的船只。包括驾驶员在内，可供8人乘坐，拥有超强的运输能力。,0
068189.tex,004189.tex,5.45,1,刻耳柏洛斯,48人本「女王古殿零式」通关成就奖励,,被封印在第三星历时代遗迹的魔兽型妖异。原本就连高位的妖异都很难将其驯服，可经过亚拉戈制造的装置，如今已经被完全控制住了。,0
068195.tex,004195.tex,5.45,1,加百列III号机,24人本「女王古殿」最终Boss宝箱一定几率掉落,,运用了先行交货的加百列实验机的缩小版框架，经第四军团之手独自建造的机体。内部框架使用了会对驾驶员的魔力产生反应的素材，因此会发出亮光，但其详细原理仍然不明。,0
068186.tex,004186.tex,5.x,1,雪人,2021年星芒节奖励,,星芒节时期制作的雪人。在基拉巴尼亚地区，为了祈求寒冷与白雪能够带来恩惠，人们有使用初雪制作雪人的传统，这种文化后被星芒节吸收。这个雪人是用流传于格里达尼亚的幻术知识制作的。,0
068188.tex,004188.tex,5.4,1,伊甸,伊甸零式希望乐园 再生之章4-掉落,,将魔力灌入从伊甸内部回收的水晶后，诞生出了该物体。虽然有着与伊甸本体相似的外表，不过这并不是食罪灵，当然也没有引发光之泛滥的危险。可能是像使魔一样的东西。,0
068190.tex,004190.tex,5.41,1,大壳蟹,重建伊修加德(天穹街 X:12.0 Y:14.0)<br />天穹街振兴票8400点交换,,某个贪心的卢恩族想要饱餐一顿，于是给予了贝类过量的食饵，可由于日久生情，最终还是没有吃掉它。其结果就是它被养得超级巨大，并学会了为人类干活。,0
068192.tex,004192.tex,5.4,1,绿宝石玲龙,绿宝石神兵狂想作战-稀有掉落,,用充满了疑似被绿宝石神兵吸收的未知蛮神魔力的魔笛召唤出来的魔法生物。拥有流线型的翠玉色装甲。不知为何，好像有人将魔笛的知识共享给了所有召唤者。,0
068193.tex,004193.tex,5.4,1,原型魔导机车大魔,群狼盛宴第十七赛季，单人排位名次前一百名,,哥布林族的技师将从基拉巴尼亚回收的帝国制魔导兵器的残骸进行修理改良后制造出的试验车辆。听说由于太过追求行驶速度，导致其拥有了自我意识。如果真是这样的话还挺可怕的。,0
068194.tex,004194.tex,5.x,1,巧克力小妖,罗森联动，2022年1月3日至4月2日,,成长到惊人体型的叶小妖。为了给各个城市送去美味的巧克力，今天它也在打起精神四处奔波。浑身散发着淡淡的甜香味，只是遇见便会有种幸福的心情。,0
068196.tex,004196.tex,5.4,1,建筑06S号,幻巧拼图<br/>幻巧叶x600 兑换,,友善的地灵族一派为了与人进行交易而制造并贩卖的装甲巨兵。除了采用利姆萨·罗敏萨的红色主色调进行涂装以外，还将推力增强了30%。只不过这不代表可以以3倍的速度前进。,0
068185.tex,004185.tex,5.3,1,英西塔土斯,幻巧拼图<br/>幻巧叶x600 或 库洛奖状：金奖 兑换,,受到了商人“罗薇娜”的祝福，过着非常奢侈生活的妖马。十分聪明并且被认为能听懂人话，还时不常地会竖起耳朵听库洛·阿里亚珀讲故事。据说不知何时起，它被冒险者的故事所吸引，决定要成为冒险者的跟班。,0
068184.tex,004184.tex,5.3,1,艾尔·图,艾尔·图的老主顾-满心奖励,,对制作产生了兴趣的龙族。最初还是体型小巧的幼龙，最终完成了进化。为了适应工匠的工作需要，前肢的形状发生了变化，以便于使用工具。该形态的进化实属罕见。,0
068183.tex,004183.tex,5.3,1,改良型魔导运输器,群狼盛宴第十六赛季，单人排位名次前一百名,,由加雷马帝国魔导院开发的次世代运输平台。重新审视内部构造后改善了维护的便捷性。此外还精简了整体大约8%的重量，青磷水的燃烧效率也得到了进一步的提高。,0
068182.tex,004182.tex,5.3,1,地缚猫沙发,妖怪手表联动,,以妖怪地缚猫的形象设计的不可思议的椅子。虽然是以地缚猫为原型，不过不知为何能够飞起来。据说坐上去的感觉超棒，不管是人类还是妖怪，只要坐上去都会变得懒洋洋的。,0
068181.tex,004181.tex,5.3,1,光之玲龙,光之战士幻耀歼灭战-稀有掉落,,利用充填了英雄以太的魔笛召唤出的魔法生物。据说在某个世界曾经的英雄为了打倒邪恶而在冒险途中可能将这样的生物作为了伙伴。可真相永远藏在光芒之中。,0
068180.tex,004180.tex,5.31,1,硕山羊,重建伊修加德(天穹街 X:12.0 Y:14.0)<br />天穹街振兴票8400点交换,,长有仿佛弯刀一样弯曲大角的食草动物。原本栖息于北阿巴拉提亚山脉区域，在灵灾后迁移到了库尔札斯。是一种非常原始的古代种，据说某些极少的个体还觉醒了魔法的资质。,0
068179.tex,004179.tex,5.35,1,加百列α,南方博兹雅战线<br/>上锁的宝箱-稀有掉落,,在开发新型飞行魔导装甲“加百列”的开发途中制造的缩小版实验机。据推测开发技术组在建造全尺寸的试作品前，曾用该机体验证空气阻力等特性。,0
068178.tex,004178.tex,5.3,1,矮人战车,矮人族友好度到达-誓约后<br/>在该友好部族商店商店用18枚绿蛙币兑换,,集结了沃茨之锤的最新技术，制造出了传说中的铁匠沃茨所设想的装甲战车。主体运用了矮人酒精式9缸星形引擎，并装配有用于对付食罪灵的可旋转魔装炮以及机械臂。,0
068177.tex,004177.tex,5.3,1,陆行鸟篷车,道具商城购买,,由陆行鸟牵引的浮空篷车。大约在100年前，人们确立了借由填充青磷气体的气球，从而使货台浮空的技术。该技术的灵感来自黑衣森林的鸟人族所发明的装甲气球。,0
068175.tex,004175.tex,5.35,1,劳动十四号,南方博兹雅战线<br/>博兹雅晶簇×180 兑换,,帝国军第四军团从机工都市高古的遗迹发掘出来的被称为劳动型铁巨人的古代兵器。帝国军将其进行了改造加强了战斗力。像这样的机体全都改装了帝国样式。,0
068166.tex,004166.tex,5.21,1,长颈驼,重建伊修加德「库啵好运道」一等奖,,想吃相邻隣浮岛上的树叶时，不小心踩空掉下去的长颈驼。在掉落途中，散发出不想死的强烈思念后，觉醒了隐藏于身的才能，可以操控风属性以太在空中自由飞翔。当然，这都是传说。,0
068167.tex,004167.tex,5.21,1,白化黑羊,重建伊修加德(天穹街 X:12.0 Y:14.0)<br />天穹街振兴票8400点交换,,在艾因哈特家领地饲养长大的羊。本应该是一身黑毛的黑羊，结果却长着一身白毛。因为太过稀有，所以人们没有吃掉它，以至于长到现在，体型大到能载人。,0
068169.tex,004169.tex,5.21,1,无齿翼龙,"完成成就「苍天街的复兴之王」<br/>在重建伊修加德工程中，所有的制作职业和采集职业均累计获得500,000点技巧点。",,在云冠群岛捕获的甲鳞纲生物。依靠着吃投弃在恩惠号的兽骨和剩饭为生，因此也慢慢变得亲近人类。如今，还会同意习惯了云海冒险者骑在自己背上。,0
068164.tex,004164.tex,5.2,1,搬运魔石精,道具商城购买,,很少见的巨大魔石精。因为吃了太多矿石导致身体变得巨大，结果卡在了狭小的坑道中，在被路过的采矿工救出之后，便为了报恩开始搬运人们。最近它变得更加喜欢搬运人了。,0
068174.tex,004174.tex,5.2,1,水蛇大人的罐子,奇塔利族友好度到达-誓约后<br/>在该友好部族商店商店用18枚橡果币兑换,,明明是一个空罐子，当奏响了罐子中的魔笛后，就变得装不进东西了。就算再怎么调查，也得不到答案。水蛇大人就是如此神秘。,0
068170.tex,004170.tex,5.2,1,红宝石玲龙,红宝石神兵狂想作战-稀有掉落,,用充满了疑似被红宝石神兵吸收的未知蛮神魔力的魔笛召唤出来的魔法生物。拥有类似甲壳的红色装甲。不知为何，好像有人将魔笛的知识共享给了所有召唤者。,0
068171.tex,004171.tex,5.2,1,弓鲛,"完成成就「游钓大洋2」<br/>在1次出海垂钓中获得10,000以上渔分。",,龙卷鲨的近亲，腹部的操魔器官可以操控风属性以太使自己飞在空中，以捕食云海的鱼和鸟。头部的四片鱼鳍可以改变风的流向，同时就能改变自身飞行的方向了。,0
068172.tex,004172.tex,5.2,1,拉姆,伊甸零式希望乐园 共鸣之章4-稀有掉落,,构想请神副产物的小结晶，注入魔力后会召唤出魔法生物。召唤拉姆时残留的雷属性以太，在召唤希瓦时被排出，瞬间形成了小结晶。正因如此，才会是拉姆的外形吧。,0
068173.tex,004173.tex,5.2,1,红电气宝石兽,道具商城购买,,自称天才秘术师的乌兰创造出的用于骑乘的魔法生物，运用了培育大型宝石兽“钻石”所积累的知识。由于宝石兽的核心使用了大颗的红电气石，所以即使不是秘术师也可以将其召唤出来。,0
068161.tex,004161.tex,5.18,1,墨诺提俄斯,群狼盛宴第十五赛季，单人排位名次前一百名,,加隆德炼铁厂试作的魔导兵器。通过分析制作厄毗米修斯时的数据，再进行微微改良后，使得该魔导装甲乘坐变得更加舒适且容易量产，稍微遗憾的是没能提高最大速度。,0
068160.tex,004160.tex,5.18,1,厄毗米修斯,群狼盛宴第十三赛季，单人排位名次前一百名,,加隆德炼铁厂依照拂晓血盟的谍报人员从帝国带回来的设计图再现出的魔导兵器。不过，设计图的情报有欠缺，按照推测摸索制造的结果，使得该兵器变成了小型的单人车辆。,0
068158.tex,004158.tex,5.15,1,魔界花,完成成就「青之豪杰」<br/>达成“通晓大迷宫的青魔法师”“通晓机工城的青魔法师”两个成就。<br/>'仅限由青魔法师组成的小队，在不解除人数限制并开启超越之力无效化的状态下完成【邂逅4】【入侵4】【真源4】【零式启动4】【零式律动4】【零式天动4】。,,原本是天青斗场为了举办假面狂欢而购入的魔物，可是没想到其性格意外的随和，以至于无法派上用场。为此特地转交给了青魔法师行会，但因为其臭味微弱也无法用于学习青魔法“臭气”，于是最终被当成了坐骑。,0
068162.tex,004162.tex,5.15,1,建筑7号,完成成就「那达慕的勇者5」<br/>加入黑涡团、双蛇党、恒辉队中的任一部队并在昂萨哈凯尔取得100次胜利。,,地灵族制造的装甲巨兵。其本体并非机械而是一种穿着甲胄的巨像兵。黑涡团在与地灵族的一场战斗中将其缴获，经过纳尔迪克,0
068168.tex,004168.tex,5.11,1,巫菲提,重建伊修加德(天穹街 X:12.0 Y:14.0)<br />天穹街振兴票8400点交换,,栖息在云冠群岛的人猿，曾被人们肆意猎捕。它们有追随强者的习性。为了追随当年打倒自己的强者，巫菲提学会了如何乘坐云海之风，离开了云冠群岛踏上了旅途。,0
068176.tex,004176.tex,5.1,1,王孔雀,道具商城购买,,孔雀是捕食毒虫的益鸟，加上其雄性的羽毛非常美丽，在近东至东方地区自古以来都被视作珍禽。王孔雀则是将源自奥萨德次大陆的孔雀用风水术改良后得到的大型品种。,0
068163.tex,004163.tex,5.1,1,暗影玲龙,哈迪斯孤念歼灭战-稀有掉落,,用充满了哈迪斯魔力的魔笛召唤出来的魔法生物。这应该是爱梅特赛尔克打发时间时创造出来的魔法生物。曾经的古代人可以随意创造出这种级别的生物。,0
068165.tex,004165.tex,5.1,1,得到宽恕的沉默,怪物狩猎-怪物狩猎的战利品3200点交换<br />(水晶都 X:9.4 Y:9.5)(游末邦 X:11.0 Y:10.8),,在游末邦地下室发现的食罪灵。听到传闻的狂热兵团的怪物猎人们为讨伐前往了地下室，发现它不仅不抵抗，还非常顺从。所以变成了骑乘用的食罪灵。,0
068159.tex,004159.tex,5.1,1,猪大仙,仙子族友好度到达-誓约后<br/>在该友好部族商店商店用18枚幻晶币兑换,,恩莫族的拉各·因克制作的骑乘用仙子猪。非常喜欢香肠的味道，没事就会跑进熏制室，所以身上会有香肠的香味。虽然骑起来很舒适，可总会让人感到饥饿。,0
068149.tex,004149.tex,5.05,1,气垫船,伊甸零式希望乐园 觉醒之章4-稀有掉落,,在水晶塔被发现，中庸工艺馆的匠人们进行了修复的浮行式移动机械。本身是皇族的超豪华座驾，但却被乘完后丢在了某个洞穴的门口。不得已用飞空艇进行回收后一直被存放在水晶塔的机库里。,0
068152.tex,004152.tex,5.05,1,魔法飞床,刻木匠Lv80，2星生产配方<br/>材料「附魔榆木木材」梦羽宝境4、5区掉落（云海23）<br/>材料「白云花」云海探索掉落（云海23）,,施了魔法的飞天睡床。孚布特王国时代一位绝对不想离开床铺的王族找人设计制作的魔法床。做成后懒惰的王族由于支付不起相应的代价而上了天。,0
068157.tex,004157.tex,5.x,1,斗虎,完成成就「为人民服务的绝枪战士3」,,经过训练适应了战斗的军剑虎。在北洲伊尔萨巴德的博兹雅地区有一种传统，这种兽会作为军用兽与步兵部队一起同行。这种部队的士兵们很亲切地将自己的搭档称为“猫咪”。,0
068156.tex,004156.tex,5.x,1,阿马罗,完成成就「精武之猛者」和「导魔之谋者」<br />※全战斗职业80级,,在诺弗兰特全域获得广泛运用的飞行兽。古代隆卡帝国的魔法师们用魔法对家畜进行品种改良后的产物，偶尔会出现继承了古代血统拥有高度知性的个体。此外原种的卡玛并不具备翅膀与飞行能力。,0
068155.tex,004155.tex,5.x,1,金斗云,道具商城购买,,据说在东洲奥萨德大陆的边境山中居住着仙人，金斗云正是由这个仙人创造出来的秘术。用魔力将云朵聚集成型，便可乘坐在上面飞翔于空中。散发着金色的云朵传说能给乘坐者带来财运。,0
068154.tex,004154.tex,5.x,1,大陆之眼,2020年守护天节奖励,,大陆马戏团饲育的用于表演的妖异。本来期待它能用恐怖视线来从人们那里收集恐惧之力，可是它却好像没有这方面的才能。现在成为了尊敬的冒险者的侍从。,0
068153.tex,004153.tex,5.x,1,无瑕玲龙,无瑕灵君歼殛战-稀有掉落,,用充满了无瑕灵君魔力的魔笛召唤出来的魔法生物。其光辉让人联想到无瑕灵君的身影，不过这个个体当然不是食罪灵。,0
068151.tex,004151.tex,5.x,1,青蛙号M,参加FATE「激斗畏惧装甲之秘密武器」并累积获得：畏惧装甲的内部结构中使用到的齿轮x12（需2次金牌）<br/>游末邦：树梢层(X:10.2 Y:11.6)法萨德，兑换<br /><br />FATE触发顺序：<br />1.激斗畏惧装甲之危险逼近<br />2.激斗畏惧装甲之新的情报<br />※通常基本以上循环，一定时间内反复刷新1-2<br />3.激斗畏惧装甲之秘密武器(X33.7Y22.1)（大地图上不显示，靠近后小地图显示，参考伊克西翁）<br />三次金牌即可全部兑换毕业（宠物+机器蛙坐骑）,,矮人族的工匠制造的中型自走人偶。设计成用于日常使用的机体，因此对脚部周围进行了强化，并且搭载了可供飞行的推进装置。可是其制造方法根据村规被视为机密不得公开。,0
068150.tex,004150.tex,5.x,1,三角龙,完成成就「暗影A级精英杀手3」和「暗影S级精英杀手3」<br />※第一世界A击杀2000只、S击杀1000只,,有着三根角的古代兽。其背部配有运用了龙卡文明术式的魔法浮游鞍。据说是狂热兵团的创立者，莫古力族的纳兹在探索古代遗迹时发现的东西，之后对其进行了调整。,0
068148.tex,004148.tex,5.x,1,仙子玲龙,缇坦妮雅歼殛战-稀有掉落,,用充满了缇坦妮雅魔力的魔笛召唤出来的魔法生物。据说这个魔笛是古代魔法师为了再现架空的生物“龙”而制作出来的。,0
068143.tex,004143.tex,5.x,1,战虎,完成成就「为人民服务的绝枪战士2」,,经过训练适应了战斗的军剑虎。最值得注目的就是它那犹如军刀般的长牙，军剑虎之名也因此由来。训练军剑虎是一件非常困难的工作，需要从幼崽时期开始进行培养训练，最终才能成为骑乘兽。,0
068128.tex,004128.tex,5.x,1,格拉尼,道具商城购买,,通过来自第一世界的魔笛召唤出来的传说中的幻兽。拥有飞驰于大地的脚力和飞翔于天际的魔力。以性格高傲为人所知，只允许驱逐光明带来黑暗的暗之战士骑乘。,0
068144.tex,004144.tex,4.56,1,优雷卡盐蓝燕,「优雷卡 丰水之地」变异的宝箱,,从博物学上看应当是海参的近亲，但有着如同翅膀一般伸展开来的蓝色的鱼鳍，身姿十分优美，因此经常被比喻为燕子，有时也会被成为青色的天使。但事实上是会连有毒生物也一起吞下的凶猛食肉捕食者。,0
068138.tex,004138.tex,4.56,1,雷迦利亚G型,FF15联动（限时）,,西德受到诺克提斯的委托，修理了其爱车雷迦利亚，在解析了修理过程中获得的数据后，制造出了这辆仿造品。由于引擎用青磷引擎进行了替换，并进行了一些改造，于是名字也一同改造成了加隆德炼铁厂风格。,0
068146.tex,004146.tex,4.55,1,半灵奥兹玛,完成成就「称霸兵武塔1」<br/>首次成功挑战兵武塔。,,巴尔德西昂委员会的研究员在研究针对奥兹玛原型的策略的过程中制造出的仿制品。根据他们的见解，玛哈的黑魔法师创造出的奥兹玛是将奥兹玛原型用魔法再现出的兵器。,0
068145.tex,004145.tex,4.56,1,魔导复仇者寒冷地区特制型,完成成就「隐塞之翼」<br/>在隐塞（机动战）中取胜100次。,,哥布林族改良过的帝国制无人魔导兵器。为了能在寒冷地区使用，增加了生命维持装置。外界气温下降到一定程度时，拘束驾驶员的操纵臂会自动开始加热，以此来保温。其“雪人”的外号来源于白色的涂装。,0
068147.tex,004147.tex,4.5,1,魔法飞毯,道具商城购买,,施了魔法的飞天绒毯。根据近东地区的传说，曾经统治科尔沃地区的王，曾命令被自己降服的妖灵制造了同样的飞天绒毯。本品是以近代魔法技术重现这一传说之物的成果。,0
068142.tex,004142.tex,4.5,1,青君神威,青龙诗魂战-稀有掉落,,被四圣兽之青龙灌输了神通力的巨狼，周身缠绕着青色的云水。它大概是被人类所抛弃了，青龙将其苏生后化为了现在的样子。,0
068141.tex,004141.tex,4.5,1,九尾神威,搜集全部蛮神犬后，去黄金港(X:11.6Y:9.9)找卖报人<br/>完成任务「九尾降临于世」<br/>※NPC卖报人满足条件时才会出现,,东方地域传说中的幻兽。收服了数匹神威的英雄吹响魔笛之时便会现身，引导其通往天上的世界。身姿与同为九尾狐狸的玉藻御前十分相似，这究竟是不是偶然呢？,0
068140.tex,004140.tex,4.5,1,帝王仙人刺,"2,000,000金碟币兑换",,仿照曼德维尔金碟游乐场制作的飞行仙人刺雕像。正如其帝王之名，飞向空中的姿态威风凛凛。至于为何金碟游乐场的外形是仙人刺形状的这一点没有人知道。,0
068139.tex,004139.tex,4.5,1,改良型魔导机车大魔,群狼盛宴第十二赛季，单人排位名次前一百名,,哥布林族的技师将从基拉巴尼亚回收的帝国制魔导兵器的残骸进行修理改良后制造出的车辆。外壳改为了更加坚固的高强度陶瓷合金，增加的重量由加大了人造肌肉的输出来平衡，由此维持最高速度。,0
068134.tex,004134.tex,4.5,1,黑色胖陆行鸟,国际服日本线下吃鸡（块）活动<br/>限日版账号参与,,贪吃的黑陆行鸟的老大。最喜欢油炸食品，在无我梦中不断地狂吃下，身体变得如此巨大。据小道消息，其真身并不是陆行鸟而是精灵一类的……,0
068133.tex,004133.tex,4.5,1,魔导机车大魔,群狼盛宴第十一赛季，单人排位名次前一百名,,哥布林族的技师将从基拉巴尼亚回收的帝国制魔导兵器的残骸进行修理改良后制造出的车辆。原本是自动驾驶的机器，但由于无法重现出自动驾驶功能，于是改造成了人工驾驶型。,0
068137.tex,004137.tex,4.45,1,火巨人,优雷卡：涌火地带<br/>幸福兔的金箱-稀有掉落,,全身被火焰般的皮毛覆盖的巨兽。原本只是随处可见的雪人，但在涌火地带强烈的火属性之力的影响下获得了火焰的魔力。一般都是侍奉凶暴的个体，但若是能使其屈服的话就能够驾驭对方。,0
068136.tex,004136.tex,4.4,1,提丰老师,"750,000金碟币兑换",,在咒术师举行的妖异召唤实验中被意外召唤出来的谜一样的生物。经历了各种曲折后，现在正在曼德维尔金碟游乐场繁忙地工作着。虽然不善言谈，但让人意外的是它会很认真地完成自己的工作。,0
068135.tex,004135.tex,4.45,1,SDS芬里尔,国服FanFest2019贩卖道具,,以幻兽芬里尔命名的战斗机车。是一辆名副其实拥有大排气量、能够高速行驶的机车。顺便一提，SDS是斯特莱夫配送服务的简称。,0
068132.tex,004132.tex,4.4,1,魔导浮空装甲,20000狼印战绩兑换<br/>狼狱停船场（X:4.4 Y:6.1）物资负责人,,加雷马帝国军开发的单座式浮空装甲。艾欧泽亚同盟军虏获了因为引擎故障而坠落的魔导浮空装甲。经过加隆德炼铁厂的协助完成了修理。曾用于测试评价战斗能力。,0
068131.tex,004131.tex,4.4,1,欧米茄,欧米茄零式时空狭缝 阿尔法幻境4-稀有掉落,,在时空狭缝中回收到的外形与欧米茄十分相似的自律飞行机器。据猜测应该是在模仿人类时，为了检验坐骑到底是否有用，而被制造出来的机体。因为只限骑乘用，所以不具备任何武装。,0
068130.tex,004130.tex,4.4,1,朱焰神威,朱雀诗魂战-稀有掉落,,被四圣兽之朱雀灌输了神通力的巨狼，周身燃烧着朱红色的烈焰。它曾经为了救助人类而奋战至死，朱雀将其苏生后化为了现在的样子。,0
068129.tex,004129.tex,4.4,1,猫大胖,道具商城购买,,长得肥肥的大猫。它摇晃着那巨大的身体撼动着大地与天空，纵横无尽地四处飞奔。感觉已经变成像是猫妖一样的生物，不过身上的脂肪和皮毛给骑乘的人带来非常舒服的体验，所以细节的事情就不要在意了。,0
068127.tex,004127.tex,4.3,1,幽夜神威,月读幽夜歼灭战-稀有掉落,,受到夜神的祝福，散发着月光之力的巨狼。它的出现有可能是由于以帝国军设施为领地的野生狼受到了夜神以太的影响。,0
068126.tex,004126.tex,4.35,1,绝地,完成成就「真正英雄的证明」,,在天之御柱中发现的健壮的军马。被古代的君王所钟爱，称其为“快到离开地面的骏马”并得名绝地。事实上，绝地可以在风水术的帮助下在空中飞翔。,0
068125.tex,004125.tex,4.35,1,火龙,"火龙上位狩猎战-稀有掉落<br/>或猛汉加工屋 黄金港（X:9.8,Y:8.9）<br/>「火龙的上鳞」50枚交换",,被誉为空之王者的飞龙种，可以喷吐出炽热的吐息。<br/>据说在遥远的异国他乡，有很多猎人为了得到它身上的鳞片等素材而孜孜不倦地狩猎着。,0
068124.tex,004124.tex,4.35,1,原型运输器,群狼盛宴第八赛季，单人排位名次前一百名,,在加雷马帝国魔导院完成开发的次世代运输平台。本机为试做机，跟之后量产的型号相比运用了更高品质的钢材。但是基本性能没有很大差别。,0
068123.tex,004123.tex,4.35,1,魔导运输器,群狼盛宴第七赛季，单人排位名次前一百名,,在加雷马帝国魔导院完成开发的次世代运输平台。运用了飞空艇技术，乘坐感极为舒适。令人忍不住会“哈哈哈……”地笑出来。另外本机为纯粹的运输用机体，因此不具备任何战斗能力。,0
068122.tex,004122.tex,4.35,1,渡渡鸟,天之御柱-「白金宝藏」稀有掉落,,被认为已在东方地域灭绝的幻之陆鸟。为了适应天之御柱上层的封闭环境而获得了超越种族界限的飞行能力。以和冒险者的相遇为契机，下定决心要去外界展翅翱翔。,0
068120.tex,004120.tex,4.3,1,护送系统,完成成就「常在战场5」,,圣寇伊纳克财团所挖掘出来的古代亚拉戈帝国球形运输系统。<br/>在更新操作系统之后，安全面得到了强化。与以往的型号相比，美中不足的是操作界面发生了改变。,0
068119.tex,004119.tex,4.35,1,须鲸,道具商城购买,,栖息于琉璃洋的大型生物。会成群结伴移动很远的距离前往外洋觅食。和斑鳐同样，须鲸也会将身体作为以太翼一样进行飞翔。因为身体巨大，所以可以轻松承载好几个人。,0
068118.tex,004118.tex,4.3,1,巨鲶鱼神轿,鲶鱼精友好度到达-誓约后<br/>在该友好部族商店商店用20枚鲶鱼小判兑换,,在大鲶大祭中使用的浮空前进式神轿。<br/>神轿顶端装饰着金光闪闪的鲶鱼精祖先——巨鲶鱼大人的雕像，<br/>完美重现了鱼信在梦境中遇见的巨鲶鱼大人的身姿。<br/>神轿还附有对冒险者忠心耿耿的8位鲶鱼精轿夫跟随。,0
068117.tex,004117.tex,4.3,1,空军装甲,欧米茄零式时空狭缝 西格玛幻境4-稀有掉落,,西格玛幻境制造出的谜之飞行器。似乎是某个国家开发的，不过详细无从得知。由于机头被画上了鲨鱼张着嘴的涂鸦，看上去还有点可爱。,0
068116.tex,004116.tex,4.25,1,暴龙,常风地带上锁的宝箱-稀有掉落,,被人叫做“暴君”的古代肉食兽，由于长时间沐浴在瓦尔岛的风属性以太中，拥有不可思议的浮游能力。虽然性格凶暴无比，但会服从认定了实力的冒险者。,0
068115.tex,004115.tex,4.4,1,飞天半心椅（左）,2019年恋人节奖励,,为了庆祝恋人节而特制的飞天椅。是以前恋人节剩下的半心椅改良而成。听说是莉赛特为了实现飞在天上的蜜月而费尽心力开发的。,0
068114.tex,004114.tex,4.4,1,飞天半心椅（右）,2019年恋人节奖励,,为了庆祝恋人节而特制的飞天椅。是以前恋人节剩下的半心椅改良而成。听说为了让椅子浮起来，瓦伦提昂家动员家里所有人栽培白云花。,0
068113.tex,004113.tex,4.2,1,真狮鹫,阿难陀族友好度到达-誓约后<br/>在该友好部族商店商店用18枚魔金锡币兑换,,原产于阿巴拉提亚山脉的有翼魔兽。由阿拉米格解放军的驯兽人基弗用心养育。可以听从骑手的命令扇起突风。另外，这只真狮鹫这么白似乎是品种原因。,0
068112.tex,004112.tex,4.2,1,魔象,阿难陀族友好度到达-誓约后<br/>在该友好部族商店商店用18枚魔金锡币兑换,,被阿难陀族使役的大型兽。身披魔力纤维织成的魔法绒毯，能够借助魔力浮游。当然魔象是不会飞的，更不会靠扇动耳朵来飞。,0
068111.tex,004111.tex,4.2,1,拘束型魔导死亡爪,"成就报酬-6枚成就币<br/>格里达尼亚旧街（X:10.6 , Y:6.3）乔纳森处兑换",,帝国将亚拉戈的古代兵器钢铁之爪改进后设计出的魔导兵器。配备给特务宪兵队的这台拘束型经过特别调整，可以拘束犯人将其带走。,0
068110.tex,004110.tex,4.2,1,白帝神威,白虎诗魂战-稀有掉落,,被四圣兽之白虎灌输了神通力的巨狼，周身刮着永不停息的天风。据说是白虎镇压了为祸人间的巨狼后诞生的。,0
068109.tex,004109.tex,4.2,1,赤兔马,道具商城购买,,赤兔马是统一延夏的名将岩燕的爱马。传说岩燕通过自创的风水术令赤兔也学会了飞上天空的技巧。据说这匹马继承了当年那匹赤兔的血统，不过无人能够分辨是真是假。,0
068108.tex,004108.tex,4.1,1,叶大妖,"750,000金碟币兑换",,茁壮成长后的叶小妖。一直在寻找理想中的住所，最终来到了金碟游乐场。在穿越撒沟厉沙漠的时候差一点干枯而死，没想到吸水后反弹，得到了让人目瞪口呆的巨大身体。,0
068107.tex,004107.tex,4.1,1,魔导复仇者骑乘型,完成成就「凯旋之翼3」,,哥布林族改良的帝国制无人魔导兵器。原本是无人机，后来被哥布林族得到。哥布林族为了将其用于骑乘而对其进行了改造，就变成了现在的样子。只是不太明白这究竟算是高科技还是低科技。,0
068106.tex,004106.tex,4.1,1,飞行座椅,炼金术士Lv70，2星生产配方<br/>材料「白云花」云海探索掉落（云海23）,,施了魔法的飞天座椅。飞行高度更高，但质量并没有变。工匠们时刻发明实用的设计与配方，要将手工制作的成品送给全世界的冒险者。多给的内六角扳手让人觉得十分周到。,0
068105.tex,004105.tex,4.1,1,黄水晶宝石兽,道具商城购买,,自称天才秘术师的乌兰创造出的用于骑乘的魔法生物，运用了培育大型宝石兽“钻石”所积累的知识。由于宝石兽的核心使用了大颗的黄水晶，所以即使不是秘术师也可以将其召唤出来。,0
068104.tex,004104.tex,4.1,1,海蓝宝石兽,道具商城购买,,自称天才秘术师的乌兰创造出的用于骑乘的魔法生物，运用了培育大型宝石兽“钻石”所积累的知识。由于宝石兽的核心使用了大颗的海蓝石，所以即使不是秘术师也可以将其召唤出来。,0
068103.tex,004103.tex,4.1,1,斑鳐,甲人族友好度到达-誓约后<br/>在该友好部族商店商店用12枚珊瑚币兑换,,由甲人族的饲鳐员训练出来的斑鳐。整个扁平的身体发挥了以太翼的功能，借助水属性与风属性以太，既可以在水中游泳，也可以在空中飞行。由于被优哉游哉的碧甲族饲养长大，性格十分敦厚。,0
068102.tex,004102.tex,4.x,1,星芒熊,2018年星芒节奖励,,星芒节执行委员贝恩费尔德饲养的熊，名叫帝星。为了哄孩子们开心而学会了投掷礼花筒的技艺，还用这招教训了偷窃星芒节装饰物的树精。,0
068101.tex,004101.tex,4.1,1,梦幻神威,神龙歼灭战-稀有掉落,,受到神龙的祝福，散发着神圣光芒的巨狼。它的出现有可能是由于阿拉米格军犬被神龙之光照射到了。,0
068097.tex,004097.tex,4.x,1,风火轮,道具商城购买,,传说中的英雄所使用的宝物。因二轮均能够喷风生火，故名风火轮，移动速度极快，踏在脚下可以日行千星里。虽然飞行时看起来火苗很大，但是并不会烧到人或物。,0
068096.tex,004096.tex,4.x,1,伊克西翁,"参加FATE「传说中的雷马——伊克西翁」并获得：伊克西翁的雷角12个<br/>神拳痕（X:13.8 , Y:11.8）艾西娜，兑换",,基拉巴尼亚地区传说中的古代幻兽。在星导教的教义中，它是破坏神拉尔戈的爱马，但来自玛哈的魔法书却将其记载为由魔具强化过的生物。唯一可以确定的就是它具备操纵雷电的能力。,0
068095.tex,004095.tex,4.x,1,兵团虎,完成成就「怪物猎人传奇」,,在百家兵团训练的猛虎。曾经有一名怪物猎人在讨伐恶名精英的食人虎时发现了其幼崽，出于同情便将它保护起来，交给了兵团的团员养育。经历过魔法训练，可以在空中飞行。,0
068094.tex,004094.tex,4.05,1,老者,欧米茄零式时空狭缝 德尔塔幻境4-稀有掉落,,欧米茄创造的类生物体，其名与某古典小说中的老魔法师一致。小说中该魔法师能够变身为龙的姿态，因此欧米茄也将老者创造为了龙的造型。,0
068093.tex,004093.tex,4.x,1,胡鹰,完成主线Lv65“巴儿达木霸道的试炼”,,栖息在太阳神草原山区的怪鸟。将巴儿达木霸道视为自己的地盘，将进入者视为自己的猎物。虽然是非常狰狞的猛禽，但只要是它承认的实力者，它就会把对方当成狩猎的朋友，并允许对方骑在自己背上。,0
068092.tex,004092.tex,4.x,1,斗豹,完成成就「为人民服务的暗黑骑士3」,,专门为了战斗而训练的军用黑豹。通过本能操纵魔力的黑豹对暗黑骑士而言堪比自然界之师。据说在历代的暗黑骑士中，还有人与黑兽为友，仿若黑影一般，四处奔走行使正义。,0
068091.tex,004091.tex,4.x,1,斗熊,完成成就「为人民服务的战士3」,,专门为了战斗而训练的军用大熊。虽然被称为北阿巴拉提亚山脉之主，但据说面对驯服了原初之力的真正战士时，只需要四目相交就能让它臣服。想必是它那野生的直觉在瞬间便感受到了能力高低的缘故吧。,0
068090.tex,004090.tex,4.x,1,斗狮,完成成就「为人民服务的骑士3」,,专门为了战斗而训练的军用狮子。乌尔达哈的近卫兵团“银胄团”为了复兴过去的传统而将其选为了坐骑。在从近东萨维奈邀请到的驯兽师的调教下，已经养成了完美的举止。,0
068089.tex,004089.tex,4.x,1,魔导猎手,鏖战红莲 阿拉米格-稀有掉落,,被人丢弃在阿拉米格城郭内的魔导猎手。虽然是以魔导死神为原型制作出来的强化近战能力与生产力的类型，但这台机体看上去却像是省略了武装，将剩余输出全部分给飞行功能的试制样品。,0
068088.tex,004088.tex,4.x,1,狂欢神威,须佐之男歼殛战-稀有掉落,,受到豪神须佐之男的祝福，散发着豪放之气的巨狼。它的出现有可能是因为甲人族把巨狼当成供品献给蛮神的缘故。,0
068087.tex,004087.tex,4.x,1,极乐神威,吉祥天女歼殛战-稀有掉落,,受到美神吉祥天女的祝福，散发着高贵光芒的巨狼。它的出现有可能是因为阿难陀族把巨狼当成供品献给蛮神的缘故。,0
068086.tex,004086.tex,4.05,1,飞隼号,4.0开启后，累积续费满3个月,,加隆德炼铁厂生产的小型试制飞空艇，由该厂干劲十足的机械师魏吉开发，目标是成为世界上最快的单座式飞空艇，但却在挑战极限的飞行测试中不幸坠落。现在已经装上了限制器。,0
068085.tex,004085.tex,4.x,1,希尔德拉,4.0电子典藏包-购买获得,,相传生活在大洋里的梦幻海龙。它的模样与传说中为自己的女海盗朋友拖拽海盗船的海龙一模一样。虽然不能像龙族那样说话，但据说只要被它视为了朋友，就能与它心意相通。,0
068084.tex,004084.tex,3.5,1,贤者座椅,"750,000金碟币兑换",,浮在空中的不可思议的座椅。是从龙堡参天高地的萨雷安遗迹中发现的。似乎是为了在迦巴勒幻想图书馆中拿到高处的书籍而制造出来的魔法道具。,0
068083.tex,004083.tex,3.x,1,首领妖精犬,群狼盛宴第四赛季，团队赛排名奖励,,生活在虚无界的狰狞魔兽。闪着银光的皮毛被深沉的黑暗染成了诡异的色调。虽然一直以首领的身份行走在危险的世界中，但据说浑身充满冰冷杀气的身经百战的强者却能够得到它的允许，骑在它的身上。,0
068082.tex,004082.tex,3.x,1,孤傲妖精犬,群狼盛宴第四赛季，单人排位名次前一百名,,生活在虚无界的狰狞魔兽。闪着银光的皮毛被猎物的血染成了妖艳的色调。虽然一直独自行走在危险的世界中，但据说浑身充满灼热斗气的身经百战的强者却能够得到它的允许，骑在它的身上。,0
068081.tex,004081.tex,3.55,1,首领地狱犬,群狼盛宴第三赛季，团队赛排名奖励,,生活在虚无界的残暴魔兽。率领众多魔兽在危险的世界连战连胜，散发出令人战栗的威慑感。想必只有浑身充满冰冷杀气的身经百战的强者才能够得到它的允许，骑在它的身上。,0
068080.tex,004080.tex,3.55,1,孤傲地狱犬,群狼盛宴第三赛季，单人排位名次前一百名,,生活在虚无界的残暴魔兽。从不追随任何妖异，以一己之力在那危险的世界存活，目光十分锐利。想必只有浑身充满灼热斗气的身经百战的强者才能够得到它的允许，骑在它的身上。,0
068079.tex,004079.tex,3.5,1,彩蛋系统,2018年复活节奖励,,用不可思议的力量浮在空中的彩蛋。是诺诺塔他们为了实现吉莉·阿里亚珀的梦境而用圣寇伊纳克财团发掘的古代文明遗物改造的。,0
068078.tex,004078.tex,3.5,1,凤凰,搜集全部蛮神鸟后，去田园郡找想要带路的冒险者（x12y11）<br/>完成任务「凤鸣朝阳」,,在东洲传说有这样一种神鸟——每当它寿命将至，就会用如同太阳一般耀眼的金色火焰烧尽自己，然后从灰中复活。虽然人类可以通过仙人制作的魔笛向凤凰发出呼唤，但是万鸟之主仅会回应它认可的英雄。,0
068077.tex,004077.tex,3.5,1,厉鬼猎鹰,祖尔宛歼殛战-稀有掉落,,受到鬼神祖尔宛祝福，全身缠绕着惊人杀气的巨隼。根据南方大陆人马族的传说，当与邪恶敌人开战前，鬼神会派遣它来宣告正义的裁决。,0
068076.tex,004076.tex,3.5,1,雷刚,完成成就「雷刚」,,只有经过无数战场洗礼的真正强者才配拥有的魔导马。雷刚比其他魔导马都要强壮，其装甲闪耀着黑色的光芒，似乎象征着背负的罪业……,0
068075.tex,004075.tex,3.5,1,银牙,完成成就「银牙」,,装甲闪耀着银色光芒的魔导马。只有斩杀了无数敌人并且通过“内心的试炼”的强者才被允许骑乘。,0
068074.tex,004074.tex,3.5,1,轰天,完成成就「轰天」,,装甲闪耀着金色光芒的魔导马。只有通过“内心的试炼”的强者才被允许骑乘。,0
068073.tex,004073.tex,3.4,1,阿里达乌斯,通关亚历山大机工城零式:天动篇4层,,使用亚历山大机神城内部的设备自动生成的攻击性终端。据说是用于时间干涉攻击而制造出来的。在激烈的战斗过后，对其进行了改造，解除了武装，现在可以作为骑乘工具来使用。,0
068072.tex,004072.tex,3.4,1,黑天马,死者宫殿151-200层「金饰宝藏」一定几率开出,,十分罕见的黑色天马，据说是在曾属于魔大陆一部分的传承之地发现的。如果是庸人骑在它的背上将会必死无疑，因此也称它是黑死马。,0
068071.tex,004071.tex,3.4,1,睿智猎鹰,索菲亚歼殛战-稀有掉落,,受到女神索菲娅祝福，散发着神圣氛围的巨隼。传说，当世间陷入混乱之际，女神会派遣神鸟播撒天平的砝码，来确保平衡。另外还有种说法称，这“砝码”指的就是生于人世的“英雄”。,0
068070.tex,004070.tex,3.5,1,仙术熊猫,道具商城购买,,从东洲奥萨德次大陆山岳地带深处的“蛇口”来到这里的熊猫。相传已经活了一千年，学会了仙术，能用不可思议的力量浮在空中。它似乎在寻找能够拯救东洲危机的英雄。,0
068069.tex,004069.tex,3.35,1,维斯帕前进号,妖怪手表联动,,以妖怪管家维斯帕的形象设计的改良型小型飞空艇。上面的华丽装饰是为了表彰与众多妖怪成为朋友并共同突破试炼这一伟业。据说是异国的诗人和来自异国的总裁赠予的礼物。,0
068068.tex,004068.tex,3.35,1,颅浮巨像,通关副本「死者宫殿」10次-用10个低保找NPC换取,,向巨大的头颅雕像中注入了魔法而创造出的浮空型巨像兵。据说是角尊艾·乌纳在研究无限城文明的雕像型守护者的过程中实验创造出的。至于这尊头颅雕像的创作主题，知情人士对此全都缄口不言。,0
068067.tex,004067.tex,3.35,1,逐月幻狼玛纳加尔姆,圣诞雪球大作战,,古老的幻兽，人们都以为这种生物早已灭绝。在阿巴拉提亚山脉的民间传说中，这种生物总是在追逐月亮，并且能够吞噬阳光。而事实上，玛纳加尔姆有着非常强大的魔力，能够发出幻象之火，还能够在天空中驰骋。,0
068066.tex,004066.tex,3.3,1,浮空系统,完成成就“荣誉之战5”后获得,,库尔札斯东部低地发掘出来的古代亚拉戈帝国的通用球形防卫系统。虽然已经无法作为兵器使用了，但还是可以用来骑乘的。美中不足的是，每次启动都会自动推荐自卫系统的升级。,0
068065.tex,004065.tex,3.3,1,暗黑猎鹰,尼德霍格传奇征龙战-稀有掉落,,沐浴了邪龙尼德霍格的魔力，得到了暗之翼的巨隼。切碎雷云在天空中飞舞的姿态被人误认为是君临龙族的七大天龙之一。甚至会让目击者以为邪龙再临，慌张地准备逃跑。,0
068064.tex,004064.tex,3.35,1,维斯帕号,妖怪手表联动,,以妖怪管家维斯帕的形象设计的小型飞空艇。加入了金碟游乐场游乐设施的概念要素，据说可活动的部件很多，且性能很高。虽然座位的空间看上去狭小，但实际坐上去非常舒服。,0
068063.tex,004063.tex,3.3,1,孢云棉花糖,莫古力族友好度到达-誓约后<br/>在该友好部族商店商店花20万游戏币购买,,生长在云海的浮行性植物“轻飘飘浮草”。生活在莫古力之家的莫古力施以魔法，将其作为坐骑使用。此外，它的绒毛对莫古力族有治愈效果。,0
068062.tex,004062.tex,3.35,1,胖莫古力,道具商城购买,,胖莫古力闪亮登场！吃光了森林，最终变成了如此庞大的身躯。即使胖成这样还能飞是多亏了魔法的力量，他自己的翅膀已经起不了什么作用了。,0
068061.tex,004061.tex,3.3,1,天阳马阿斯特洛珀,完成成就“可靠的前辈6”后获得,,阿斯特洛珀经过长时间的进化，成长为了可以驮动两个人的大型天马。本来是很凶猛的野兽，连接近都很困难。但是对那些拥有献身精神的善良之士会敞开心扉。,0
068060.tex,004060.tex,3.2,1,初代胖陆行鸟,道具商城购买,,胖陆行鸟闪亮登场！虽然近来黄色羽毛的个体比较常见，但作为超级贪吃的陆行鸟大前辈，初代胖陆行鸟的毛色却是白色的。由于它来者不拒的性格，除非吃到撑死，不管是武器还是防具都会吃给你看。,0
068059.tex,004059.tex,3.5,1,筋斗云,道具商城购买,,据说是隐居在东洲奥萨德大陆边境深山中的某位伟大仙人所创造的秘术，用魔力将云朵固定在一起，然后便可以乘着它飞翔在天空中。只有天生拥有魔法才能而且心地善良的人才能驾驭它。,0
068058.tex,004058.tex,3.2,1,荣耀号,完成成就“磨砺利爪4”后获得,,年轻而富有才华的技师塔塔拉姆所设计的小型单人式飞空艇，是将他的祖父塔塔诺拉毕生追求的螺旋桨型飞空艇以最新技术小型化后的产物。名称来源于某本小说中的一艘“能自由飞翔于空中的船”。,0
068057.tex,004057.tex,3.2,1,战争猎鹰,萨菲洛特歼殛战-稀有掉落,,受到魔神萨菲洛特的祝福，威风堂堂的巨隼。据说在南方大陆美拉西迪亚的树状种族神话体系中，原初之树“世界树”的种子被播撒到世界各地，令整个世界枝叶繁茂，而它就是用来播撒世界树种子的灵鸟。,0
068056.tex,004056.tex,3.2,1,圆桌猎鹰,圆桌骑士幻想歼灭战-稀有掉落,,受到骑神托尔丹的祝福，充满圣骑士风格装扮的巨隼。这种装扮想必是来源于伊修加德的骑士们自古以来喜爱猎鹰的传统。它犀利的目光不会放过地面上的任何猎物。,0
068055.tex,004055.tex,3.2,1,怒武猎鹰,罗波那歼殛战-稀有掉落,,受到武神罗波那的祝福，全身缠绕着令人战栗的斗气的巨隼。它在空中飞翔时那撕裂狂风的凛然身姿，仿佛让人联想到月剑“明月之笑”。要想驯服它，恐怕需要有和武神相当的霸气才行。,0
068054.tex,004054.tex,3.2,1,白云猎鹰,俾斯麦歼殛战-稀有掉落,,受到云神俾斯麦的祝福，全身包裹着腾云的巨隼。其用途似乎是像腾云蛇一样，用来将瓦努族的战士送至云神身边。那云朵一般悠然飞舞在天空之中的身姿，宛如拂面而来的东风一般美丽。,0
068053.tex,004053.tex,3.25,1,贝努鸟,道具商城购买,,经过第七灵灾时现身于加尔提诺上空的不死鸟的以太沐浴而得以重生的怪鸟。因其外形酷似幻之灵鸟而得名“贝努”，意为“绚丽起舞的闪光之物”。,0
068052.tex,004052.tex,3.2,1,祖,飞空艇探索云海24一定几率带回「远航白钢通货」<br/>在三大住宅区的住宅区管理人处兑换,,来自近东的怪鸟祖的成鸟。嘴部呈锯齿状并生有利牙，是为了牢牢捕获住挣扎的野兽。当它咬住猎物后，便会来回甩动长长的脖子，弄死猎物后再一口吞掉。,0
068051.tex,004051.tex,3.2,1,恐甲蚂蜓,骨颌族友好度到达-誓约后<br/>在该友好部族商店商店花20万游戏币购买,,自由脑窟穴的做买卖从幼虫期一直精心培养长大的恐甲蚂蜓。最初是产在水边的卵中孵化出的幼虫，作为水栖昆虫度过幼年期后，会羽化蜕变为带有翅膀可以飞行的成虫。,0
068050.tex,004050.tex,3.1,1,双足飞龙,怪物狩猎-兵团成员的手册x6(500兵团徽章/本),,飞翔于云海之间的双足飞龙。千年以前曾和它的挚友骑士立下誓言，共同打倒了无数邪恶的魔物。龙诗战争爆发后，由于与人类的交流被断绝，它在悲愤之余决心寻找新的伙伴，继续未竟的魔物讨伐事业。,0
068049.tex,004049.tex,3.1,1,尼禄专用魔导装甲,道具商城购买,,加雷马帝国军第十四军团幕僚长尼禄·托尔·斯卡艾瓦的专用魔导装甲。经由优秀的机械师尼禄本人之手，强化了青磷引擎的功率和足部行走系统。通称“血红男爵”。,0
068048.tex,004048.tex,3.1,1,莉维亚专用魔导装甲,道具商城购买,,加雷马帝国军第十四军团军政官莉维亚·萨斯·尤尼乌斯的专用魔导装甲。作为在北州扩张战争中有着活跃表现的“达尔马斯卡魔女”的爱机而广为人知。通称“纯白恶魔”。,0
068047.tex,004047.tex,3.1,1,天马,云冠群岛-空贼黄铜通货x99兑换,,可以自由翱翔于天空的幻之马，在云冠群岛成为了冒险者的伙伴。人们曾经认为天马只存在于传说之中，但这一说法随着大航空时代的到来被证明是错误的。据说它还曾救助过云海遇难的空贼，作为一桩逸闻也流传甚广。,0
068046.tex,004046.tex,3.x,1,夕,夕兽讨伐大作战,,能够自由来往于现世和异界的魔兽。想当年在东方，众多豪杰聚集在一起都没能将其彻底消灭，后来却因为意外而变得特别害怕竹子的爆炸声。和外表的彪悍形象真是反差巨大。,0
068045.tex,004045.tex,3.07,1,魔女扫帚,第三年万圣节活动任务奖励,,南瓜头魔人赋予了这把扫帚庞大的魔力。跨上扫帚后，扫帚便会轻飘飘地浮上天空，然后就可以在空中自由翱翔了。当心情低落的时候，骑着扫帚出去飞一圈，想必心情就会好很多。,0
068044.tex,004044.tex,3.x,1,红大陆行鸟,水晶传承站,,在龙堡参天高地有一处秘境名为陆行鸟之森，在那里生活着多种野生陆行鸟，其中更是存在十分罕见的红色大鸟。在伊修加德，红色象征着纯爱与博爱，这种大鸟最适合与挚友一同乘坐了。,0
068043.tex,004043.tex,3.x,1,双塔尼亚,水晶传承站,,生于南方美拉西迪亚大陆的古代龙。通过“拘束环”控制住了精神，绝对不会反抗拥有认证密钥的人。,0
068042.tex,004042.tex,3.05,1,哥布林战车,通关亚历山大机工城零式:起动篇4层,,原本那些哥布林科学家想要制作的是一款能够代替盗龙搬运货物的机器。不过后来还是在机器上加上了武器投入到了战斗。而这台机器因为是战利品，武器已经卸掉了。,0
068041.tex,004041.tex,3.x,1,战豹,完成成就“毅然暗黑骑士”后获得,,专门为了战斗而训练的军用黑豹。与长须豹是同类生物，能够本能地利用魔力提高自己的身体能力。据传，初代暗黑骑士正是通过观察黑豹狩猎时的情况而领悟出了暗黑剑法。,0
068040.tex,004040.tex,3.x,1,破魔艇,完成主线Lv55“狩猎邪龙”后获得,,加隆德炼铁厂的魏吉和比格斯共同设计开发出的单人飞空艇，这可是史上第一架搭载偏属性水晶浮空装置的机体。,0
068039.tex,004039.tex,3.x,1,狮鹫,完成伟业补完计划；光与暗的历练/道具商城购买,,原产于阿巴拉提亚山脉的有翼魔兽。虽然性情十分凶悍，但是在阿拉米格能够从幼崽时期开始训练最终成为出色的坐骑。阿拉米格特有的魔兽军团便是由狮鹫骑兵所组成。,0
068038.tex,004038.tex,3.1,1,腾云蛇,瓦努族友好度到达-誓约后<br/>在该友好部族商店商店花20万游戏币购买,,衮杜族商人鲁纳瓦努费尽心血养育而成的腾云蛇。飞舞在云海上空时如同肆虐的狂风般刚强有力。它的主人鲁纳瓦努非常坚定地表示，在有资格骑上这只腾云蛇的勇者出现之前，别人开价多少他也不卖。,0
068037.tex,004037.tex,3.x,1,尘世幻龙,完成主线Lv59“展翅高飞”后获得,,世界最初之龙，所有龙族的始祖，尘世幻龙为了观察光之战士的行动而创造了这个分身。光之战士完成了所有的试炼，成功打破了龙爪的封印并取回了光之加护，尘世幻龙认为光之战士已经具备了与自己共同行动的资格，于是改变了分身的外形，让同行者能够乘上自己的背部以便今后的行动。,0
068036.tex,004036.tex,3.x,1,黑陆行鸟,完成主线Lv50“苍穹骑士”后获得,,原产自伊修加德的黑色陆行鸟。这一品种天生就是一身黑色的羽毛，有着能够飞行的能力。福尔唐家的骑士奥尔什方为了最重要的挚友亲手调教出了这只鸟，身上的肌肉充满了美感。,0
068035.tex,004035.tex,2.51,1,芬里尔,金碟币100万兑换奖品,,曾君临艾欧泽亚的古代野兽“霜狼”。原本人们都以为这种生物已经灭绝了，可近年来在阿巴拉提亚山脉深处再次发现了它们的身影。因其让人联想起清冷月光的鬃毛和凛然雄姿，人们常以传说中的幻兽芬里尔的名字来称呼它们。,0
068034.tex,004034.tex,2.51,1,精金龟,金碟币20万兑换奖品,,原产自近东地区的萨维奈岛，乌尔达哈的动物学家经过不断地尝试终于成功驯化了这种外来的野生生物，并通过咒术师行会的古代魔法再现实验，让其具备了飞翔的能力。,0
068033.tex,004033.tex,2.5,1,骑乘系统,完成成就“英雄凯旋”后获得,,圣寇伊纳克财团所挖掘出来的古代亚拉戈帝国球形防卫系统。经过调查之后再由尼禄将危险的武器都移除了下去，变成了纯粹的观赏物品。后来为了筹集研究经费而转卖给了罗薇娜。不过当初的调整好像有些小问题……时不时就会电两下……,0
068032.tex,004032.tex,2.5,1,麒麟,获得并使用火土风水雷冰6匹蛮神马笛后<br/>去魔杜纳完成任务“天降祥瑞”,,在东洲，无论什么人都知道万兽的主宰乃是天上的麒麟。人们相信这种传说中的仙兽已经生活了千年之久。虽然人类可以通过仙人制作的魔笛向麒麟发出呼唤，但是万兽之主仅会回应它认可的英雄。,0
068031.tex,004031.tex,2.45,1,典礼陆行鸟,钟情之誓-黄金或白金方案,,原产于伊修加德的大型陆行鸟。由于要在庄严的仪式上使用，养鸟人特地培养出了这种纯白的羽毛。同时严格的训练也使得这种陆行鸟拥有稳重的个性和健壮的体格，即使坐上两个人都不会有任何问题。,0
068030.tex,004030.tex,2.4,1,游行陆行鸟,完成成就“令人难忘2”后获得,,冒险者行会为了准备凯旋游行进行了很多的准备工作，他们向商人发出了“想要体型宽厚的陆行鸟”的订单，结果得到的却是这种结果……由于饲料费过于昂贵，所以这只鸟也就变成了奖励给优秀冒险者的奖品。,0
068029.tex,004029.tex,2.4,1,冰妖马玻瑞阿斯,希瓦歼殛战-稀有掉落,,受到冰神希瓦祝福的妖马，身披凛凛寒风。很可能是库尔札斯地区的独角兽得到了蛮神的祝福变化而成的。它在奔跑时甚至能够将沿途的空气冻结。,0
068028.tex,004028.tex,2.38,1,斯莱普尼尔,道具商城购买,,受到斗神奥丁祝福的妖马，身缠令人绝命的斗气。血红色的鬃毛给人带来无比的威压感。虽说这匹马在战场上无所畏惧，不过一旦它遇到认可的主人，甚至会迎合主人的体型改变自己的大小。,0
068027.tex,004027.tex,2.3,1,雷妖马玛卡布,拉姆歼殛战-稀有掉落,,受到雷神拉姆祝福的妖马，身缠撕裂天空的闪电。很可能是妖精族将妖马梦魇献祭给蛮神时产生出来的。它的嘶鸣会发出震撼空气的闪电。,0
068026.tex,004026.tex,2.3,1,恒辉战马,完成成就“沙之都的凯旋4”后获得,,恒辉队作为试验采用的军马。在来自东方的马奉行的主张，冒险者的推广下，艾欧泽亚也终于开始引入马这种生物了，当然选种时特别注意选择了适应气候的品种。,0
068025.tex,004025.tex,2.3,1,双蛇战马,完成成就“森之都的凯旋4”后获得,,双蛇党作为试验采用的军马。在来自东方的马奉行的主张，冒险者的推广下，艾欧泽亚也终于开始引入马这种生物了，当然选种时特别注意选择了适应气候的品种。,0
068024.tex,004024.tex,2.3,1,黑涡战马,完成成就“海之都的凯旋4”后获得,,黑涡团作为试验采用的军马。在来自东方的马奉行的主张，冒险者的推广下，艾欧泽亚也终于开始引入马这种生物了，当然选种时特别注意选择了适应气候的品种。,0
068023.tex,004023.tex,2.35,1,恐狼,鸟人族友好度到达-誓约后<br/>在该友好部族商店商店花12万游戏币购买,,鸟人族驯兽人所培养出的军狼，鸟人族在塞尔法特尔的深处找到了这种被认为已经灭绝了的生物。在经过一番辛苦的训练之后，它现在已经大到足以载人的程度了，而且绝对服从主人的命令。,0
068022.tex,004022.tex,2.2,1,大陆行鸟,水晶传承站,,一位库尔札斯出身的陆行鸟猎人在陆行鸟之森中捕获到的野生品种。身体素质远远超过牧场驯养的那些鸟，也有着很高的运输能力，只可惜品性过于狂野，不适合供人骑乘。不过在驯养员的苦心之下好像已经被训练成可以同时乘坐两人了。,0
068021.tex,004021.tex,2.2,1,战熊,完成成就“勇猛战士”后获得,,专门为了战斗而训练的军用大熊。在北方的阿巴拉提亚山脉深处，有着和蛮熊角力、将其打倒后加以驯服的习俗。因此，在古代勇猛战士们的传说里面，经常会有战熊出场。,0
068020.tex,004020.tex,2.2,1,战狮,完成成就“顽强骑士”后获得,,专门为了战斗而训练的军用狮子。萨纳兰地区虽然没有野生的狮子，但过去却通过交易从近东进口了一些，曾经被近卫兵团“银胄团”训练为坐骑。现在已经是非常少见。,0
068019.tex,004019.tex,2.2,1,水妖马艾恩巴尔,利维亚桑歼殛战-稀有掉落,,受到水神利维亚桑祝福的妖马，身缠水流漩涡。很可能是鱼人族将妖马梦魇献祭给蛮神时产生出来的。传说中它诞生于魔力水泡。,0
068018.tex,004018.tex,2.2,1,土妖马古尔法克西,泰坦歼殛战-稀有掉落,,受到土神泰坦祝福的妖马，身缠熔岩。很可能是地灵族将妖马梦魇献祭给蛮神时产生出来的。坚实的脚步可以撼动大地。,0
068017.tex,004017.tex,2.2,1,风妖马刻桑图司,迦楼罗歼殛战-稀有掉落,,受到风神迦楼罗祝福的妖马，身缠凛冽狂风。很可能是鸟人族将妖马梦魇献祭给蛮神时产生出来的。跑动时宛如疾风掠过。,0
068016.tex,004016.tex,2.2,1,火妖马埃驮恩,伊芙利特歼殛战-稀有掉落,,受到火神伊弗利特祝福的妖马，身缠熊熊烈火。很可能是蜥蜴人族将妖马梦魇献祭给蛮神时产生出来的。呼吸中带有宛如地狱业火的热流。,0
068015.tex,004015.tex,2.2,1,爆弹吊椅,地灵族友好度到达-信赖后<br/>在该友好部族商店商店花12万游戏币购买,,第789团辅祭巴戈制作的爆弹怪里有一些爆炸力马马虎虎的，被判定为失败作。这些失败作品被用来牵引这个吊椅。不过它们毕竟还是爆弹怪，乘坐时一定要小心火烛。,0
068014.tex,004014.tex,2.2,1,兵队水龙蜥,鱼人族友好度到达-信赖后<br/>在该友好部族商店商店花12万游戏币购买,,诺布一伙里的海兽驯养人帕阿培育出的水龙蜥坐骑。在陆地上行走的话蹼会碍事，所以在蹼上做出切口，使得它拥有了不输给陆行鸟的速度，代价则是无法再在海里游泳。,0
068013.tex,004013.tex,2.1,1,胖陆行鸟,水晶传承站,,为了食物而奔波的陆行鸟老大。如果用笛子召唤它，始终都会是一副好像要说“不要没事乱吹笛”的态度。不过一旦最喜欢的基萨尔野菜挂在眼前，它就抛弃了一切的矜持，全心全意地开始奔跑。,0
068012.tex,004012.tex,2.1,1,梦魇,伊芙利特歼/泰坦/迦楼罗歼殛战-稀有掉落,,经过驯养的妖马“梦魇”。是由“无影”带给友好部族商店们的，详细的情况不明。性格好战，但对持有魔法笛的人会无条件地服从。,0
068011.tex,004011.tex,2.1,1,魔导装甲丙型,完成成就“铭记不忘的队友”后获得,,加雷马帝国军秘密开发的改良型“死神”。金色的装甲是用了新开发的特殊涂料，可以抵抗艾欧泽亚同盟军使用的魔法攻击。,0
068010.tex,004010.tex,2.1,1,月桂冠古菩猩猩,妖精族友好度到达-信赖后<br/>在该友好部族商店商店花12万游戏币购买,,暂留地妖精们的大块头朋友。因为坏妖精们的恶作剧，头部的植物被拔走，变成了秃子。暂留地妖精们看它可怜，用花草给它编了头冠，由此结下了友谊。,0
068009.tex,004009.tex,2.1,1,兵队火蛟,蜥蜴人族友好度到达-信赖后<br/>在该友好部族商店商店花12万游戏币购买,,灰党培育的战斗火蛟坐骑。从小就接受蜥蜴人族驯兽人的严格训练，吃着成年火蛟的火炎袋长大，被驯服的同时兼具野性。,0
068008.tex,004008.tex,2.1,1,贝希摩斯,购买月卡累积满足9个月,,冒险者行会赠给冒险者的强力坐骑。灵灾之后，一名冒险者在库尔札斯的深山捡到了这只被父母遗弃的贝希摩斯幼崽。付出心血将其养大后，这只巨兽奇迹般地很亲近人类。,0
068007.tex,004007.tex,2.x,1,独角兽,幻术师Lv30支线“我唯一的希望”,,在黑衣森林中偶遇的纯白独角兽。独角兽原产自库尔札斯，在当地也是非常罕见，不知为何会迷路进了森林。因为感激冒险者帮它治伤，成为了冒险者的好伙伴。,0
068006.tex,004006.tex,2.x,1,魔导装甲,"完成主线“超越幻想,究极神兵”",,加雷马帝国军制式配备的骑乘用魔导装甲“死神”型。西德等人用魔法人偶的核心作为控制装置，对这台缴获的装甲进行了各种改造，现在可以说是加隆德炼铁厂式样了。,0
068005.tex,004005.tex,2.x,1,长须豹,积分商城兑换,,年轻而敏捷的长须豹。野生的长须豹是非常凶猛的魔兽，但在其原产地的近东地区也发展出了独特的驯养法。这只长须豹好像是在萨维奈岛接受过作为坐骑的训练。,0
068004.tex,004004.tex,2.x,1,冥鬼之眼,积分商城兑换,,长有翅膀的独眼魔物。根据妖异学者们的分类，是属于妖异十二阶中第5位的中阶妖异。用动物的眼球作媒介可以将其从异界召唤出来，通过强力的魔法加以束缚后可以进行使唤。,0
068003.tex,004003.tex,2.x,1,古菩猩猩,购买数字典藏包获得,,异国的诗人为了表示谢意，赠予了冒险者一把魔法的角笛，可以召唤出这只古菩猩猩。虽然这种动物并不温顺，但独自徘徊在艾欧泽亚的这只古菩猩猩却因为喜爱诗人的歌声，而跟随着他一起旅行。,0
068002.tex,004002.tex,2.x,,遗产陆行鸟,道具商城购买,,因为贤者路易索瓦的秘术，被送往次元缝隙的冒险者们穿越了5年的时光终于能和这只陆行鸟再会。经历了长期无主的流浪生活，这只陆行鸟已经成长得非常勇悍，风貌上别具一格。,0
068001.tex,004001.tex,2.x,,专属陆行鸟,"角色20级并完成20级主线加入军团后,使用200军票在军团补给员兑换“对应大国防联军名字+陆行鸟券”<br/>即可领取支线任务:“我的专属陆行鸟”<br/>完成任务后获得鸟哨并习得骑乘",,伊修加德产军用陆行鸟。除常见的旅行种以外，还有能够承载鲁加族的大型狩猎种以及专门为拉拉菲尔族改良的贝拉哈迪亚小型种等种类。,0
