大图编码,小图编码,版本,名称,中国区获得方法,国际服获得方法,说明,new,
068854.tex,004854.tex,6.45,マメット?コヨコヨ,支线任务「のうてんきな一族」奖励,,宇宙より飛来したトモダチ、コヨコヨを模した魔法人形。その絶妙なシルエットにインスピレーションを得たゴッドベルトが即興で製作したもので、冒険者と行動を共にするよう設定されている。エリクサーの輝きを好むらしい,2,
068880.tex,004880.tex,6.45,オクリチョウチン,「六根山」宝箱随机掉落,,六根山で発見された小さなバケチョウチン。元は子ども用の提灯だったようだが、長らく人に愛用され霊性を獲得し、付喪神が宿ったようだ。人懐っこい一面があり、主を見送るどころか、どこまでも付いてくるらしい,2,
068886.tex,004886.tex,6.45,忍犬シロマル,「六根山」宝箱随机掉落,,ひんがしの国のくのいち、花遁のヨザクラに仕えていた白い忍犬。なかなかに義理堅い性格で、怪異に堕ちた主の魂を解放してくれた冒険者に恩義を感じ、同行することにした。咥えた巻物には、オヤツの口寄せ術が記されている,2,
068890.tex,004890.tex,6.45,忍犬クロマル,「六根山」宝箱随机掉落,,ひんがしの国のくのいち、花遁のヨザクラに仕えていた黒い忍犬。なかなかに情に厚い性格で、主が怪異に堕ちたと知りながらも見捨てることができないでいた。鎮魂の旅を兼ねて、冒険者に付き従うことにしたようだ,2,
068887.tex,004887.tex,6.41,迷你雅典娜,「万魔殿 荒天之狱4」一定几率掉落「零式万魔殿 荒天之狱4」必定掉落,,以万魔殿初代管理者雅典娜为原型制作的魔法人偶。某位崇拜她这位卓越研究者的职员暗中制作出了这个魔法人偶。在这位职员失踪的数天后，大监狱不知为何收监了一只奇怪的有着类似人脸的狗。,1,
068878.tex,004878.tex,6.4,海鹦,「间歇灵泉 哈姆岛」稀有掉落,,原产自北洋，有着橙黄色的喙和脚爪的海鸟。它会用短小的翅膀代替鱼鳍进行潜水，一次可以捕捉到大量的鱼。可自从它看到冒险者轻轻松松就干掉魔物的情景后，便打算就此抱紧冒险者的大腿过上不劳而获的生活。,1,
068879.tex,004879.tex,6.4,沧小龙,"成就：游钓远洋2<br/>在1次远洋垂钓中获得10,000以上渔分。",,在远洋发现的古代龙幼体，长大后会成为凶猛的海洋猎人，但现在还显得十分娇小可爱。可当它发现喜欢的猎物时就会性情大变，不由分说地张开大嘴一口咬住。如今它也在快活地追逐着猎物，伺机下手。,1,
068881.tex,004881.tex,6.4,蒸汽飞空獭獭,"「无人岛开拓」4,000谢尔达莱青船币兑换",,身着蒸汽式飞翔翼的獭獭。据说是来自东方，因为钓鱼所用的船只侧翻，最后漂流到了无人岛，被魔法人偶们当成了最新装备品的实验体。对于只想享受钓鱼乐趣的它来说，即便能够飞行也并没有多大的实际意义。,1,
068882.tex,004882.tex,6.4,红电气石神兵,PVP第四季通行证15级奖励（截止至6.5前）,,在帝国军基地发现的试验品魔导兵器的缩小模型。看样子应该是用于检验机体的空气动力特性等数据的模型，本身并未携带任何武器。在被城邦军事同盟没收并进行分析后，作为了褒奖演习中成绩优秀者的奖品。,1,
068883.tex,004883.tex,6.4,黑小猩,幻巧拼图<br/>幻巧叶x400,,长着一身黑毛的小型猿类，十分聪明。据说经过教育训练可以学会如何使用工具以及分辨简单的语言。虽然有博物学者认为这就是人类的近亲种，但其详细的进化过程仍然存在大量未解的谜题。,1,
068884.tex,004884.tex,6.4,惊奇炸药仔,「惊奇百宝城」稀有掉落,,令人惊奇的炸药怪的幼体，总是蜷缩着身体打算来一次华丽的爆炸，但每次都会在最后一步戛然而止。据收藏家担惊威所说，将其代替枕头使用，可以体验到格外的刺激快感。,1,
068885.tex,004885.tex,6.4,小吕萨,「厄尔庇斯育体宝殿」稀有掉落,,以直立二足步行的狼——吕萨为原型制作的魔法人偶。为了试验将原型的创造生物更小化后会得到怎样的结果，于是乎便诞生出了这个魔法人偶。它似乎擅长后回旋踢以及关节技，但毕竟身体比例缩小了，威力也不大。,1,
068888.tex,004888.tex,6.4,迷你巴尔巴莉希娅,Lv90 裁衣制作「裁缝秘籍第十卷」,,以高贝扎四天王的其中一人风之巴尔巴莉希娅为原型制作的魔法人偶。某位雕金匠在放浪的旅途中，为了将目击到的大妖异的美传颂给后世，特地将此制作配方公之于众。他似乎对该妖异头发的灵动感以及野性的美感表现出了强烈的执着。,1,
068889.tex,004889.tex,6.4,遮光器土偶,潜水艇-紫礁海G「紫礁海02」掉落,,在海底发现的不可思议的土偶。土偶内部为中空，凭借魔法的力量行动。据推测应该是在第二星历时代制作出来的用于某种仪式的产物，不过也有人像月刊?神秘爱好者?的德里昂先生那样，认为此乃记录了外星人形象的泥塑。,1,
068876.tex,004876.tex,6.35,迷你戈德伯特,2024年秋金碟季节活动，现不可获得<br/>可等次年道具商城购买,,由既是最强雕金匠又是曼德维尔金碟游乐场主人的戈德伯特亲自制作的魔法人偶。作为金碟嘉年华的纪念品赠送给冒险者，只要让迷你戈德伯特跟随在你的身边，就能发挥这件精美宝物的威力，增加你的绅士力。,1,
068872.tex,004872.tex,6.35,探明威,兔兔族友好度到达-尊敬后<br/>在该蛮族商店用8枚兔兔人参币兑换,,探明威苏醒的时间比其他的同伴们更晚一些，因此成了大家的小弟。他原本认为自己的使命是踏遍各地找到对人类来说有利的情报，现在则把每天都找到一些新东西当作了自己的梦想。它会将旅行中遇到的种种新鲜事都分享给留在月球上的同伴们。,0,
068873.tex,004873.tex,6.35,私用棒槌树,6.35「正统优雷卡」金辉宝藏/铂辉宝藏一定几率鉴定出现,,私用棒槌树曾是蜜言妖的部下。它本该成为一颗爆炸的地雷，但这个可怜的新手藏进土里的时候把自己埋得太深，以至于错过了跃出地面爆炸的良机。因此成了队伍中唯一一个幸存的棒槌树，从军务中重获自由的它，如今正在愉快地享受新生活。,0,
068865.tex,004865.tex,6.3,迷你好友,蛇牛革「厄尔庇斯 育体宝殿」超稀有掉落,,在遥远的过去，这颗星球的首都曾有这样一个人，他肩负着无比重任，名字却宛如玩笑。每当与好友享受日常时发现了好玩有趣的东西，他便欣然以微笑回应。这一个魔法人偶，就是以这位胡来的大人物为原型制作出来的。,0,
068877.tex,004877.tex,6.3,迷你艾多纽斯,蛇牛革「厄尔庇斯 育体宝殿」超稀有掉落,,在遥远的过去，曾有一个男人拥有一双比谁都更能明辨世间一切的眼睛。这项能力先是帮助男人成为了一位伟大的魔法师，后来又让他得到了观察冥界——即所有灵魂的终点的工作。这就是以那位魔法师为原型制作的魔法人偶。,0,
068867.tex,004867.tex,6.3,柯基犬,幻巧拼图<br/>幻巧叶x400,,这种小型犬最主要的特征就是其短得出奇的腿。据说最初培育柯基犬的目的是为了寻找一种足够矮小的牧羊犬。人们希望这种牧羊犬能在家畜们的身下灵活穿梭，不会与家畜互相影响。柯基犬的名字在北洋的古语中原本是“个子矮小的狗”的意思，一种说法认为，这可能是源自拉拉菲尔族有将柯基犬当做坐骑的传统。,0,
068868.tex,004868.tex,6.3,天蓝背魔鸟,"「无人岛开拓」4,000谢尔达莱青船币兑换",,蓝背魔鸟的雏鸟，主要栖息在谢尔达莱群岛一带诸多岛屿上。在原本的计划中，蓝背魔鸟这种家禽本该成为主力出口商品，但它们惊人的繁殖速度却造成了意料之外的麻烦，最终导致了天蓝背魔鸟成了群岛贸易中低价批发的处理品。天蓝背魔鸟因为没有飞翔能力，因此格外向往能离开群岛踏上冒险之旅。,0,
068869.tex,004869.tex,6.3,铃小龙,潜水艇-海域S「赤血海丘」掉落,,一种海龙的幼崽，和传说中的古龙依拉丝莫龙是近亲。它在深海遨游时不慎迷了路，走投无路时偶遇了来到此地的潜水艇，就一路跟了回来。这头好奇心旺盛的海龙幼崽时常伸长了它的脖子四处张望，不过，有了上次迷路的经验，它现在已经学会一步都不离开自己认定的父母身边了。,0,
068870.tex,004870.tex,6.3,自走人偶妈妈,"30,000金蝶币兑换",,异国的诗人带来的小型自走人偶。以那个自称为妈妈的不可思议生物为原型制作。这个自走人偶的原型曾引导一位少女穿梭、探索、追寻于千万故事与梦境的虚实之间……但具体情况如何尚且不得而知。,0,
068871.tex,004871.tex,6.3,凯纳槽之形,「雪山奥窟 冥魂石洞」稀有掉落,,高贝扎四天王之一的水之凯纳槽命令部下为自己制作了这种人偶。他的本意是想要制作出一个足以匹敌自己的强大对手，所以才要求部下以自己为原型仿制，结果却不知怎么的做了这么一个小得没眼看的东西。又及，制作了这种人偶的妖异已经被流放进虚无界的黑暗中去了。,0,
068874.tex,004874.tex,6.3,迷你哈罗妮,「喜悦神域 欧芙洛绪涅」稀有掉落,,以战争神哈罗妮为原型制作的魔法人偶。某个雕金匠为了追寻“让人感到敬畏的美”而彷徨于雪原时，在冷得几乎失去意识的情况下偶然闯入了神域。他在眼前震撼人心的身影所带来的冲动下制作出了该魔法人偶。看着这个人偶就仿佛能感受到女神的威风凛然和她贯彻一切的神性。,0,
068875.tex,004875.tex,6.3,小火车,Lv90 甲胄制作「甲胄秘籍第十卷」,,海底发现的不可思议的零部件全部组装起来之后，竟然做成了一辆还挺不错的列车玩具。这辆列车上曾经载过怎样的乘客呢，不知为何能从上头感受到一种梦幻的气息。又及，这辆玩具列车里明明没有安装任何动力部件，却能一直跟在冒险者的身边到处跑，真是件怪事啊。,0,
068857.tex,004857.tex,6.25,迷你遗光,异亚族友好度到达-信赖后<br/>在该友好部族商店用8枚货币兑换,,斯提格玛四倾情制作的可变形人偶。对味觉产生了兴趣的异亚们是否有可能引发一场重获肉体的浪潮？这款人偶正是为了防患于未然而存在的。人偶以异亚重获肉身失败后的形象遗光为原型，希望人偶的可怖模样能够唤起异亚们的警惕之心，在回忆起异亚真正的肉身形象之前，谨慎使用再赋肉身。,0,
068863.tex,004863.tex,6.25,擦擦羽衣精,「希拉狄哈水道」左边线路 最终Boss战概率获得,,潜藏在希拉狄哈遗迹中的扫除使魔羽衣精的眷属。它不但能用自己旺盛的毛发把魔法创造的洗涤剂变成浓密的泡沫，还能以棉花糖般柔软的身体出入各种死角缝隙，任何脏污都别想逃过它的法眼。美丽王宫的守护者，擦擦羽衣精，你值得拥有！,0,
068864.tex,004864.tex,6.25,水道蜥蜴,「希拉狄哈水道」中途Boss战概率获得,,居住在希拉狄哈水道深处的小型蜥蜴。它蓝色的舌头长而灵巧，无论是害虫还是霉菌都会被它一个不落地吞进肚子里，因此可以说它一直在维护下水道的正常运行。希拉狄哈王宫的警备队甚至还为此授勋表彰了它。,0,
068866.tex,004866.tex,6.21,迷你埃里克特翁尼亚斯,「万魔殿 炼净之狱4」一定几率掉落「零式万魔殿 炼净之狱4」必定掉落,,以万魔殿的狱卒埃里克特翁尼亚斯为原型制作的魔法人偶。因为埃里克特翁尼亚斯的责任心而对他颇具好感的狱卒同僚们偷偷创造了这种人偶。据他们说，在凶残生物环伺的危险环境中工作时，埃里克特翁尼亚斯的身影能让他们感到安心和平静。,0,
068862.tex,004862.tex,6.2,鼯鼠,幻巧拼图<br/>幻巧叶x400,,小型哺乳类动物，属于松鼠的一种。鼯鼠这个名字源自东方，当地商人出售这种动物的同时将这个名字扩散到了世界各地。鼯鼠的四肢之间有薄薄的飞膜，可用于乘风或以太流滑翔，它们的滑翔距离相当惊人，为数不少的个体能滑翔超过40星码。,0,
068856.tex,004856.tex,6.2,猫耳小小员,"「无人岛开拓」4,000谢尔达莱青船币兑换",,最新型的魔法人偶，由萨雷安提供，专用于开拓无人岛。虽然它也是作为劳动力的一部分来到无人岛的，开发的原因却和其他的魔法人偶并不相同。鉴于一些研究表明，在蚂蚁种群极高的工作效率背后，有着20%的，从不参加任何工作的工蚁。学者们出于仿生学的考虑，创造了这种专在开拓现场浑水摸鱼的辅助型魔法人偶。它既没有力气，也不聪明，只会磨洋工。,0,
068858.tex,004858.tex,6.2,发条深红驱逐者,PVP第二季通行证16级奖励（截止至6.3前）,,以距骨研究所演习场使用的红色可变形士兵为原型，加隆德炼铁厂模型师凭借着他无比的热爱制作了这款合金玩具。这款玩具虽然也有大规模贩卖的计划，但由于开发中过于注重细节，导致了成本无法降低，短期内的产量仅够作为礼品赠送给同盟演习中获得佳绩的冒险者。,0,
068859.tex,004859.tex,6.2,发条蔚蓝驱逐者,PVP第二季通行证15级奖励（截止至6.3前）,,以距骨研究所演习场使用的蓝色可变形士兵为原型，加隆德炼铁厂模型师凭借着他无比的热爱制作了这款合金玩具。这款玩具虽然也有大规模贩卖的计划，但由于开发中过于注重细节，导致了成本无法降低，短期内的产量仅够作为礼品赠送给同盟演习中获得佳绩的冒险者。,0,
068860.tex,004860.tex,6.2,斯卡米留尼之形,「异界孤城 特罗亚宫廷」稀有掉落,,高贝扎四天王之一的土之斯卡米留尼命令部下为自己制作了这种人偶。他的本意是想向手下的低级妖异宣示自己的力量，营造对自己的恐惧，结果却不知怎么得做了这么一个又矮又矬的东西。又及，制作了这种人偶的妖异已经变成斯卡米留尼的粮食了。,0,
068820.tex,004820.tex,6.2,鲁迪玩偶,2022年冬圣诞季节活动，现不可获得<br/>可等次年道具商城购买,,以鲁迪为原型制作的魔法人偶。鲁迪为了完成梦想，作为圣人的追随者奔走了一整个星芒节。节日庆典结束，鲁迪回了山里，流浪圣人便以他精妙绝伦的雕金技巧制作了这个与鲁迪别无二致魔法人偶。这个人偶做的也太像真的了吧？它刚才是不是喘气了？,0,
068821.tex,004821.tex,6.2,幻栗斋,2022年冬圣诞季节活动，现不可获得<br/>可等次年道具商城购买,,瑞兽栗斋使用神通力制作出的幻影。早些年的时候，尚且年轻的栗斋因为喜欢人类的小孩，时不时会用神通力化为人形，开设私塾教授人类的孩子们读书写字。现在的栗斋虽然已经不再开私塾了，但它对道义人情和甜美食物的爱却一分也没有减少。,0,
068855.tex,004855.tex,6.?,发条索鲁斯,2023年「新生祭」奖励,,以加雷马帝国初代皇帝索鲁斯为原型制作的机械人偶。加雷马皇室御用艺术品魔导工房为了纪念索鲁斯皇帝即位9周年制作了这款人偶。为了展示本国的魔导技术能力，加雷马帝国曾向属州各地大肆分发这款人偶，眼前的发条索鲁斯就是这批人偶的其中之一。,0,
068844.tex,004844.tex,6.15,悌阳象人偶,悌阳象族友好度到达-信赖后<br/>在该友好部族商店用8枚货币兑换,,与遗烈乡合力制作的悌阳象族魔法人偶，是送给河马骑手团常客的礼品。人偶穿着萨维奈岛的传统服装，作为当地特产也备受欢迎。新港的商人认为，这么好的商品不拿去卖实在太可惜了。,0,
068845.tex,004845.tex,6.1,袋鼠玩偶,采矿雇员：山岳G28,,这只玩偶的原型是南方大陆的一种有袋类动物。雇员在采矿场附近的废弃村落里发现了这个被人遗落的玩偶，出于好心修复了它。该玩偶的育儿袋内附有一只更小的袋鼠玩偶，但受到设计上的局限，很难从育儿袋中拿出小玩偶。,0,
068846.tex,004846.tex,6.1,原型恐慌装甲,PVP-1000战利水晶兑换,,古代亚拉戈帝国制造的小型军工机械。推测这台小恐慌装甲是开发过程中试作的小型原型机。它看起来虽小，却已经体现出了后来恐慌装甲成为工兵用重型机械时表现出来的惊人力量。以它的运载量，用来运货应当不成问题。,0,
068847.tex,004847.tex,6.1,门小奴,「近东秘宝 阿尔扎达尔海底遗迹群」稀有掉落,,门奴，隐藏在海底遗迹深处的守护者。门小奴，隐藏在海底遗迹深处的守护者门奴的专属奴仆。门小奴是专用于维护门奴正常运转的魔法人偶。老实说，这么多年埋在海底它一直都闲得发慌，时隔多年好不容易以为有活干了，没想到入侵者竟然直接把门奴砸了个粉碎。<br>门小奴彻底失业了。,0,
068848.tex,004848.tex,6.1,吉娃汪,园艺雇员：森林G28,,小小的黑狗正用它亮闪闪的小眼睛盯着你，你怎么能忍心拒绝它的请求呢？吉娃汪是一种在新大陆边境地区发现的小型犬，利姆萨·罗敏萨的水手将它带到了艾欧泽亚……虽说离开了故乡，但对小狗来说这更像是一场新冒险的开始。现在，它正跃跃欲试，等着和你一起踏上旅途。,0,
068849.tex,004849.tex,6.1,发条小汽车,战斗雇员：平地G28,,加雷马帝国首都玩具界的顶流，铁皮制成的魔导车辆“新500型”的模型。这辆使用发条驱动，跑起来咔哒咔哒响的小车是加雷马孩子们最喜爱的玩具。某位知名不具的天才机械师开发生产了这种兼具趣味性和益智性的玩具。,0,
068850.tex,004850.tex,6.1,开心彩蛋幸福兔,2023年彩蛋节奖励,,以幸福兔为原型制作的粉色魔法人偶。这个玩偶交货时不慎遗落了动力核心，不过幸运的是真正的幸福兔出现在了彩蛋狩猎的会场，它帮忙找来的辉石正巧能让魔法人偶恢复正常。带着开心彩蛋幸福兔踏上旅途吧，好运正在路上等着……呃，希望好运在等着你吧。,0,
068851.tex,004851.tex,6.1,迷你阿泽玛,14人本「灿烂神域 阿格莱亚」-稀有掉落,,以太阳神阿泽玛为原型制作的魔法人偶。某位雕金匠为了追寻“崇高神圣的美”而彷徨于沙漠时，恍惚间偶然闯入了神域。他将眼前所见的震撼人心的美转化成魔法人偶保存下来。看着这个人偶就仿佛能感受到女神的飒爽英姿与她对人类无限的慈悲与喜爱。,0,
068852.tex,004852.tex,6.1,诸神黄昏号模型,国际服实体特典,,无数研究员日以继夜地努力创造出的诸神黄昏号魔导船模型。无论是驾驶席还是动力系统都还原得分毫毕现、精妙绝伦。据说研发时的本意是要将这个模型作为诸神黄昏号计划圆满成功的纪念品发行，结果研究员们过于追求完美，又平白无故通宵加了许多天班。,0,
068853.tex,004853.tex,6.1,蓝足鲣鸟,钓鱼雇员：水岸G28,,它曾是凶名赫赫的大海盗团“雾须一伙”的成员。在战斗中，它一般会先用自己圆润可爱的大眼睛让对方放松警惕，再使用自己的鸟喙把对方啄到哭着逃跑……话虽如此，这都已经是过去的事了。雾须一伙解散之后，它一直飞翔在南海的群岛之间，悠然自得地享受退休生活。,0,
068840.tex,004840.tex,6.05,诺斯费拉图,「万魔殿 边境之狱4」一定几率掉落「零式万魔殿 边狱篇4」必定掉落,,这只也不知道是蝙蝠还是什么别的东西，对血液的气味十分敏感。它看起来似乎十分希望能吸取一些血液，但由于它过分绅士的个性，并不希望强迫别人做不喜欢的事情，所以并没将这份冲动付诸实践。顺带一提，谁也不知道诺斯费拉图这个名字到底是从哪里来的。,0,
068843.tex,004843.tex,6.05,王家仙人刺,「惊奇百宝城」稀有掉落,,月面仙人刺的王族。因为变异而生出了黄金般的体色，在满目灰白的月面上十分显眼，因而生活的十分辛苦。生活的压力迫使它放弃了自由之身，选择了走进了惊奇百宝城，踏上了同时兼职观叶植物和奖品的不归路。,0,
068822.tex,004822.tex,6.x,小旗,战斗雇员：平地G26,,可可爱爱的小鹿。因为小鹿摇摆个不停的小尾巴就像是迎风招展的旗子，于是得到了小旗这个名字。吃货小旗最喜欢的食物就是玉米了，每次都要吃到肚子滚圆了才肯罢休。被小旗吃到破产，连锅都揭不开了的农民实在没有办法，委托雇员把这只小鹿带给你收养。,0,
068823.tex,004823.tex,6.x,小异亚,星外天域的「Fate达成度」Rank3后，用500星外天域在广域交易商进行兑换,,从精神体异亚身上切割下来的小块碎片。有时候，异亚们会暂时地分裂自身的一部份以整理思路。这只小异亚恐怕就是在这个过程里被分割开之后再没能回到本体上的一部分。小异亚的身材虽然很小，它思考的问题却很伟大。,0,
068824.tex,004824.tex,6.x,梅加斯三姐妹之形,「异形楼阁 佐特塔」稀有掉落,,以梅加斯三姐妹为原型制作的魔法人偶。梅加斯三姐妹是萨维奈岛特有的神话信仰，那些遍布在拉札罕大街小巷的护身符商人会把这种魔法人偶当做神像出售。这套魔法人偶恐怕是虔诚的当地居民被掳走囚禁在佐特塔中时随身携带的物品。,0,
068825.tex,004825.tex,6.x,集成奥密克戎,「电脑梦境 斯提格玛四」稀有掉落,,最新款奥密克戎，小身材大能量。阿尔法坦星的居民们以小型化为目标开发了这种新型号的身体，然而集成奥密克戎的开发完成后不久，兵站战略母机“斯提格玛四”就失去了正常的功能，因此导致了集成奥密克戎未能投入量产，真正的成品就只有这一个试验机而已。,0,
068826.tex,004826.tex,6.x,阿尼玛之形,「魔导神门 巴别塔」稀有掉落,,以皇神阿尼玛为原型制作的魔法人偶。阿尼玛这个词在加雷马的古语中是“灵魂”的意思，在心理学上则用来命名“男性心中不能自我认知到的女性形象”。或许正是因为这个原因，皇神阿尼玛下半身的头部才隐约展现出一些中性、偏女性的色彩。,0,
068827.tex,004827.tex,6.x,游星鸟,「最终幻想 末世终迹」稀有掉落,,今天也在歌颂这个世界的蓝色小鸟儿，它的模样与穿梭在星空中的梅蒂恩是如此的相似。小鸟翱翔在璀璨的夜空下，今天也在追寻着希望放声高歌。只要冒险者你的心中还在歌颂着希望，游星鸟的羽毛就永远不会染上绝望的颜色。,0,
068828.tex,004828.tex,6.x,纳夏猫,怪物狩猎的战利品800点兑换（旧萨雷安）,,原产纳夏的猫咪，气质别样的高贵优雅。过去，在纳夏王朝繁荣的时代里，只有王公贵族以及寺院中的高僧才被允许饲养这种猫。根据传说，纳夏猫那双苍青色的锐眼能够看清以太的光芒，连死者的灵魂也逃不过它敏锐的视线。,0,
068829.tex,004829.tex,6.x,新型迷你于里昂热,天书奇谈-银奖,,塔塔露在整理拂晓之间时，偶然发现了这批以拂晓血盟的贤人于里昂热为原型制作的魔法人偶。她花了一些精力亲自为这些人偶制作了新的衣服和头发，让这批由于订单错误造成了大规模积压的货物找到了新的出路。,0,
068830.tex,004830.tex,6.x,迷你弗栗多,国际服实体特典,,模仿七大天龙之一的星龙弗栗多制作的魔法人偶。根据近东地区的传说，星龙弗栗多是七大天龙中最后一个从卵中孵出来的幺子。恐怕正是因为这个原因，星龙弗栗多的性格才并没像它的外貌一样凶猛，反而像现在这样体贴而又温柔。,0,
068831.tex,004831.tex,6.x,河马幼崽,「末日树海 万相森国」稀有掉落,,小而重的河马幼崽。这只河马幼崽在萨维奈岛的末日中受到了惊吓，在万相森国里乱撞时被冒险者救了下来。顺带一提，河马这种东西原产自南方大陆，部分学者们认为这种动物出现在萨维奈岛，从侧面佐证了多年之前南方大陆与萨维奈岛之间曾经存在过贸易关系。,0,
068832.tex,004832.tex,6.x,蟹蟹,钓鱼雇员：水岸G26,,在萨维奈岛发现新种螃蟹。当地的一个悌阳象族部族“蟹族”的成员提供了大量的帮助，来访此地生物学者才能顺利进行研究工作，进而发现了这种生活在树上的螃蟹。为了感谢蟹族人的帮助，这种螃蟹不得不被命名成了“蟹族蟹”……为了方便称呼，也可以叫“蟹蟹”。谢谢！,0,
068833.tex,004833.tex,6.x,月面仙人刺王子,「乐园都市 笑笑镇」稀有掉落,,月面仙人刺的王子殿下。为了完成心目中的乐园都市笑笑镇，兔兔族们四处物色装饰品的过程中将王子殿下作为“观叶植物”绑架了回来。殿下并不甘于这悲惨的命运，选择了以自己的力量奔向自由，逃亡中它正好闯入了冒险者的背包里，幸运地逃出生天。,0,
068834.tex,004834.tex,6.x,小巨魔,「星海深幽 寻因星晶镜」稀有掉落,,巨魔的幼崽。它原本只是一个生活在迷津的普通巨魔，有一天好奇心驱使着它闯入了寻因星晶镜，随后不慎跌落星海。在星海中，小巨魔邂逅了已经离世多年的祖先的魂灵，并因此而迅速成长了起来。它的身体虽然还是个孩子，心理上却已经是个大人，或者说大巨魔了。,0,
068835.tex,004835.tex,6.x,神杖小蛇,「创造环境极北造物院」稀有掉落,,赫尔墨斯培养的创造生物之一。非常的聪明，经常从赫尔墨斯那里接到在厄尔庇斯内传达命令的工作。可能正是因为在灵魂深处残留着对神杖小蛇的印象，亚蒙创造出来送上卫月的大型眼镜蛇才会得到神杖巨蛇这个名字。,0,
068836.tex,004836.tex,6.x,冒险者野餐篮,Lv90 裁衣制作「裁缝秘籍第八卷」,,装满了餐具和美食的篮子。不论旅途走向何方，旅行永远都离不开饱餐一顿的需要，这个箱子将满足你的口腹之欲。无论是在风雪肆虐的极寒平原还是在灼热异常的火山喷口，甚至于在弹丸纷飞的兵家要地，只要打开这个篮子，你就能尽情地享受野餐的快乐。,0,
068837.tex,004837.tex,6.x,黄金恰塔号,完成生产采集的「萨雷安魔法大学」所有任务后获得,,露露夏考古研究室重现的古代遗物。其姿态既像是飞鸟又仿佛是游鱼，又有一说认为其面部更接近于鲶鱼，研究室至今没有找到任何文献资料能够解释这种外观。先民们为何选择这种形状作为翻译器的原因仍是一个谜团。,0,
068838.tex,004838.tex,6.x,小草贤人,园艺雇员：森林G26,,格诺莫斯的幼崽。它的看家本领就是潜入草堆并混入其中。可惜这种程度的潜行并不能骗过最熟练的雇员，小草贤人理所当然地被雇员抓回了家。因为格诺莫斯主要以各种小飞虫为食，所以在北洋地区非常流行饲养格诺莫斯的幼崽用来驱虫。,0,
068839.tex,004839.tex,6.x,格雷布洛弗玩偶,采矿雇员：山岳G26,,不明身份的魔法人偶。根据将这个人偶带回来的雇员证实，这个人偶最初是由一位鲶鱼精族的工匠创造出来的。这位工匠在无二江上游不慎溺水，意识朦胧中偶然见到了如此的幻象，它依据幻象制作了这个人偶。运气好的话也许你能在宇宙深空中的某处邂逅这种生物？,0,
068841.tex,004841.tex,6.x,小小守护者,完成主线「晓月之终途」奖励,,她曾经就任阿谢姆之位，奔走于世间救人于水火。将席位让给了有望的年轻人之后她也不曾休息，仍奔忙于各处。最终，为了从末日的绝望中拯救这个世界，她又成了引领人们走向希望的女神。她正是用羽翼与决心庇护这个世界的守护者，这是以她为原型制作的魔法人偶。,0,
068842.tex,004842.tex,6.x,明灯天王之形,参加FATE「兽道诸神信仰：伪神降临」并累积获得：明灯天王的宝珠x18（需3次金牌）<br/>拉札罕(X:10.6 Y:10)涅斯瓦孜，兑换<br /><br />FATE触发顺序：<br />1.兽道诸神信仰：迷途的巡礼者<br />2.兽道诸神信仰：祈祷之时<br />※通常基本以上循环，一定时间内反复刷新1-2<br />3.兽道诸神信仰：伪神降临，萨维奈岛(X:9.3Y:37.6)（大地图上不显示，靠近后小地图显示，参考伊克西翁）<br />※3的CD约24-36小时以上<br />三次金牌即可兑换小象玩偶服、宠物、鸟甲,,以明灯天王为原型制作的魔法人偶。明灯天王在萨维奈传统信仰中属于兽道诸神之一，这位神祇的名字在悌阳象族的古语中有“天空中的灯火”和“眼睛”的意思，在传说中，明灯天王是一位拥“真眼”，能辨真理通善恶的神。,0,
068799.tex,004799.tex,5.58,迷你帕罗姆,道具商城购买「6.0电子典藏包」,,以古代英雄帕罗姆为原型制作的魔法人偶。出生在魔法师生活的村子里的天才，传说中刚满5岁时就已经能够操控黑魔法了，与双胞胎弟弟普罗姆一起踏上了冒险的旅程，曾拼命守护了同伴。,0,
068800.tex,004800.tex,5.58,迷你普罗姆,道具商城购买「6.0电子典藏包」,,以古代英雄普罗姆为原型制作的魔法人偶。和双胞胎弟弟一样有着非凡的魔法才能，在旅途中使用擅长的白魔法为同伴疗伤，做出了重大贡献。传说她与弟弟帕罗姆曾拼上性命拯救同伴。,0,
068818.tex,004818.tex,5.55,迷你贡希尔德,「扎杜诺尔高原」的义军补给兵<br/>博兹雅晶簇x50 交换,,以贡希尔德为原型制作的魔法人偶。人偶手中握着一张纸，上面写着“在放浪的尽头，我体会到了崭新的爱。可是我的爱却与梦幻般的光芒一起消失了”。这种如同偏执狂一样的做工，总感觉好像以前在哪里见过……,0,
068801.tex,004801.tex,5.5,迷你艾吉,国服FanFest2021道具商城贩卖,,以古代英雄艾吉为原型制作的魔法人偶。据传说所言，他似乎是某国的第一王子，而且还是使用忍术的专家。虽然行为举止不像是王族，但作为热血男儿深受人民的喜爱。,0,
068802.tex,004802.tex,5.5,迷你莉迪亚,国服FanFest2021道具商城贩卖,,以古代英雄莉迪亚为原型制作的魔法人偶。稀少的纯血召唤士，据说小时候来到了幻界，被幻兽养大。因此擅长需要与召唤兽沟通的召唤术。最重要的是……心灵。,0,
068803.tex,004803.tex,5.5,迷你罗莎,国服FanFest2021道具商城贩卖,,以古代英雄罗莎为原型制作的魔法人偶。某王国贵族的千金小姐，为了帮助心中所想之人而决定走上了白魔法师的道路。除此之外，据说她的弓术也十分了得。一起战斗吧。,0,
068808.tex,004808.tex,5.5,海小鸥,完成成就「海鸥相伴」<br/>在出海垂钓中遇见3次海鸥群。,,出生在拉诺西亚的海鸥。为了更有效率地填饱自己的肚子，它每天都会跟着捕鱼人行会的大型渔船“努力号”飞翔。久而久之，它对于捕鱼的执着得到了船长和冒险者的敬佩，被捕鱼人行会授予了名誉会员的称号。,0,
068809.tex,004809.tex,5.5,小小食蚁兽,幻巧拼图<br/>幻巧叶x400,,某种食蚁兽的幼崽。通过捕食大量的蚂蚁长大，最终将拥有超越拉拉菲尔族的巨大身躯。据说在某个地区，不断传出前去务工的拉拉菲尔族男性被此生物杀害的消息，因此它也被称为寡妇制造者。,0,
068810.tex,004810.tex,5.5,聪慧小海豚,完成成就「海中智者」<br/>在出海垂钓中遇见3次海豚群。,,非常聪慧的海豚幼崽。据某位萨雷安生物学者所说，海豚是这个星球上智力排名第二的生物。事实上，这个孩子也是察觉到了即将到来的行星的危机，所以才决定跟随冒险者去寻找摆脱危机的方法。,0,
068811.tex,004811.tex,5.5,魔导猎手追踪型,「黄金平原 帕戈尔赞草原」稀有掉落,,以魔导猎手为原型制作的模型。这架模型混在了攻打过来的终末使徒的军队中，最终被友军人员回收。怎么看都只是一个在加雷马帝国首都贩卖的玩具，不知是如何来到帕戈尔赞的。,0,
068812.tex,004812.tex,5.5,仙人刺女士,2022年秋金碟季节活动，21000金碟币兑换，现不可获得<br/>可等次年道具商城购买,,以仙人刺先生的侄女这一设定为卖点的魔法人偶。据说是由金碟游乐场的所有者、艾欧泽亚最强雕金匠的戈德伯特亲手制作。,0,
068813.tex,004813.tex,5.5,本本石,潜水艇-翠浪海「T 海獣の霊園」掉落,,这个神秘的四角锥形物体似乎是在南方大陆神话中登场的，象征着“永远”的古代山丘的纪念物。本应该被放置在巨大石造坟墓的顶端，却不知为何被人发现沉在遥远的海底。,0,
068814.tex,004814.tex,5.5,浪人的篝火,Lv80 炼金术士制作,,在旅途中使用的石砌篝火套件。篝火会为人们拂去夜晚的黑暗，带来心灵的安宁，并能提供对抗寒冷的温暖。不过很多人都认为篝火最为重要的用途还是用来烤棉花糖。,0,
068815.tex,004815.tex,5.5,机械生物,14人本「希望之炮台：“塔”」-掉落,,在塔的最上层发现的机关人偶。外表与小型短足机械生物很相似，不过尺寸方面却有着明显的差异。不过它只会执着地追着人跑，看上去并没有任何的恶意。,0,
068816.tex,004816.tex,5.5,迷你莱楠,国际服实体特典,,以莱楠为原型制作的魔法人偶。虽然本人对此并没有印象，不过好像是在某个酒馆与矮人族工匠喝酒时，无意中答应了可以把自己当作模特的事。总之包括敬礼的方式在内，整个人偶的还原度可以说是相当高。,0,
068817.tex,004817.tex,5.5,迷你鲁纳尔,国际服实体特典,,以鲁纳尔为原型制作的魔法人偶。为了纪念夜之民与水晶都之间缔结了正式的通商条约而特地制作出来的人偶。人偶怀中插着一朵小小的假花，可能是制作人偶的工匠考虑到鲁纳尔没法穿越世界去找他牵挂的大姐，为了安慰他才加上去的吧。,0,
068819.tex,004819.tex,5.5,9S,14人本「希望之炮台：“塔”」-稀有掉落,,在塔的上层发现的小型黑色自走人偶。外表与自称“寄叶机体九号S型”的人造人很相似。他们到底是基于何种情感，又是为了什么目的，不惜牺牲自己也要战斗下去的呢。恐怕没有人知道这个答案……,0,
068804.tex,004804.tex,5.45,天佑公主,48人本「女王古殿零式」通关奖励,,在地下遗迹女王古殿发现的魔法玩具。其外观与天佑女王很是相似。可能是古代博兹雅人民为了称赞抵挡了亚拉戈帝国侵略的女王而制作的。,0,
068777.tex,004777.tex,5.45,阿马罗宝宝,水晶都「广域交易商 古拉姆索」双色宝石x400兑换,,阿马罗的幼体。阿马罗在诺弗兰特被人们广泛用作骑行兽，而幼体的阿马罗想飞却不会飞，实属令人着急。它们有着过人的智力，随着岁月的积累，等成长为图帕克·阿马罗后没准就能理解人类的语言了。,0,
068796.tex,004796.tex,5.4,莫莫拉·莫拉！！！,"完成成就「海钓爱好者4」<br/>在出海垂钓中累计获得1,000,000渔分。",,常出现于梅尔托尔海峡附近的巨型海水鱼莫莫拉·莫拉的幼鱼。捕鱼人常常在不想要的时候偏偏能钓到它，因此在渔夫们的口中逐渐成为了一个传说。不过，请不要嫌弃它。它只是想跟你一起旅行而已。,0,
068797.tex,004797.tex,5.4,希尔德拉级潜水艇P型,潜水艇-翠浪海「M 翠浪海04」掉落,,负责操纵潜水艇的冒险人偶在远航期间一步步设计出的模型。将希尔德拉级潜水艇按照比例进行了缩小。名字中的P其实是原型的意思。,0,
068798.tex,004798.tex,5.4,迷你盖娅,「伊甸希望乐园 再生之章4」一定几率掉落「伊甸零式希望乐园 再生之章4」必定掉落,,以盖娅为原型制作的魔法人偶，是在那个被创造出的理想乡中发现的。可能是米特隆由于想念阿洛格里夫，仿照其转生体制作出来的。从这个意义上来说，这个人偶也代表着那个被遗忘的约定。,0,
068805.tex,004805.tex,5.4,水小滴,「魔术工房 玛托雅工作室」稀有掉落,,水滴精的幼体。本是在阿巴拉提亚山脉降下的雨水，通过沙利亚克河直流而下，到达了玛托雅工作室。在看到冒险者与水滴精的战斗后，决意离家出走，踏上探索广阔世界的旅程。,0,
068806.tex,004806.tex,5.41,三角龙龙,重建伊修加德「库啵好运道」一等奖,,三角龙的幼体。误食有毒植物倒下后，被前来视察云冠群岛的奥瓦埃尔·德·艾因哈特发现。带回照料后，便喜欢上了人类。头脑聪明懂得跟随在善良人们的后面。,0,
068807.tex,004807.tex,5.4,黄金大河狸,「梦羽宝殿」稀有掉落,,出现在梦羽宝境的某种未知事物，在有人得到想要之物时，大河狸就会现身。也就是说当你为了寻求财富拿起藏宝图的那一刻，这次的相遇便已经命中注定。所以过于复杂的事情还是不要去想为好。,0,
068795.tex,004795.tex,5.3,1P,14人本「人偶军事基地」-掉落,,在人偶军事基地深处发现的小型白色自走人偶。虽然外表好像是仿照2P制作的，不过目前没有敌意的样子，暂时算是安全的。此外该人偶还运用了未知的技术，因此包含动力源在内的一切信息均为不明。,0,
068794.tex,004794.tex,5.3,1B,14人本「人偶军事基地」-稀有掉落,,在人偶军事基地深处发现的小型黑色自走人偶。外观与自称“寄叶机体二号B型”的人造人很相似。可到底是谁究竟为了什么目的而制作的，目前仍然无从猜测。,0,
068793.tex,004793.tex,5.3,百鬼公主,妖怪手表联动,,出生于地狱小国的公主。自幼学习的暗之妖术可谓是水准极高。作为代价，她失去了大部分的感情。,0,
068792.tex,004792.tex,5.3,滑头鬼,妖怪手表联动,,侍奉阎魔大王的参谋。和卸下大王身份的阎魔一起，调查潜伏在妖魔界里的黑暗。妖魔评议会会长的职务则交予他的心腹代理。,0,
068791.tex,004791.tex,5.3,蛇王凯拉,妖怪手表联动,,接手阎魔的大王之位，君临妖魔界的妖怪。过去曾与阎魔站在对立面，现在是交流频繁的好伙伴。,0,
068790.tex,004790.tex,5.3,阎魔,妖怪手表联动,,位于妖怪的顶点，引领妖魔界前行的大王。他的体内，寄宿着一名充满勇气的少年和妖力强大的妖怪的灵魂。,0,
068789.tex,004789.tex,5.35,达因斯莱瓦追踪型,南方博兹雅战线<br/>上锁的宝箱-稀有掉落,,以达因斯莱瓦为原型制作的模型。由于参照动物制作的魔导复仇者取得了一定的成果，于是设计者们围绕着下期主力机体的要以何种动物为原型进行了热烈讨论。这个四足肉食动物型模型就是他们用来验证讨论成果的。,0,
068788.tex,004788.tex,5.31,无齿翼龙幼崽,重建伊修加德「库啵好运道」一等奖,,无齿翼龙的幼龙。在云冠群岛进行采集活动的伊修加德园艺工发现了这只被父母舍弃的幼龙。在众人热心地喂养下，它变得非常亲近人类。为了让它在更广阔的世界中成长，现正在募集领养者。,0,
068787.tex,004787.tex,5.3,沙狐,幻巧拼图<br/>幻巧叶x400,,寿命超过千年的妖狐的子孙。曾经试着拜传说中的先祖宗旦为师，可却被干脆地拒绝了。于是它最近好像又决定要将冒险者作为自己新的师父。因为是杂食性，所以不论肉类还是果实都是来者不拒，特别是最近它迷上了桦木糖浆的味道。,0,
068786.tex,004786.tex,5.3,亚拉戈西瓜,栽培（亚拉戈西瓜种子）可交易板上购买,,自古就有将西瓜供奉在墓前的习俗，以便逝者在死后上路时不至于口渴。从此事上不难看出古人将西瓜视作为水源的一种。可西瓜笨重不易搬运，所以亚拉戈帝国的农业学者为西瓜赋予了自动跟随的功能。,0,
068785.tex,004785.tex,5.3,幻影亡灵法师,Lv80副本「暗影决战 诺弗兰特」-稀有掉落,,仙子族为了感谢与他们一同玩耍的你而参照幻光亡灵法师编织出的幻影。作为幻影原型的女性想必也是在某个世界与邪恶战斗的英雄吧。不过其姓名与来历已无从得知了。,0,
068784.tex,004784.tex,5.31,肥肥风筝猫,重建伊修加德「库啵好运道」一等奖,,长得肥肥的风筝猫。不知道是不是因为适应了寒冷地区的气候，身上不仅储蓄了许多的皮下脂肪，而且还穿着像是防寒服一样的东西。可却无法将这身衣服硬扒下来。如果还要一意孤行想要尝试的话，很可能会遇到留下心理阴影的遭遇。,0,
068783.tex,004783.tex,5.35,魔导地狱潜者追踪型,南方博兹雅战线<br/>上锁的宝箱-稀有掉落,,以魔导地狱潜者为原型制作的模型。虽然同为飞行型魔导装甲，但由于与浮空装甲的操纵感觉差异较大，因此在机种转换训练中，受训者有义务利用该模型学习操纵此类机体战斗的技巧。,0,
068782.tex,004782.tex,5.3,迷你阿尔博特,2021年「新生祭」奖励,,以光之战士同时也是暗之战士的阿尔博特为原型制作出的魔法人偶。该人偶是为了永不忘记他想要拯救第一世界而坚持战斗的壮举，特意制作而成。他的情感将由继承了他灵魂的人一并传承下去吧。,1,
068781.tex,004781.tex,5.3,猫秘玩偶,完成主线「水晶的残光」奖励,,究竟是以谁为原型制作的人偶，想必不用多说也会明白。不过大家都清楚那个人并不希望自己成为偶像。所以中庸工艺馆的工匠们制作出了这个无名的猫秘族魔法人偶以便大家缅怀与那个人的回忆。,0,
068780.tex,004780.tex,5.3,啦哩吼矮人,矮人族友好度到达-名誉后<br/>在该友好部族商店用8枚绿蛙币兑换,,以矮人族为原型制作的小型自走人偶。不擅长打招呼的罗尼图为了能有个陪着练习啦哩吼的对象，秘密地开发了这台自走人偶。因此这台自走人偶能很流利地做出啦哩吼的动作。此外还选用了矮人酒精作为燃料。,0,
068778.tex,004778.tex,5.21,拉拉鳄,"完成成就「苍天街的制作大师」<br/>在重建伊修加德工程中，使用任意制作职业累计获得50,000点技巧点。",,帝王鳄的近亲，再怎么长也长不大，而且性格温厚。为此，曾经在伊修加德的贵族之间，将它比喻为“与传说中的小矮人拉拉菲尔相媲美的鳄鱼”，并当做宠物养了起来。实际上，它温厚的性格甚至能与小鸟做朋友。,0,
068772.tex,004772.tex,5.21,烹调猴面雀儿,重建伊修加德「库啵好运道」一等奖,,云顶营地的蔷薇骑兵团送来的支援物资中，藏着一只猴面雀的幼体。作为它吃光了物资中所有食物的惩罚，它需要担任烹调师的助手。拿手绝活是焦糖奶茶。,0,
068773.tex,004773.tex,5.21,衣匠猴面雀儿,重建伊修加德「库啵好运道」一等奖,,曾经发生过一场神秘的连续捣乱事件，蔷薇骑兵们的私服上，每晚都会多出精心缝纫的刺绣。前去监视的拉妮艾特阁下，抓到的则是这只猴面雀的幼体。作为惩罚，它需要帮忙进行复兴工作。,0,
068767.tex,004767.tex,5.21,马小龙,"完成成就「苍天街的采集大师」<br/>在重建伊修加德工程中，使用任意采集职业累计获得50,000点技巧点。",,在云冠群岛发现的古代生物的幼体。特别亲近发现自己的冒险者，从而跟到了云海之外。非常能吃，感觉时时刻刻都在饿肚子，看到自己的尾巴也会追着咬上去。,0,
068763.tex,004763.tex,5.21,小刻耳柏洛斯,重建伊修加德(天穹街 X:12.0 Y:14.0)<br />天穹街振兴票1200点交换,,在艾因哈特家物资仓库的阴暗角落中发现的三只脑袋疑似犬类的生物。众所周知，库尔札斯地区的野生妖异非常多，所以它应该是下级妖异中的一种。除了有三个脑袋之外，其他地方和普通的小型犬没区别。,0,
068766.tex,004766.tex,5.2,黄金塔罗斯,「梦羽宝境」稀有掉落,,代达罗斯公司制作的小玩具。以自家的塔罗斯为模型，在表面贴上一层金箔，显得格外高级。因为这个设计广受好评，所以风靡一时导致供不应求，使得诺弗兰特全境的金箔工匠都在为制作玩具而努力。,0,
068768.tex,004768.tex,5.2,草小人,伊尔美格「广域交易商 苏儿·拉德」双色宝石x400兑换,,在伊尔美格做游戏扮演广域交易商的仙子们贩卖的稀有物品。虽然外表看上去和草人一样，但不知为何会动。在问卖它的仙子族这到底是什么的时候，那个仙子族只会偷偷笑个不停。,0,
068769.tex,004769.tex,5.2,霍啪栌的水蛇？,奇塔利族友好度到达-名誉后<br/>在该友好部族商店用8枚橡果币兑换,,被当做是隆卡水蛇化身的东西。于洞窟遗迹内部，出现在卢利采掘队面前，并告诉他们修复坏掉的石碑，不过具体为何物无人知晓。不知为何戴着头盔，就算在昏暗的洞窟中也能安心。,0,
068770.tex,004770.tex,5.2,奇塔利的水蛇？,奇塔利族友好度到达-8级“誓约”后<br/>在该友好部族商店用8枚橡果币兑换,,被当做是隆卡水蛇化身的东西。为了缅怀消失的奇塔利的水蛇大人，便为霍啪栌古盘的其他个体制作并戴上了相似的帽子。外观与奇塔利的水蛇大人一模一样，真是太好了。,0,
068771.tex,004771.tex,5.2,银山雀儿,潜水艇-灰海，海域P区-稀有掉落,,娇小迷人非常可爱的鸟儿。不知何时钻进了派遣到溺没海的潜水艇内。应该是人偶驾驶员为了换气浮上海面打开舱盖时飞进来的吧。虽然很啰嗦，但它真的很可爱。,0,
068774.tex,004774.tex,5.2,小小古代人,Lv80副本「黑风海底 阿尼德罗追忆馆」-稀有掉落,,在阿尼德罗追忆馆发现了内含理念的水晶，这个魔法人偶就是由水晶再现出来的。这应该是古代人的玩具，因为古代人长得很高，所以他们制作出来的魔法人偶有着拉拉菲尔族般的大小。,0,
068775.tex,004775.tex,5.2,鲨鱼指挥官,"完成成就「游钓大洋1」<br/>在1次出海垂钓中获得5,000以上渔分。",,曾经有人说过，增加头部的时代结束了，接下来要长的是腿。可是，这只鲨鱼不仅有腿，就连手都长齐了。它到底是古代的杀人兵器，还是突然变异而来……还是不要深究了。,0,
068776.tex,004776.tex,5.2,迷你杜丽雅,国际服实体特典,,模仿杜丽雅制作的魔法人偶。这是采·努兹运用制造塔罗斯的技术制作的25周年结婚纪念礼物。为了让返乡的暗之战士们记住二人，杜丽雅让人偶抱着自己制作的最爱的老公，并一起送给了暗之战士等人。,0,
068779.tex,004779.tex,5.2,不幸小兔,"30,000金碟币兑换",,戈德伯特阁下设计的兔子外形的魔法人偶。虽然在乌尔达哈迅速获得了大量人气，但是由于复杂的所属权问题，使得魔法人偶一时之间成为了白金幻象的吉祥物。最后，所属权终于回到了金碟游乐场。,0,
068732.tex,004732.tex,5.2,迷你琳,「伊甸希望乐园 共鸣之章4」一定几率掉落「伊甸零式希望乐园 共鸣之章4」必定掉落,,以琳为原型制作的魔法人偶。蓝色的瞳孔有如映出星之海一般，这也是她作为转生敏菲利亚的证明。在经过漫长的旅途和战斗后，她决定走上自己的人生道路，最终得到了自己名字——琳。,0,
068758.tex,004758.tex,5.15,极合金正义号,同盟徽章400点兑换<br/>泪男子拉图迦(乌尔达哈来生回廊X:12.5 Y:13.0),,遭到青蓝之手解雇的地灵族技术员转职加入加隆德炼铁厂后，以机工兵器残暴正义号为原型制作的面向儿童的玩具。因大量运用了锌合金压铸工艺，所以成品非常牢固结实。,0,
068760.tex,004760.tex,5.11,新型迷你埃斯蒂尼安,重建伊修加德(天穹街 X:12.0 Y:14.0)<br />天穹街振兴票1200点交换,,模仿退出龙骑士团的埃斯蒂尼安所制作的魔法人偶。伊修加德的所有教育设施均有此人偶，目的是为学生们讲述改变了伊修加德的龙诗战争。还有一点需要注意，就是千万不要问他现在是不是无业游民！,0,
068757.tex,004757.tex,5.11,白小骑士,重建伊修加德(天穹街 X:12.0 Y:14.0)<br />天穹街振兴票1200点交换,,天钢机工房制作的机工人偶。原本是为神殿骑士团的桌上模拟演习而制作的棋子，将它们摆在地图上，模拟验证作战计划，进行军事研究。据说它一直在寻找强劲的对手。,0,
068765.tex,004765.tex,5.1,辅助机316,14人本「复制工厂废墟」-稀有掉落,,在机械遗迹最深处发现的小型黑色机械。原本是支援寄叶部队的随行辅助机。即便武器和其他各种机能都出现了故障，也不放弃跟随支援对象。,0,
068764.tex,004764.tex,5.1,辅助机054,14人本「复制工厂废墟」-掉落,,在机械遗迹最深处发现的小型白色机械。据2P所说，这是寄叶部队人手一台的随行辅助机。拥有强大的射击援助能力和高度的对话功能，不过现在已经坏掉了。,0,
068762.tex,004762.tex,5.1,大哥布林人偶,采矿雇员：山岳G25/自由探索,,以大哥布林为原型制作的魔法人偶。雇员每天都会梦见像老婆婆一样的大哥布林，为了辟邪能让自己睡个好觉，便自制了这个魔法人偶。如果将它交给别人，或许就能将自己梦中的大哥布林一起交到对方梦中了吧。,0,
068761.tex,004761.tex,5.1,小凉南希,「魔法宫殿 宇宙宫」-稀有掉落,,凉南希的幼体，刚刚萌发新芽，所以性情也很随和。不过随着自身成长，为确保营养源的本能变为贪欲，会用尽各种手段引诱动物与人类。现在正为了习得魅惑技能努力特训中。,0,
068759.tex,004759.tex,5.1,多玛金鱼儿,钓鱼雇员：水岸G25/自由探索,,雇员钓上来的金鱼。这种身体圆圆的金鱼被称为多玛金鱼儿，这是由多玛的金鱼爱好者改良出来的新品种。因为吞下了白云花的种子，所以能够漂浮在空中。,0,
068756.tex,004756.tex,5.1,狐獴,潜水艇-灰海，海域N区-稀有掉落,,栖息在灰海附近的小动物。它们会在地表挖洞作为巢穴，以家族为单位生活，在太阳升起来时会回到地面，直立不动的让太阳温暖自己的身体。因好奇心钻入在岸边进行修理的潜水艇后，开始了自己一生一次的大冒险。,0,
068755.tex,004755.tex,5.1,神秘兵装,战斗雇员：平地G25/自由探索,,雇员在旅行途中发现的古旧长剑。在触碰之后，突然就发动了某种古代魔法，变成了奇怪的魔法生物开始走动。虽然感觉像是被诅咒了一样，不过反正都要交给主人，也就不是很在意了。,0,
068754.tex,004754.tex,5.1,仙子人偶,仙子族友好度到达-名誉后<br/>在该友好部族商店用8枚幻晶币兑换,,以仙子为原型制作的魔法人偶。丽耶美格梦园的仙子们要是在梦中与孩子们玩开心了，会赠送这个他们亲手制作的人偶，当然，这只是众多礼物中的一种。人偶与真正的仙子不同，不会捉弄人类，所以很好相处。,0,
068753.tex,004753.tex,5.1,猪小仙,园艺雇员：森林G25/自由探索,,梦见被飞在天上的猪追着跑的雇员，在采集的空闲时间用找到的黏土捏成的小猪，不知为何真的飞了起来。也许是仙子们为了捉弄人，将仙子油灯的火种赋予了小猪，使其成为了真正的使魔。,0,
068748.tex,004748.tex,5.05,鮣鱼级潜水艇,潜水艇-灰海，海域E、I区-稀有掉落,,负责驾驶潜水艇的魔法人偶闲暇时自己制作的模型，和鮣鱼一样喜欢跟着宿主行动。很少有人注意到由魔法人偶制造的魔法人偶所代表的重大意义……,0,
068735.tex,004735.tex,5.05,水妖人偶,「梦羽宝境」稀有掉落,,水妖族模仿自己制作的魔法人偶。水妖和其他妖灵族一样擅长幻惑之术，喜欢用恶作剧捉弄他人。难道说这个人偶也被设置了某种性质恶劣的恶作剧在里面吗……,0,
068731.tex,004731.tex,5.05,迷你第一世界雅·修特拉,2020年「新生祭」奖励,,模仿雅·修特拉制作的魔法人偶。一身黑衣代表着她帮助夜之民的决心，手中的枯木法杖代表着她选用破坏魔法与食罪灵对抗的信念。在此，魔女玛托雅诞生了。,0,
068741.tex,004741.tex,5.01,迷你伊甸,「伊甸希望乐园 觉醒之章4」一定几率掉落「伊甸零式希望乐园 觉醒之章4」必定掉落,,世界上最初的食罪灵伊甸参照自身创造出的迷你个体。时常会在头顶召唤魔法阵意图放射破坏光线，不过总因为以太存储量过少而无法成功。于里昂热也认为它应该是无害的。,0,
068752.tex,004752.tex,5.x,得到宽恕的仇恨,Lv79副本「伪造天界 格鲁格火山」-稀有掉落,,在格鲁格火山发现的超小型疑似食罪灵的东西。它会一直仇视捡到它的人并不断追赶。但其实除了追赶人以外并没有其他能力，只是不停地在旋转而已。看上去因为没有什么害处，拥有这个东西应该是没有问题的。,0,
068751.tex,004751.tex,5.x,青蛙号A,参加FATE「激斗畏惧装甲之秘密武器」并累积获得：畏惧装甲的内部结构中使用到的齿轮x6（需1次金牌）<br/>游末邦：树梢层(X:10.2 Y:11.6)法萨德，兑换<br /><br />FATE触发顺序：<br />1.激斗畏惧装甲之危险逼近<br />2.激斗畏惧装甲之新的情报<br />※通常基本以上循环，一定时间内反复刷新1-2<br />3.激斗畏惧装甲之秘密武器(X33.7Y22.1)（大地图上不显示，靠近后小地图显示，参考伊克西翁）<br />三次金牌即可全部兑换毕业（宠物+机器蛙坐骑）,,矮人族的工匠制作出来的小型自走人偶。虽然有着能够自动补充动力源矿物的机能，可还是会因为担心燃料是否正确补充的问题而弄出来检查检查。另外背部的螺丝只是为了烘托气氛的装饰。,0,
068750.tex,004750.tex,5.x,蝴蝶效应,拉凯提卡大森林的「Fate达成度」Rank3后，用400双色宝石在广域交易商进行兑换,,能够投射出一对蝴蝶飞舞的幻影的神奇结晶。有一种说法，就算是蝴蝶翅膀的振动所引起的小小的变化，也会对事情的结果产生出巨大的差异。不过此结晶并不是用来体现该说法的物品，而是古代隆卡帝国的神官抱着开玩笑的想法创作出来的。,0,
068749.tex,004749.tex,5.x,鲸头鹳,Lv80副本「末日暗影 亚马乌罗提」-稀有掉落,,主要栖息在珂露西亚岛的鸟类。以纹丝不动而被人广泛周知，就算是狩猎时也是守株待兔，等候猎物自己送上门才会用喙捕获猎物。不知具体是何原因，将冒险者认作为自己的主人，保持着绝妙的距离跟在身后，一直跟到了这里。,0,
068747.tex,004747.tex,5.x,石莲小猬,Lv73副本「水妖幻园 多恩美格禁园」-稀有掉落,,石莲猬的幼崽。背部长着像是多肉植物石莲花一样的板状鳞甲，潜藏在草原中时非常难以被发现。尾部的末梢能够分泌出蜜一样的甜味液体，用于吸引并捕食昆虫。是一种具有非常珍稀性质的生物。,0,
068746.tex,004746.tex,5.x,叮叮摇铃,参加FATE「灾厄的古塔尼亚之深海讨伐战」并累积获得：古塔尼亚的角x6（需一次金牌）<br />游末邦：树梢层(X:10.2 Y:11.6)法萨德，兑换<br /><br />FATE触发顺序：<br />1.FATE「灾厄的古塔尼亚之开始追踪」黑风海(X:28.0 Y:12.5)<br />2.FATE「灾厄的古塔尼亚之兹姆嘶登场」黑风海(X:24.4 Y:18.4)<br />3.FATE「灾厄的古塔尼亚之保护提乌嘶」黑风海(X:24.4 Y:18.4)<br />4.FATE「灾厄的古塔尼亚之护卫提乌嘶」黑风海(X:36.0 Y:9.5)<br />5.FATE「灾厄的古塔尼亚之收集红血珊瑚」黑风海(X:35.0 Y:5.0)<br />※通常基本以上循环，一定时间内反复刷新1-5，6出现才会触发7<br />6.FATE「灾厄的古塔尼亚之准备决战」黑风海(X:25.6 Y:24.0)<br />7.FATE「灾厄的古塔尼亚之深海讨伐战」黑风海(X:27.6 Y:25.8)（大地图上不显示，靠近后小地图显示，参考伊克西翁）<br />三次金牌即可全部兑换毕业（宠物+青蛙套）,,有着妖灵名字的传说中的摇铃。某位鳍人族的青年看到这个摇铃从大嘴巨兽身上掉落下来并捡了回来。好像是由古代人制作或是重现的东西。刻有能够使魔力倍增的特殊术式。,0,
068745.tex,004745.tex,5.x,迷你欧米茄F,天书奇谈-银奖,,以迷你欧米茄F为原型制作的魔法人偶。某位雕金匠以“全新的美的形态”为题制作出来的作品。加隆德因奇怪制作者是从哪里得来的题材而派员工前去调查，却发现制作者像是被时空缝隙吞噬了一样，失去了踪影。,0,
068744.tex,004744.tex,5.x,迷你欧米茄M,天书奇谈-银奖,,以迷你欧米茄M为原型制作的魔法人偶。某位雕金匠以“全新的美的形态”为题制作出来的作品。制作者在将人偶卖给罗薇娜商会时说道：“要想理解事物的一面，就需要同时深入地去了解其另一面。这才是表里如一的美。”,0,
068743.tex,004743.tex,5.x,朱雀机关人偶,国际服实体特典,,以朱雀为原型制作的机关人偶。碧甲族的人偶师从同胞算盘那里听说了他所经历过的奇闻，为了称赞守护了红玉海的四圣兽而制作了此人偶。完美地再现了为爱而生，同时又是优秀笛师的朱雀。,1,
068742.tex,004742.tex,5.x,大河狸,用「缇坦妮雅的羽毛」x1进行兑换，伊尔美格 (X:20.6 Y:36.3 Z:0.2)大河狸,,出现在群树馆的充满谜团的生物。人只要得到自己的渴望之物就应该满足了吧。世界上有许多事情是不能去揭开真相的，此生物就会让你亲身体验到这个人生中的真理。,0,
068740.tex,004740.tex,5.x,小鸭嘴兽,怪物狩猎的战利品800点兑换（水晶都）,,鸭嘴兽的幼崽。由于嘴部的形状酷似鸭嘴因此得名，其嘴部能够感知猎物的生物电流，所以能够不依赖视觉进行狩猎。此外后脚部有着能够分泌毒液的勾爪，令人意外的拥有着凶恶的一面。,0,
068739.tex,004739.tex,5.x,小小冰海天使,Lv80副本「创造机构 阿尼德罗学院」-稀有掉落,,冰海天使的幼体。实际上是卷贝的同类，刚出生时以植物微生物为食，随后逐渐转变为肉食，头顶部的触手最终会发展成捕获猎物用的武器，不过现在还是会老老实实地跟在人的身后。至少现在是这样……,0,
068738.tex,004738.tex,5.x,迷你巨人掌,安穆·艾兰的「Fate达成度」Rank3后，用400双色宝石在广域交易商进行兑换,,巨人掌的幼苗。被人广泛周知的巨大品种，不过刚发芽后的个体还是很小，会逐渐开始成长。此个体推测年龄为20至30岁，可依然属于幼苗的范畴。据说也有存活到200年以上的个体。,0,
068737.tex,004737.tex,5.x,隆卡的水蛇？,系列支线任务「隆卡的守护者们」奖励<br />需完成2条支线后才开放该任务<br />1.蛇行枝：昏暗森林的守护者→大蛇的小小化身→化身大人的启示→为了守护清净的森林<br />2.法诺村：→双胞胎与双元灵→成双的思念→双眼注视的前方→双胞胎的祈祷,,被视为隆卡水蛇化身的某种生物。出现在夜之民的见习导师秦福特的梦境中，并传达了森林即将面临危机的事情，不过其真实身份依然是谜。看上去外表像是东方传说中的土龙……,0,
068736.tex,004736.tex,5.x,小犰狳（qiú yú）,Lv77副本「避暑离宫 马利卡大井」-稀有掉落,,犰狳的幼崽。犰狳有着特殊的习性，防身用的岩石越大就越能证明自身的实力。所以偶尔会见到有些爱虚荣的犰狳会选择自己也无法抬动的岩石。,0,
068734.tex,004734.tex,5.x,变色龙,Lv75副本「文明古迹 奇坦那神影洞」-稀有掉落,,成年的变色龙。鳞片表面附着着微小的结晶，将魔力注入其中便可以将自身融入周围的景色之中。其原理与幻象棱晶相似，一部分人将其称为甲鳞纲类中首屈一指的时尚大师。,0,
068733.tex,004733.tex,5.x,黑豆柴,Lv71副本「遇袭集落 水滩村」-稀有掉落,,以一身黑毛为特征的柴犬幼犬。虽然柴犬拥有可爱的外表，可却是血统古老，极为接近狼的犬种。自古以来都被当做狩猎或者看门用的好伙伴，在水滩村还会训练柴犬来牧羊。,0,
068726.tex,004726.tex,5.x,恩莫族人偶,怪物狩猎的战利品800点兑换（水晶都）,,以原狂热兵团的某位恩莫族为原型制作的魔法人偶。抱在怀里十分舒适，就仿佛里面装满了棉花一样蓬松柔软。可实际上却是恩莫族的陶器魔法师用菌菇的孢子与泥巴混合制作而成的。,0,
068725.tex,004725.tex,5.x,迷你芙兰,道具商城购买「5.0电子典藏包」,,以达尔马斯卡抵抗组织“莲天之泪”的干部芙兰为原型制作的魔法人偶。据说是组织内的邦加族女斗士利诺为了赚取活动经费，连夜制作出来的。人偶完成度相当高，销量也非常好。,0,
068706.tex,004706.tex,5.x,迷你古·拉哈,完成主线「漆黑之逆焰」奖励,,为了赚取探索希尔科斯峡谷所需的费用，由塔塔露制作出来的魔法人偶。原型是由来于圣寇伊纳克财团的拉姆布鲁斯提到过的北洋的贤人。回归后的英雄讲述了在第一世界冒险的经历，所以塔塔露便将这个魔法人偶赠给了英雄。,0,
068728.tex,004728.tex,4.56,绵绵坐垫,兑换：珊瑚币5枚<br/>红玉海(X:29.3 Y:16.8)床单<br/><br/>需完成蛮族剧情支线「人鱼之肉」<br/>黄金港 (X:13.1 Y:9.7)<br/>东阿尔迪纳德商会的丁稚<br/>完成蛮族支线「付丧神之缘」「跨越种族之桥」「庆祝吧鲶鱼精」<br/>即蛮族声望8级,,东方地域的人们习惯坐在地上，所以软绵绵的坐垫就成了必需品。另外，在远东之国有种奇特的习俗，说话够机灵的人可以得到多余的坐垫，而说话不谨慎的人的坐垫会被收走。,0,
068723.tex,004723.tex,4.56,红甲玩偶,兑换：珊瑚币5枚<br/>红玉海(X:29.3 Y:16.8)床单<br/><br/>需完成蛮族剧情支线「人鱼之肉」<br/>黄金港 (X:13.1 Y:9.7)<br/>东阿尔迪纳德商会的丁稚<br/>完成蛮族支线「付丧神之缘」「跨越种族之桥」「庆祝吧鲶鱼精」<br/>即蛮族声望8级,,模仿红甲族的甲人族制作的魔法人偶。碧甲族为了终有一日能够和红甲族和解而许愿用心制作的珍品。重现了被人们认为是绝鬼岛之鬼而畏惧的红色甲壳。,0,
068722.tex,004722.tex,4.56,伽黎亚玩偶,兑换：魔金锡币<br/>基拉巴尼亚边区(X:20.9 Y:26.2)摩偷罗<br/><br/>需完成蛮族剧情支线「人鱼之肉」<br/>黄金港 (X:13.1 Y:9.7)<br/>东阿尔迪纳德商会的丁稚<br/>完成蛮族支线「付丧神之缘」「跨越种族之桥」「庆祝吧鲶鱼精」<br/>即蛮族声望8级,,阿露帕国境警备队的前任工兵模仿伽黎亚派的阿难陀族制作的魔法人偶。以退出伽黎亚派加入国境警备队的新同伴为原型是为了提高警备队的凝聚力。,0,
068720.tex,004720.tex,4.55,新型迷你塔塔露,「FINAL FANTASY XIV: STORMBLOOD | Art of the Revolution - Eastern Memories -」封入特典,,模仿拂晓血盟永远的接待员所制作的魔法人偶。为了向支援了拂晓在黄金港活动的人们送上谢礼，委托了黄金港的人偶师来制作。身上的服饰使用了武京产的高级布料。,0,
068719.tex,004719.tex,4.55,小雪童子,「优雷卡 丰水之地」上锁的宝箱,,幼小的雪童子。非常喜欢干净，会频繁地用禾本科植物的草杆编出新的蓑衣来给自己换上。但由于警惕性很强，绝不会在人面前把头露出来换蓑衣。也有传闻说如果强硬地扯掉蓑衣会被诅咒。,0,
068718.tex,004718.tex,4.55,有限的美德,「优雷卡 丰水之地 兵武塔」<br/>绝对的美德攻略报酬（稀有掉落）,,由在优雷卡被发现的大型魔法生物绝对的美德身上剥落下来的以太再生而成。由于是高浓度的以太构成的，被认为是与元精等妖灵纲魔物类似的半生命体。,0,
068730.tex,004730.tex,4.5,小刺猬,「运河宝物库」一定几率掉落,,小小的刺猬。近东地域曾以刺猬为食，然而近几年，因为其可爱的身姿而拥有了宠物的地位。经常被当成豪猪，但并没有什么烦恼。,0,
068729.tex,004729.tex,4.5,南方度假獭獭,部队工坊：潜水艇探索「海域W」,,身着南洋风格服装的獭獭。虽然生于东方、但已经完全融入了南洋的文化，身心都沾染上了阿罗哈的氛围。似乎有着钓鱼的爱好，某一天钓鱼的船被海浪掀翻于是漂流至此。,0,
068727.tex,004727.tex,4.5,青帝,Lv70 裁衣制作「裁缝秘籍第六卷」,,以青龙为原型制作的魔法人偶。真正的青龙其实是条巨蛇，人偶只是模仿了传说中的龙制作的。巧合的是，其造型和麒麟十分相似，但是在身上找不到“麒麟”二字。,0,
068724.tex,004724.tex,4.5,玩偶运输机,15000狼印战绩兑换,,为高效运输玩偶而开发的次世代的运输平台。乘坐在上面的玩偶明明没有被施加魔法，却仿佛寄宿着被分离出来的灵魂，总是在半夜发出笑声。,0,
068721.tex,004721.tex,4.5,迷你武装重甲,「国境战线 基姆利特暗区」稀有掉落,,加雷马帝国军为训练整备兵而制作的魔导兵器武装重甲的微缩模型。新兵们通过这个模型来熟悉魔导兵器的构造，从而学习维护技术。因此模型的细节十分精致。,0,
068717.tex,004717.tex,4.5,格雷姆林宝宝,国服FanFest2019活动道具,,幼小的低级妖异格雷姆林。纯白的毛皮十分美丽，但其内心与外表并不相符，总是会对人恶言相向。不过最近格雷姆林的饲养变得简单了许多，被阳光照到也不会死，淋了水也不会增殖。,0,
068670.tex,004670.tex,4.5,迷你拉姆萨,「乐欲之所 瓯博讷修道院」稀有掉落,,仿照被历史的黑暗所埋葬的孤身一人的英雄所制作的魔法人偶。大热剧作家杰诺米·申·雷克森提尔称，他才是伊瓦利斯的建国功臣——真正的英雄拉姆萨……,0,
068716.tex,004716.tex,4.4,水豚幼崽,「运河宝物库神殿」一定几率掉落,,水豚的幼崽。不知道从哪里学到的，总之非常喜欢泡温泉。顺便提一句，在温泉众多的远东之国，水豚有着鬼豚鼠这么一个奇怪的称呼。,0,
068715.tex,004715.tex,4.45,小长颈驼,优雷卡：涌火之地<br/>「上锁的宝箱」-稀有掉落,,长颈驼的幼崽，被认为是以供研究而被饲养的。优雷卡由于属性之力的混乱导致凶暴化的魔物四处徘徊，它却在这样的环境中奇迹般地生存了下来。脖子的长度十分微妙。,0,
068714.tex,004714.tex,4.45,艾尔凡人偶,优雷卡：涌火之地<br/>EL52NM「垂柳树人」-稀有掉落,,巴尔德西昂委员会的研究员制作的魔法人偶，再现了想象中的精灵族的祖先。据说其极富特色的上衣名为蓝色紧身对襟外衣。制作者说特征在于纯正的底色和相应的花纹。,0,
068713.tex,004713.tex,4.4,花篮莫古力,永结同心白金方案追加的来宾奖励,,以莫古力为原型制作的魔法人偶，是永结同心典礼的赠品，附带一个漂亮的花篮。据十二神大圣堂的莫古力所说，这个魔法人偶具有带来幸福的效果。不过不知道是否灵验。,0,
068712.tex,004712.tex,4.4,泥小点,「污染庭园 圣茉夏娜植物园」稀有掉落,,从枯腐泥妖身上剥落下来的泥块。虽然体积变得很小，但仍然很有精神地来回跑。估计是因为受到了能让植物类魔物活力暴涨的神秘泥土的影响。体态变得娇小可爱，但是浑身的土腥味是个缺点。,0,
068711.tex,004711.tex,4.x,迷你蒂法,国服FanFest2019贩卖道具,,以古代英雄蒂法为原型制作的魔法人偶。蒂法曾经在经营酒馆的同时还对抗着那些强大的邪恶势力。她还是一位格斗术的高手，为了再现她勇敢的身姿，工匠们倾注了全力进行制作。,0,
068710.tex,004710.tex,4.x,迷你爱丽丝,国服FanFest2019贩卖道具,,以古代英雄爱丽丝为原型制作的魔法人偶。爱丽丝过去曾在小巷里靠卖花维持生计，可是她身体里流淌的血统导致她被命运翻弄。即使这样她仍然下定了决心要拯救行星。,0,
068709.tex,004709.tex,4.x,迷你克劳德,国服FanFest2019贩卖道具,,以古代英雄克劳德为原型制作的魔法人偶。克劳德不但是传说中的士兵，而且还拥有无与伦比的战斗能力。为了再现他传说中勇猛的身姿，就连他爱用的破坏剑也一同制作了出来。,0,
068708.tex,004708.tex,4.x,阳小灵,2019年「守护天节」奖励,,在守护天节的庆典上遇到的阳光开朗的幽灵人偶。本应只是不会动的普通人偶，但它却不知为何动了起来。究竟是真正的幽灵还是某人在用魔力控制人偶，真相不明。,0,
068707.tex,004707.tex,4.x,阴小幽,2019年「守护天节」奖励,,在守护天节的庆典上遇到的阴沉忧郁的幽灵人偶。就连负责举办活动的大陆马戏团的滑稽艺人也无法理解这些人偶为什么会动。而且人偶的表情还显得十分阴沉。,0,
068705.tex,004705.tex,4.4,迷你欧米茄,欧米茄12层一定几率掉落，欧米茄零式12层必掉落,,在时空狭缝中发现的充满谜团的小型自律追随机。平常只是默默地追随在人身后，对人并没有危害。据加隆德炼铁厂的魏吉推测，这台机器制作出来的目的很可能只是为了观察人类。,0,
068704.tex,004704.tex,4.4,迷你阿尔法,「欧米茄时空狭缝 阿尔法幻境」任务报酬,,加隆德炼铁厂制作的机关人偶。作为解决了欧米茄事件的特别奖励，杰西把人偶赠送给了冒险者。此人偶乃是以亲爱的伙伴阿尔法为原型制作的初版迷你阿尔法（彩色样品）。,0,
068703.tex,004703.tex,4.4,朱孔雀,Lv70 裁衣制作「裁缝秘籍第六卷」,,以朱红色孔雀为原型制作的魔法人偶。孔雀的羽毛自古以来就极具观赏性深受人们喜爱。而且孔雀还以毒虫毒蛇为食，因此在古人眼中被视为吉祥的象征，并被供奉为仙兽。以孔雀为原型制作的人偶因为象征着吉祥好运，所以很有人气。,0,
068702.tex,004702.tex,4.3,劳动八号,「封闭圣塔 黎铎拉纳大灯塔」稀有掉落,,从机工都市高古发掘出来的劳动型铁巨人。其被发现时处于休眠状态，将富余出来的水晶嵌入后重新动了起来，并跟随在冒险者身边。因为动力源并非圣石，所以应该没有危险。,0,
068701.tex,004701.tex,4.3,齐天小圣,「风水灵庙 岩燕庙」稀有掉落,,瑞兽齐天大圣用神通力做出的分身。齐天大圣原本是一只喜欢恶作剧的猴子，即使是得到了特殊的力量之后也还是擅长欺骗他人的技能。乘坐用神通力编织的云朵，可以自由自在地飞翔于天空。,0,
068700.tex,004700.tex,4.3,发条提灯,15000狼印战绩兑换,,发条动力机关的自走型提灯。为了回应冒险者们热烈的要求，雕金匠行会和炼金术士行会协同开发的提灯。运用了魔法人偶技术的自走机关以及来源于炼金术的美丽光源，使得光亮可以照到任何地方。,0,
068699.tex,004699.tex,4.3,月读之形,国际服实体特典,,以夜神月读为原形制作的魔法人偶。这是一名雕金匠在经历了复杂曲折的变故——被帝国军强征后不知为何又被用作做俘虏交换的对象后，即兴制作出的人偶。或许是因为重获自由的喜悦，雕金匠注入了异常的情感做出了这个美丽的人偶。,0,
068698.tex,004698.tex,4.3,迷你熙洛,天书奇谈-银奖,,模仿熙洛·阿里亚珀的外形制造的魔法人偶。熙洛孤身奋斗运营着孤儿院，而静静守望着她的罗薇娜商会的专属工匠制作了这个人偶。妹妹库洛无言地收下了人偶，悄悄地加进了奖励品里。,0,
068697.tex,004697.tex,4.x,迷你其日娜,2019年「新生祭」奖励,,模仿模儿部的少女其日娜制作的魔法人偶。暮晖之民的游牧民日常穿着的传统服饰的精细刺绣也被完美地再现了出来。作为传播太阳神草原文化的物品在新生庆典上发放。,0,
068696.tex,004696.tex,4.3,迷你纱都,Lv70 裁衣制作「裁缝秘籍第六卷」,,模仿朵塔儿部族长纱都的外形制作的魔法人偶。迷恋纱都的美貌但又没有勇气告白的朵塔儿青年们设计出了这个人偶的制作方法。不过实际上他们就连将人偶制造出来的勇气都没有。,0,
068695.tex,004695.tex,4.35,伞蜥,"海贼众的资材负责人 红玉海（X:21.3,Y:9.3）<br/>「天之陶器碎片」10枚交换",,非常喜欢幻象棱晶所以跟着冒险者的蜥蜴。平常栖息在树上，觅食时会从树上下来用后足极速奔跑。在察觉到危险的时候会展开围巾状的皮肤威吓对手。,0,
068694.tex,004694.tex,4.3,祭礼鲶鱼精,鲶鱼精友好度到达-信赖后<br/>在该友好部族商店用7枚鲶鱼小判兑换,,以鲶鱼精为原型制作的魔法人偶。为了攒出大鲶大祭的举办资金，工匠鱼信连夜做出来的人偶。精巧的扎头巾和法被是擅长裁缝的鱼丽制作的。作为吉祥物很有人气。,0,
068693.tex,004693.tex,4.36,噗吱猪,"猛汉加工屋 黄金港（X:9.8,Y:8.9）<br/>「火龙的上鳞」五枚交换",,可爱的小猪。据说在遥远的异国他乡，是让所有猎人都为之倾心的迷人生物。而今，三大洲的怪物猎人们也开始陆续成了它的俘虏。,0,
068692.tex,004692.tex,4.36,艾露猫,「王在顶点沉睡」任务奖励,,追逐着火龙从遥远的异国他乡来到此地的小型兽人。通过发布狩猎火龙的任务与冒险者相识，自愿成为冒险者的随从猫。,0,
068691.tex,004691.tex,4.36,塔鲁塔鲁人偶,禁地优雷卡 恒冰之地<br/>「发生变异的结冰上锁宝箱」-稀有掉落,,巴尔德西昂委员会的研究员制作的魔法人偶。外形再现了想象中拉拉菲尔族的祖先。其身上红色的衣服是一种名为“朱红斗篷”的高级法衣，据说拥有回复魔力的效果。,0,
068690.tex,004690.tex,4.36,凯西幼苗,禁地优雷卡 恒冰之地<br/>幸福兔的金箱-稀有掉落,,从凯西身上剥落下来的种子发芽后长成的幼苗。由于喜欢装饰自己的身体，灵巧地将红色的布条裹在身上做成了裙子。戴着不知道从哪捡到的耳环，但无论如何装饰，都无法让人忽视其身上的臭味。,0,
068689.tex,004689.tex,4.2,金鲶,「运河宝物库深层」一定几率掉落,,全身金光闪闪的鲶鱼精魔法玩偶。据说是远东之国的人偶师制作的出口给近东地区的吉祥物。由于使用了莳绘的技术给全身上了一层金粉，拿着它总觉得会提升财运。,0,
068688.tex,004688.tex,4.2,狛犬,"成就报酬-2枚成就币<br/>格里达尼亚旧街（X:10.6,Y:6.3）乔纳森处兑换",,以东方幻兽狛犬为原型制作的魔法人偶。神社之类神圣的地方有安置一对石狮子镇守的传统，据说可以辟邪。这个玩偶看到自己的同类也会不自觉地和它相对而坐。,0,
068687.tex,004687.tex,4.25,常风王子,禁地优雷卡 常风之地<br/>NM「章鱼统领——常风领主」稀有掉落<br/>或「常风地带上锁的宝箱」稀有掉落,,继承常风领主血统的年轻王子。不知为何总在怀里藏着两把棍子，看什么不顺眼就会把它们掏出来双棍乱舞。由于尚过年幼，被打中了也不疼。,0,
068686.tex,004686.tex,4.25,米斯拉人偶,禁地优雷卡 常风之地<br/>NM「幻魔蝎——塞尔凯特」稀有掉落<br/>或「常风地带上锁的宝箱」稀有掉落,,巴尔德西昂委员会的研究员再现了传说中猫魅族的祖先。从其穿着毒蝎格斗服这点上也可以看出制作者异样的执着。,0,
068685.tex,004685.tex,4.25,迷你法夫纳,禁地优雷卡 常风之地<br/>NM「狂乱暗龙——法夫纳」稀有掉落<br/>或「常风地带上锁的宝箱」稀有掉落,,巴尔德西昂委员会的研究员以龙型妖异法夫纳为原型制作的魔法玩偶。不知为何手持一把名剑。研究员表示“有很小几率携带”，坚决不肯取下名剑……,0,
068684.tex,004684.tex,4.2,白小虎,Lv70 裁衣制作「裁缝秘籍第六卷」,,模仿白色小老虎而不是白虎制作出的魔法人偶。在远东之国，人们认为看到白色老虎的人会获得幸运。所以这种玩偶被当做吉祥物而受到珍重。,0,
068683.tex,004683.tex,4.2,舞海月,潜水艇「E海域」「G海域」,,粘在派遣到溺没海的潜水艇上的水母幼体。在长途航海中从人偶驾驶员那里听说了冒险者的故事，决定和冒险者一起旅行。其漂浮的姿态十分治愈人心。,0,
068682.tex,004682.tex,4.3,迷你玛格奈,Lv70 裁衣制作「裁缝秘籍第六卷」,,模仿奥罗尼部长兄玛格奈的外形制作的魔法人偶。担心长兄找不到伴侣的弟弟们为了给玛格奈做宣传，而设计并发表了人偶的制作方法。人偶就像是在夸示自己的武勇一样，还附带一把战斧。,0,
068681.tex,004681.tex,4.2,迷你凯夫卡,欧米茄8层一定几率掉落，欧米茄零式8层必掉落,,在西格玛幻境发现的魔法人偶。其原型的小丑凯夫卡到底是虚构还是现实人物尚不明。拂晓血盟贤人雅·修特拉看到这个人偶后表示似乎在哪里见到过……,0,
068680.tex,004680.tex,4.x,小丑预言蛋,2018年「彩蛋节」奖励,,为了感谢冒险者帮忙解决了彩蛋被盗事件，成功开展彩蛋狩猎，吉莉·阿里亚珀送给冒险者这颗特别的装饰彩蛋。里面装着以第六灵灾时活跃的十二贤者之一——拉德克利夫为原型制作的魔法人偶。,0,
068679.tex,004679.tex,4.2,白鼬,「红玉火山 狱之盖」稀有掉落,,毛皮像雪一样洁白的鼬。由于憧憬着在故乡森林撞见的瑞兽“镰鼬”，而跟随它潜入狱之盖想让它收自己为弟子。偶然碰上了冒险者和镰鼬战斗的场面，决定跟随更强的师父。,0,
068678.tex,004678.tex,4.2,迷你莫艾石像,Lv70 锻冶制作「锻冶秘籍第六卷」,,用溺没海发掘出的巨像石片制作的迷你莫艾石像。其原型是世界各地发掘出的充满谜团的石像——莫艾石像。据说是在制作过程中突然动了起来。另外，虽然看起来它张着嘴似乎能发射光圈的样子，但实际上不能。,0,
068677.tex,004677.tex,4.1,阿难陀玩偶,阿难陀族友好度到达-信赖后<br/>在该友好部族商店用7枚魔金锡币兑换,,阿露帕国境警备队的原工兵制作的具有阿难陀族外形的魔法玩偶。原型似乎是刚蜕完皮鳞片闪闪发亮的萨利夏。听说冒险者们的报酬就是靠卖这种玩偶赚来的。,0,
068676.tex,004676.tex,4.1,新型迷你劳班,4.1主线「英雄归来」完成后获得,,由艾欧泽亚同盟军的工兵部队制作的以劳班为原型的魔法人偶。尽管对外宣称它的制作是用来纪念阿拉米格解放的，但据说真实的制作初衷却是为了向初期的军事作战计划失败一事致歉。真是非常抱歉！,0,
068675.tex,004675.tex,4.1,神龙玩偶,Lv70 裁衣制作「裁缝秘籍第五卷」,,以神龙为原型制作的魔法玩偶。设计这个玩偶的人似乎是想重现神龙从封印中现身的一幕，但不知为何玩偶却是从宝箱中现身的。关于这个问题，设计者的回答是“原本不就是这样的吗？”，他究竟误会了什么……,0,
068674.tex,004674.tex,4.1,伊克西翁玩偶,"参加FATE「传说中的雷马——伊克西翁」并获得：伊克西翁的雷角5个<br/>神拳痕（X:13.8,Y:11.8）艾西娜，兑换",,以基拉巴尼亚地区传说中的古代幻兽伊克西翁为原型制作的魔法人偶。据说是当地居民为了让冒险者们勇敢地前去讨伐危险的伊克西翁而共同出资制作出来的。请大家务必都去参加……,0,
068673.tex,004673.tex,4.1,六角小螈螈,钓鱼雇员：水岸G22,,与小钝口螈相似的神秘两栖动物。钓上来的雇员说自己也不知道这到底是什么动物，就根据外形起了个名叫六角小螈螈。谁也不知道这只生物是从哪来的，而且不知道为什么，那个雇员也坚决不肯说出自己是在哪里把它钓上来的。,0,
068672.tex,004672.tex,4.1,椒盐海豹,「沉没神殿 斯卡拉遗迹」稀有掉落,,海豹的幼兽，不知道经历了什么误入了盐湖。因为是在盐湖发现的，所以人们给它在名字里加个“盐”字，后来又不知道什么时候传成了“椒盐”……其实原本是生活在大海里的动物。,0,
068671.tex,004671.tex,4.1,小树袋熊,园艺雇员：森林G22,,树袋熊的幼兽。前来采伐的雇员不小心砍到了它栖息的树木，于是被它紧紧抱住，只好带着它踏上了冒险之旅。尽管它长得很可爱，但想要威胁别人的时候却会发出非常可怕的叫声。不能被它的外表迷惑！,0,
068669.tex,004669.tex,4.1,象魔人偶,「运河宝物库」一定几率掉落,,在运河深层发现的以象魔族为原型制作的魔法人偶。原本人偶身上是穿着奢华衣物的，但却被偷盗宝石的盗贼拿走了，因此现在呈全裸的模样。怪不得看上去有点害羞呢。,0,
068668.tex,004668.tex,4.1,天狗玩偶,战斗雇员：平地G22,,以天狗为原型制作的玩偶。明明就是个普通的玩偶却能活蹦乱跳的，一定是天狗捣的鬼。不仅如此，明明拿到了五个魔晶石孔的极品武具，武具却不知道在什么时候变成了天狗玩偶，这也一定是天狗捣的鬼。,0,
068667.tex,004667.tex,4.1,豆豆柴,采矿雇员：山岳G22,,有些无良奸商将即便成年体型也依然小巧的柴犬起名为“豆豆柴”来贩卖，但事实上并不存在“豆豆柴”这种狗，如果有人饲养它们，体型一定就会变大。为了不让买家把狗养大后来找他们算帐，所以他们通常都是卖完就跑。,0,
068666.tex,004666.tex,4.1,甲人玩偶,甲人族友好度到达-信赖后<br/>在该友好部族商店用5枚珊瑚币兑换,,以付丧神附身的古代人偶“付丧”为原型制作的魔法玩偶。为了区分真正的付丧，碧甲族便将其涂成了跟自己一样的绿色。目前正计划把它当成特产，在黄金港大量出售。,0,
068665.tex,004665.tex,4.1,罗波那之形,Lv60 裁衣制作「裁缝秘籍第三卷」,,以武神罗波那为原型制作的魔法人偶。是自诩为历史学家的骨颌族为了将武神与英雄之间的战役流传千古，委托裁衣匠行会制作的。它完美重现了武神以武为荣、以勇为耀的雄猛身姿。看你们能否撑住这一击！,0,
068664.tex,004664.tex,4.1,迷你飞燕,天书奇谈-银奖,,以多玛君主飞燕为原型制作魔法人偶。在帝国的暴政之下，多玛的人偶师们原本是无法制作清房那种武装机关人偶的，但他们却偷偷地制作了这个，来表示自己内心的反抗。不胜感激！,0,
068663.tex,004663.tex,4.x,俾斯麦之形,Lv60 裁衣制作「裁缝秘籍第三卷」,,以云神俾斯麦为原形制作的魔法人偶。俾斯麦餐厅的老板听说了召唤云神的传言，为了见一见传说中的云神，于是便拜托裁衣匠行会制作了这个魔法人偶。总觉得做出来的成品看上去很好吃。,0,
068662.tex,004662.tex,4.x,吉祥天女之形,Lv60 裁衣制作「裁缝秘籍第四卷」,,以美神吉祥天女为原形制作的魔法人偶。某位奇迹生还的雕金匠为了重现那份究极的美而制作的，但却让看到的诗人提出了很多缺点。经历了各种曲折后，最终才公开重新调整后的设计图。,0,
068661.tex,004661.tex,4.x,须佐之男之形,Lv60 裁衣制作「裁缝秘籍第四卷」,,以豪神须佐之男为原形制作的魔法人偶。左手拿八咫镜，右手执天之丛云，体内还有八尺琼勾玉的缩小版模型。据说沉迷东方文化的人们在私下里对这个人偶格外关注。,0,
068660.tex,004660.tex,4.x,迷你库洛,天书奇谈-银奖,,模仿库洛·阿里亚珀的外形所制作的魔法人偶。某天，罗薇娜商会专聘的工匠将它塞进库洛手里后，一言不发地转身离开了。库洛则转头就将它扔进了大人物云集的奖励列表当中。,0,
068659.tex,004659.tex,4.01,迷你艾克斯迪司,欧米茄4层一定几率掉落，欧米茄零式4层必掉落,,从德尔塔幻境中回收的神秘魔法人偶。在某部古典小说中有一个与主人公为敌的反派角色艾克斯迪司，这个人偶似乎就是以他为原型制作出来的。因为他身穿蓝色甲胄，看上去很像骑士，但其真实身份却是一名暗黑魔法师。,0,
068658.tex,004658.tex,4.x,吉多,「漂流海域 妖歌海」稀有掉落,,在妖歌海遇到的老龟。传说它已经活了700多年，拥有强大的魔力，可以在空中飞行。不知为何，一看到蓝色甲胄就会异常激动，原因不得而知。,0,
068657.tex,004657.tex,4.x,魔导复仇者追踪型,「巨炮要塞 帝国白山堡」稀有掉落,,帝国军为了训练而制作的魔导复仇者缩小版模型。通常用于指导操纵同机种无人机的部队指挥官，传授这台机械的特性与有效的使用方法。另外，在帝国之中也被当作玩具贩卖。,0,
068656.tex,004656.tex,4.x,迷你食肉者,兵团徽章800点兑换,,某个著名的怪物猎人在将袭击自己的卢恩族山贼打倒的时候得到的战利品。好像是山贼头子发给手下们的东西。身上那件有些可怕的山贼风格衣服正是魅力所在。,0,
068655.tex,004655.tex,4.x,迷你奇美拉,Lv70 裁衣制作「裁缝秘籍第五卷」,,以妖异玩偶奇美拉为原形制作的奇形怪状的魔法人偶。“居然有人能设计出品味这么差的人偶”，说到这里突然想到人偶的作者是谁，于是不禁咽下了后半句话。这就是所谓的大人吧。,0,
068654.tex,004654.tex,4.x,伊沃恩玩偶,「修行古刹 星导寺」稀有掉落,,以双豹伊沃恩为原型制作的魔法人偶……照理说是这样，但它却会动。调查之后并没有在内部发现类似机关之类的构造，但它还是会动。看来只能当它是被什么附身了。,0,
068653.tex,004653.tex,4.05,迷你鲶鱼精,「运河宝物库」一定几率掉落,,以鲶鱼精为原型制作的魔法人偶。由远东之国的人偶师们制作，很久以前就在黄金港被人们当成土特产贩卖。据说在近东的萨维奈曾经红极一时。,0,
068652.tex,004652.tex,4.x,迷你格林瓦特,「鏖战红莲 阿拉米格」稀有掉落,,模仿格林瓦特的外形所制作的魔法人偶。据说是为了确认与魔导装置的融合手术顺序而制作的模型。到处都记有用帝国公共语写下的注意事项。是足以印证帝国军残忍无情的物证之一。,0,
068651.tex,004651.tex,4.x,迷你夜露,国服四周年轻松活动奖励,,模仿夜露的外形制作的魔法人偶。似乎是某个雕金匠按照东方传来的美人画制作的。面容妖艳的她据说曾经是多玛红极一时的艺伎。,0,
068650.tex,004650.tex,4.05,迷你豪雪,2018年「新生祭」奖励,,由拂晓的资金管理人、心灵手巧的裁缝塔塔露精心制作的魔法人偶。再现了阿拉米格美丽的民族服饰。虽然外表看上去像舞女，但绝不是舞女。,0,
068649.tex,004649.tex,4.x,新型迷你夕雾,「恶党孤城 黄金阁」稀有掉落,,模仿夕雾的外形所制作的魔法人偶。据说是烈士庵的某位人偶师在冒险者携带的人偶的启发下制作出来的。原本是为了纪念多玛解放而投入生产，后来却被人献给了黄金港奉行……,0,
068648.tex,004648.tex,4.05,迷你莉瑟,2018年「新生祭」奖励,,模仿豪雪的外形所制作的魔法人偶。再现了东洲奥萨德次大陆边境国多玛的武士大将威风凛凛的姿态。作为被人传颂的剑豪，人偶的腰间也挂着他的爱刀左文字的模型。,0,
068647.tex,004647.tex,4.x,旅雀儿,「试炼行路 巴儿达木霸道」稀有掉落,,在巴儿达木霸道遇到的家麻雀。原本是生活在延夏农村的，但却厌倦了整日只吃田里害虫的生活，所以想出去冒险。在旅途中遇到了胡鹰，为了变得像人家一样强，就模仿起了胡鹰的幼鸟。,0,
068646.tex,004646.tex,4.x,分福,战斗雇员：平地G20,,雇员得到的茶釜。真实身份好像是一只貉狸幼兽，因为跟别人比试变化的能力，结果变不回原形了。雇员觉得它可怜，想让它暂时先跟着身手高强的冒险者一起修行，所以就把它带回来了。,0,
068645.tex,004645.tex,4.x,刺球球,「海底宫殿 紫水宫」稀有掉落,,刺球爆弹怪的幼体。因为一感觉到危机就会膨胀，再加上油脂丰富极易燃烧等特点很像生活在西方的传说中的妖异“爆弹怪”，所以就被人们取了这样的名字。但其实并不是爆弹怪的一种。,0,
068644.tex,004644.tex,4.x,龙之孙,"渔师:红玉海(x36,y6)刺鱼/ 鱼影",,龙之子的幼体。面对突如其来的鱼叉，它虽然想要躲闪，但却条件反射地把尾巴缠了上去，最终还是被捉到了，真是可怜。不过在大海之外的世界中却出人意料地受欢迎，现在依然生气勃勃。,0,
068643.tex,004643.tex,4.x,虎斑次郎,兵团徽章800点兑换,,非常可爱的黄色虎斑小猫。在险些成为恶名精英盘中餐的时候被老练的怪物猎人救了下来。为它取名的猎人说，哪怕只把它自己救出来也好。太郎在哪呢？,0,
068642.tex,004642.tex,4.x,小妖狐,「杀生石碎片」3个兑换,,千年妖狐之子。只不过，这只才出生没多久，并不像其父母那样具有魔力，也不能变化成人。这就表示它只是一只普通的狐狸吧。,0,
068641.tex,004641.tex,4.x,獭獭,采矿雇员：山岳G20,,离开河流的水獭之子。虽然无法说话，但智力极高，还能使用工具。因此，据说在东方地域，有的达官贵人会训练这种动物，让它们成为自己的仆从。,0,
068640.tex,004640.tex,4.x,迷你赤魔法师,道具商城购买「4.0电子典藏包」,,以古代英雄为原型制作的魔法人偶。根据传说，这是一位既会白魔法又会黑魔法，既能攻也能守的万能战士。但是也有一种截然相反的评价，说其无论攻守都是半调子。,0,
068639.tex,004639.tex,4.x,迷你巴兹,道具商城购买「4.0电子典藏包」,,以古代英雄“巴兹”为原型制作的魔法人偶，甚至连他的搭档陆行鸟“波可”都完美再现了。一起随风而行，自由自在地踏上冒险之旅吧。真是太有趣了！,0,
068638.tex,004638.tex,4.x,巧儿海陆行鸟,"渔师:太阳海岸(x38,y28)用梭子鰆以小钓大",,能够横渡大海的陆行鸟之子。自己虽然打死也不肯承认，但其实真的不会游泳。某个热心人为了防止它溺水给它戴上了救生圈，但它却得意忘形地跑到了海上，最后只能在海里漂泊。为了得救，不顾一切地咬住了某个东西，事后才发现那原来是钓钩。,0,
068637.tex,004637.tex,3.5,发条月亮,西拉诺西亚：幻影群岛(X12，Y36)，魔法罐用高级圣灵药进行交换,,可以用“戳指”来调整其高度的发光灯。能够很好地掩饰小皱纹的发条太阳在贵妇之中大为流行。炼金术士行会立马又着手制作了色调偏冷一些的发条月亮，可以让贵妇们的皮肤看上去更加白皙透亮。,0,
068636.tex,004636.tex,3.5,迷你奥尔·迪,要求莫古力族声望到达：誓约<br/>贩卖价格：30000金币,,模仿幼龙奥尔·迪制作的魔法人偶。是莫古力族的工匠莫古京为了对奥尔·迪进行恶作剧而制作出来的。精美的制作体现出了工匠的手艺。,0,
068635.tex,004635.tex,3.55a,妖精小犬,完成成就[左膀右臂3],,魔兽妖精犬的幼兽。由于要不断与虚无界的魔兽们争夺地盘，所以尽管年幼，却全身充满杀气。极其自傲且喜爱孤独，但只要认定了主人，就会忠心耿耿。,0,
068634.tex,004634.tex,3.55a,地狱小犬,完成成就[如探囊取物3],,魔兽地狱犬的幼兽。不愧是在虚无界严酷的优胜劣汰中活下来的生物，虽然个头尚小，但目光却十分锐利。一般很厌恶与人亲热，但只要认定了搭档，就会忠实地跟随着对方。,0,
068633.tex,004633.tex,3.5,迷你尼德霍格,2018年星光圣诞树,,模仿七大天龙之一的邪龙尼德霍格制作的魔法人偶。尼德霍格带领龙族和伊修加德进行了长达千年的龙诗战争，就算被制作成了人偶也依然保持着威严。是迷你埃斯蒂尼安的好对手。,0,
068632.tex,004632.tex,3.5,迷你斯卡哈,「影之国」稀有掉落,,模仿影之女王斯卡哈制作的魔法人偶，作者不详。人偶的脚底用艾欧泽亚现代语而非古玛哈语写着“献给我的挚爱”。从人偶异常精致的造型中可以感受到一种近乎偏执的爱。,0,
068631.tex,004631.tex,3.5,人造元灵,完成270魂武任务「研究结束」后获得,,阿尔达希尔用旧的魂石给人造元灵制造了新的身体。为了让冒险者在不装备元灵武器的时候也能和人造元灵一起冒险。,0,
068630.tex,004630.tex,3.5,吉吉,完成事件屋支线「理想的每一天」后获得,,萨雷安的大魔法师阿饱创造的魔法人偶，原名比比。人偶里封印着时魔法。为了救冒险者和希尔迪布兰德而用尽力量，现在为了积蓄魔力而陷入休眠中……,0,
068629.tex,004629.tex,3.55a,迷你赫拉斯瓦尔格,平安信用卡活动；2021年1月31日截止<br /><a href='http://act.ff.sdo.com/project/180125card/index.html' target='_blank'>FF14平安银行由你信用卡</a>（点击跳转）,,模仿七大天龙之一的圣龙赫拉斯瓦尔格制作的魔法人偶。相传圣龙和圣女超越种族的爱创造了人龙融合的契机，因此这个制作出来的圣,0,
068628.tex,004628.tex,3.5,迷你埃斯蒂尼安,天书奇谈-银奖,,模仿苍天之龙骑士埃斯蒂尼安制作的魔法人偶。听说，制作者之间曾经为了该用蓝色还是红色，甚至是粉色涂装而争吵不休。最后他们决定用龙骑士挑战邪龙前的造型制作。,0,
068627.tex,004627.tex,3.5,复活小天使,2018年「情人节」奖励,,为人带来爱与治愈的天使玩偶。据有些接受过复活魔法的人说，他们在半昏迷之中看到过背后长着小翅膀的小孩子在身边飞来飞去，有心人士便以此制作出了这种玩偶。但有关于这些小孩子是否真的存在还是个疑问。,0,
068626.tex,004626.tex,3.5,斗牛小犬,「坚牢铁壁 巴埃萨长城」稀有掉落,,在帝国东方堡作为军犬而被饲养的斗牛小犬。因为性格太过温和友善，被认定为不适合成为军犬。听说斗牛犬本来是为了让人欣赏和魔物搏斗的姿态而被培育出来的犬种，原本极其凶猛彪悍。,0,
068625.tex,004625.tex,3.4,大陆小眼,2017年「守護天節」奖励,,冥鬼之眼的幼体。虽然是从虚无界召唤来的妖异，但是因为太弱，立刻就被猎人抓住了。后来被卖给了大陆马戏团，身世悲惨。,0,
068624.tex,004624.tex,3.4,迷你穆恩布瑞达,3.4主线「灵魂继承者」完成后获得,,模仿穆恩布瑞达制作的魔法人偶。于里昂热为了整理自己在失去后才察觉到的感情而自己偷偷制作的。人偶的表情如此温柔，一定模仿的是那个人看向他时的面容吧。,0,
068623.tex,004623.tex,未知,天使之翼,,,由一个因兴趣开始制作宠物的炼金术师的执念而诞生的魔法物品。“为了让本就像天使的拉拉菲尔族更像天使……”，这是他临终前的最后一句话。,0,
068622.tex,004622.tex,3.4,迷你露露,2017年8月19日中国区FanFest线上观摩券特典宠物,,模仿古代英雄露露制作的魔法人偶。为了精巧再现她身为优秀黑魔法师同时又善于使用人偶的特点，制作者给她配上了更小号的人偶。真不愧是职业工匠的手艺。要我帮你突破极限吗？,0,
068621.tex,004621.tex,3.4,迷你琉克,2017年8月19日中国区FanFest线上观摩券特典宠物,,模仿古代英雄琉克制作的魔法人偶。听说，她为了保护某位召唤士而以护卫的身份与其同行。人偶会突然做出投掷什么东西的动作，正是再现了她的样子。我热血沸腾起来了！,0,
068620.tex,004620.tex,3.5,迷你尤娜,2017年8月19日中国区FanFest线上观摩券特典宠物,,模仿古代英雄尤娜制作的魔法人偶。听说，身为数量极其稀少的召唤士一员的她，为了给世界带来和平而踏上了旅途。穿着带有东方风韵的衣服显得十分美丽。我已经决定不再迷惘了。,0,
068619.tex,004619.tex,3.4,迷你艾达,死者宫殿51-200层「铁/银/金饰宝藏」一定几率出,,以漆黑的艾达为原型制造的魔法人偶。传说是某位咒术师为祭奠过去的伙伴而制作的。每过一段时间拿出来看总觉得她的头发比以前更长了，嗯，这一定是错觉。,0,
068618.tex,004618.tex,3.4,新型迷你阿莉塞,天书奇谈-银奖,,模仿阿莉塞制作的魔法人偶。是塔塔露为了迎接将来某一天阿莉塞的归来而偷偷制作的。似乎是在考虑给阿莉塞制作什么样的衣服时，拿手边的人偶练习而制作出来的。制作成本低是最大的优点。,0,
068617.tex,004617.tex,3.4,新型迷你桑克瑞德,天书奇谈-银奖,,模仿桑克瑞德制作的魔法人偶。经过了在龙堡参天高地的那段野外生活，变得更加充满野性魅力。与自由脑窟穴的骨颌族交易得来的装备穿起来也十分合适。好搭档是食果花鼠！,0,
068616.tex,004616.tex,3.4,疣猪小子,「险峻峡谷 塞尔法特尔溪谷」稀有掉落,,狂野疣猪的幼崽。原本居住在塞尔法特尔溪谷地区，为了修行，它下定决心跟在冒险者身后开始旅行。将来似乎想成为出色的“猪武者”，一直在练习“横冲直撞”。突进力已然不输大猪。,0,
068615.tex,004615.tex,3.4,迷你亚历山大,天动篇4层一定几率掉落，天动篇零式4层必掉落,,青蓝之手为了学习机神城的构造研发的教学用缩小型实验机。因为所有看到机器的人都会惊讶地喊出“原来脚在那里啊！”，所以可以说它非常有教学价值。然而动起来的样子还是让人觉得有点恐怖。,0,
068614.tex,004614.tex,3.4,迷你命名威,国际服实体特典,,模仿传说中的浪人制作的魔法人偶。听说是住在月亮上的古怪民族的幸存者，似乎在旅行中一遇到人就给对方起外号。手里的册子记录着起过外号的人的名字。,0,
068613.tex,004613.tex,3.55b,天马幼兽,空贼黄铜通货x50<br/>伊修加德砥柱层（X:14.7 Y:10.9）兑换<br/>或[云冠群岛]中完成FATE[给我一双翅膀]随机掉落,,天马的幼兽。与父母不小心走散，在到处都是可怕古代猛兽的云冠群岛四下奔逃。遭遇古代猛兽袭击的时候被冒险者救下，之后便一直跟着冒险者。,0,
068611.tex,004611.tex,3.38,道士莫古力娃娃,2017年春节活动,,身着东方风格服饰的魔法人偶。是桃源老师的侍从艳丽为了赠送给冒险者而私下亲手缝制的。在艾欧泽亚备受欢迎的莫古力形象基础上，添加了东方风格的道士着装。,0,
068610.tex,004610.tex,3.35,百目,通关「死者の宫殿」3次<br/>用3个低保找NPC换取,,从百目妖身上脱落下来的眼球。因为以前每个角度都能看到，所以现在只能看到一个方向的状态让它很不安。于是决定在长出足够的眼球之前和强者一起行动。,0,
068609.tex,004609.tex,3.3,小矮兔,「水城 宝物库」稀有掉落（第七层）,,可爱的小型兔子。曾在小村庄里过着幸福的生活，然而有一天，它在田里偷作物的父亲被农妇做成了馅饼。为了治愈心中的伤痛踏上流浪之旅后与冒险者相遇。,0,
068608.tex,004608.tex,3.35,大脚小猿,通关「死者の宫殿」3次<br/>用3个低保找NPC换取,,制革匠行会为宣传自然保护启蒙活动，以大脚巨猿为原型制作的魔法人偶。想以此告诉大家，因一时流行的需要滥捕野生动物，会使它们濒临灭绝。,0,
068607.tex,004607.tex,3.3,卡洛菲斯提莉玩偶,「禁忌城邦 玛哈」稀有掉落,,以卡洛菲斯提莉为原型制作的魔法人偶，作者不详。在暗中注视着冒险者与卡洛菲斯提莉战斗的某人，注入强烈的情感即兴制作而成。随后，他与妖异一起消失了踪影。,0,
068606.tex,004606.tex,3.3,迷你艾默里克,完成主线「绝命怒嚎」后获得,,以艾默里克为原型制作的魔法人偶。某个神殿骑士团副骑士长想要制作敬爱的上司的人偶，然而因为她的手太笨导致制作失败。看到她沮丧的样子太过可怜，教皇厅的技师偷偷地把人偶重新制作了一下。,0,
068605.tex,004605.tex,3.35,迷你可露儿,2017年「新生祭」奖励,,冒险者行会为庆祝艾欧泽亚的新生庆典而准备的魔法人偶，模仿的是萨雷安出身的魔法师可露儿小姐。据说兜帽上那个如同猫魅族一样的大耳朵其实彰显着她拥有的某种“能力”。,0,
068604.tex,004604.tex,3.3,拉拉队小姑娘,15000狼印战绩兑换,,拉拉队姑娘的魔法人偶。为给狼狱水上竞技场战斗的饿狼们加油而制作出来的。但据说发现有人消极应赛时，它的眼神会变得很危险，还可能爆粗口喝倒彩什么的。,0,
068603.tex,004603.tex,3.55b,腕龙玩偶,在[云冠群岛]击杀[腕龙]随机掉落,,某位空贼模仿腕龙制作的魔法人偶，原型是在云冠群岛目击到的超大型古代生物。不过话说回来，为什么浮岛上会有那么巨大的生物呢？真是谜团重重啊。,0,
068602.tex,004602.tex,3.3,触手,「黑涡传说 破舰岛」稀有掉落,,被冒险者砍下来的克拉肯的触手的尖端。在海上漂流许久，最后再次回到破舰岛。和一心想要复仇的本体不同，触手的尖端并不想战斗，反而喜欢歌颂自由的人生。,0,
068601.tex,004601.tex,3.3,魔法水桶,捕鱼获得（灾祸池南）,,利用魔法人偶技术制作出来的会动的水桶。听说是某个捕鱼人因为嫌把钓来的鱼拎回去太麻烦而制作的。不管倒空几次，不知不觉间桶里就又会出现水和生物。那些东西到底是从哪里来的呢？,0,
068600.tex,004600.tex,3.3,波奇,"30,000金碟币兑换",,用双脚走路的谜之猪。因为在金碟游乐场的自助餐厅吃霸王餐而被抓住当作了纪念品。但是没有人知道这个猪是谁、从何而来。,0,
068599.tex,004599.tex,3.3,希瓦之形,Lv60 裁衣秘籍第三卷制作,,以冰神希瓦为原型制作的魔法人偶。异端者们在得知各个城市都在制作以蛮神为原型的魔法人偶后，决心制作冰神希瓦人偶并公开制作方法。也许是因为他们的信仰太过虔诚，人偶的表情非常得可爱。,0,
068598.tex,004598.tex,3.3,拉姆之形,Lv60 裁衣秘籍第三卷制作,,以雷神拉姆为原型制作的魔法人偶。发现迦楼罗的魔法人偶很受欢迎，于是开始设计制作拉姆人偶。因为参考了暂留地的妖精族的描述，总觉得长得有点像妖精族。,0,
068597.tex,004597.tex,3.3,幼龙玩偶,要求莫古力族声望到达：信赖<br/>贩卖价格：25000金币,,模仿幼龙形象制作的魔法人偶。是莫古力族的工匠在学习人类手艺的过程中做成的。以年龄约为30岁左右的幼龙卡尔?米克为原型，为了再现真实的质感，使用了它脱皮时掉下来的真的鳞片。,0,
068596.tex,004596.tex,3.35,新型迷你雅·修特拉,2017年「新生祭」奖励,,冒险者行会为庆祝艾欧泽亚的新生庆典而准备的魔法人偶。当提出要以拂晓血盟的贤人雅·修特拉为原型制作魔法人偶时，某位莱韦耶勒尔家的少爷凭借记忆描绘出了精致的肖像画，得以用来参考。,0,
068595.tex,004595.tex,3.35,人面犬,妖怪手表联动,,当下时兴的狗狗品种，长着大叔脸。从背后看十分惹人喜爱，但看到正脸后会被吓蒙。梦想是变得人见人爱。,0,
068594.tex,004594.tex,3.35,吹雪姬,妖怪手表联动,,能够自由操纵寒气的可爱妖怪。据说可以让盛夏降雪，甚至是把火山变成雪山。,0,
068593.tex,004593.tex,3.35,机器喵F型,妖怪手表联动,,作为升级版开发出来的最新型机器喵。去掉了所有没用的功能，实现了美妙的形态。,0,
068592.tex,004592.tex,3.35,威斯帕,妖怪手表联动,,自称是妖怪管家的妖怪。虽然可以流利地说出大部分妖怪的情报，但其实是一边看着妖怪平板一边装作很懂行的样子说的。,0,
068591.tex,004591.tex,3.35,九尾,妖怪手表联动,,拥有九条尾巴的高级别的狐狸妖怪。可以十分轻松地放出如同火山爆发般强大的火炎。,0,
068590.tex,004590.tex,3.35,大蛇,妖怪手表联动,,用自身的灵气生成龙形的围巾，并以此来战斗。在妖怪世界中属于精英级别的妖怪，拥有顶级的实力。,0,
068589.tex,004589.tex,3.35,USA蹦,妖怪手表联动,,外国妖怪，来自大洋彼岸的国家，梦想是到太空旅行。如果愤怒到极点的话，会变身黑化模式。,0,
068588.tex,004588.tex,3.35,小土龙,妖怪手表联动,,可以带来好运的蛇妖怪，非常吉利。因为不擅长隐藏自己，所以总是被人发现，并因此而苦恼。,0,
068587.tex,004587.tex,3.35,小石次郎,妖怪手表联动,,小石狮的双胞胎弟弟。和不习惯都市生活的哥哥不同，很快就适应了所处的环境。对自己的哥哥小石狮十分尊敬。,0,
068586.tex,004586.tex,3.35,小石狮,妖怪手表联动,,厌倦了守护神社的工作而离家出走的石狮子妖怪。总是惊叹于大城市的厉害之处而发出感慨。,0,
068585.tex,004585.tex,3.35,浮游喵,妖怪手表联动,,浮游灵的猫妖怪。虽然漂浮在半空中，但性格却是脚踏实地，非常值得信赖。额头上的伤痕是荣耀的勋章。,0,
068584.tex,004584.tex,3.35,吉胖喵,妖怪手表联动,,一只不幸被汽车撞死的猫变成的地缚灵。虽然一直在向汽车复仇但总是以失败告终。,0,
068583.tex,004583.tex,3.35,武士喵,妖怪手表联动,,吉胖喵的祖先。会使用传说中的宝刀高呼类似“妖怪解说、一分为二！”这种话将东西斩断。,0,
068582.tex,004582.tex,3.2,芬里尔幼崽,3.2版本PVP群狼盛宴获胜后一定几率掉落,,古代野兽霜狼的幼崽。拥有月光一般冷彻的青色皮毛，因此也被人们以传说中的幻兽月狼芬里尔的名字来称呼它们。从小在狼群互相争斗的“狼狱”长大，虽然年幼但是桀骜且勇猛。,0,
068581.tex,004581.tex,3.2,迷你吉尔伯特,官方活动奖励,,以古代英雄“吉尔伯特”为原型的魔法人偶。作为拥有特殊才能的吟游诗人末裔，他的歌声具有能降妖除魔的神奇力量。同时，传说他作为亡国的王子，为了爱从未停止与黑暗势力的战斗。,0,
068580.tex,004580.tex,3.2,波罗·罗格,完成3.2主线「星海的呼唤」获得,,老贤者玛托雅对蟾蜍施法而创造出的使魔，已经忠实地为玛托雅工作了50年以上。如今，玛托雅同意了它“世界这么大，我想去看看”的请求，让它和光之战士一起踏上了旅程。,0,
068579.tex,004579.tex,3.2,蓝闪蝶,「神圣遗迹 无限城市街古迹」稀有掉落,,绽放着梦幻般光芒的蓝色蝴蝶。它的羽毛由于拥有妨碍魔力恢复的功能，在魔大战时代被认为是制作对魔法师用毒药的珍稀炼金素材，因此遭到滥捕，导致如今濒临灭绝。,0,
068578.tex,004578.tex,3.2,布莉娜,「星海空间 颠倒塔」稀有掉落,,可爱又恐怖的魔法人偶。和卡尔克一起守卫颠倒塔，却被冒险者击败，四散而逃。意外的是冒险者却在附近的宝箱之中发现了她，就作为土特产收下了。,0,
068577.tex,004577.tex,3.2,卡尔克,「星海空间 颠倒塔」稀有掉落,,可爱又恐怖的魔法人偶。萨雷安的伟大魔法师为了守护颠倒塔，将魔力灌注在人偶中从而诞生。另外，起初人偶是没有头发的，后来觉得太惊悚，经过改良植入了头发。,0,
068576.tex,004576.tex,3.2,迷你浮士德,「亚历山大律动篇零式四层」稀有掉落,,将浮士德进行微缩并重新设计之后的小型机工兵。似乎是哥布林族科学家集团青蓝之手为了评价新武器的综合火力而专门设计出来当靶子的。它拼尽全力与挑战者对抗的身影令人肃然起敬。,0,
068575.tex,004575.tex,3.2,迷你尼禄,"30,000金碟币 兑换",,以超级天才机械师尼禄为原型制作的魔法人偶，随人偶附赠最强武器——雷神枪锤。你那个公司制作的破人偶根本就没法比啊，加隆德……,0,
068574.tex,004574.tex,3.2,利维亚桑之形,Lv60 裁衣秘籍第三卷制作,,以水神利维亚桑为原型制作的魔法人偶。继泰坦之形后，再次起用原海雄旅团特拉哈涂姆先生作为特别顾问，在他的“差不多就这样”的指示之下完美重现了水神特征鲜明的身体线条。,0,
068573.tex,004573.tex,3.2,泰坦之形,Lv60 裁衣秘籍第三卷制作,,以土神泰坦为原型制作的魔法人偶。裁衣匠行会的蛮神系列第二作。设计时特意请来了拥有土神讨伐经验的原海雄旅团精英——特拉哈涂姆先生作为特别顾问，真实还原了他口中的土神泰坦形象。,0,
068572.tex,004572.tex,3.2,迦楼罗之形,Lv60 裁衣秘籍第三卷制作,,以风神迦楼罗为原型制作的魔法人偶。刚发售时曾因为是将敌对种族所崇敬的蛮神作为人偶过于荒唐，而引起格里达尼亚的抗议。后来渡鸦周刊发表文章说该人偶具有消灾避厄功能，一时间大受欢迎。,0,
068571.tex,004571.tex,3.2,自由脑玩偶,要求骨颌族声望到达：信赖<br/>贩卖价格：25000金币,,模仿骨颌族离群一族外形的魔法人偶。某个骨颌族在任务中看到人类带着的人偶，出于感慨而制作了离群一族的人偶。后来这个骨颌族被人们称为“人偶师”。,0,
068570.tex,004570.tex,3.2,骨颌玩偶,要求骨颌族声望到达：誓约<br/>贩卖价格：25000金币,,模仿骨颌族同心一族外形的魔法人偶。“人偶师”先生倾力打造的新作品。据说为了表现同心一族整齐划一毫无个性的形象，把脸部刻画得毫无特色，根本不知道哪里有什么不同。,0,
068569.tex,004569.tex,3.1,尊杜玩偶,要求瓦努族声望到达：誓约<br/>贩卖价格：25000金币,,模仿瓦努族外形的魔法人偶。美艳的衮杜族的咒法师制作出它，以纪念与豁达的尊杜族的友好关系。为了能够再现出如阳光般耀眼的美丽羽毛的颜色，衮杜族使用了一种不能说的材料……,0,
068568.tex,004568.tex,3.1,迷你奥尔什方,完成主线「光与暗的分界」后获得,,以福尔唐家的骑士奥尔什方为原型制作的魔法人偶。艾因哈特家的长男斯特凡尼维安亲手制作，意在将其为了人民与朋友战斗到最后一刻的伟大骑士精神传承给后人。人偶的一举一动，让人回想起往日的种种，历历在目……,0,
068567.tex,004567.tex,3.1,伊弗利特之形,Lv60 裁衣秘籍第三卷制作,,以火神伊弗利特为原型制作的魔法人偶。裁衣匠行会制作它以纪念冒险者弑神的壮举。该人偶向人们传达了“人必胜神”的概念，在喜爱流行文化的乌尔达哈一炮走红。,0,
068566.tex,004566.tex,3.1,叶小妖妖,「草木庭院 圣茉夏娜植物园」稀有掉落,,叶小妖的幼崽。是原圣茉夏娜植物园以研究为目的而栽培的植物的子孙。原产地本是东方的岛国，但却生于萨雷安。现在正在到处寻找一个新家。,0,
068565.tex,004565.tex,3.1,发条双塔尼亚,完成成就：萌宠挑战者1,,模仿双塔尼亚制作的亚拉戈制魔法人偶。相传是为了纪念压制南方美拉西迪亚大陆，亚拉戈帝国魔科学部制作给孩子们的纪念品。那环状拘束具做得别提有多还原了，怎么全是亚拉戈的！,0,
068564.tex,004564.tex,3.1,企鹅王子,完成成就：盘上的军事家1,,帝企鹅的幼鸟，为了建立自己的帝国而踏上了旅途，没想到最后来到了金碟游乐场。为了在严酷的建国战争中取得胜利，正在寻找优秀的军事家。,0,
068563.tex,004563.tex,3.1,浅瞳,完成成就：萌宠之王2.0,,深瞳的幼崽，是“妖异十二阶”中排第十二阶级的最下级妖异。拥有多少力量完全取决于所依附的眼球的主人有多强大。因此依附时一定要看好了，那眼球到底是龙的还是猴面雀的。,0,
068562.tex,004562.tex,3.1,猎鹰,「云冠群岛」稀有掉落,,狩猎用的猎鹰，在云冠群岛与本领高强的冒险者相识，将冒险者认定为自己狩猎的搭档。在古代怪兽横行的危险空域独自生存下来，训练了一身好本领，被它盯上的猎物绝对逃脱不掉。,0,
068561.tex,004561.tex,3.1,迷你瑞姆,官方活动奖励,,以传说中的英雄“瑞姆”为原型的魔法人偶。瑞姆是个伟大的魔法师，相传她只要在纸上画上两笔，就能生出听从她的指挥的魔物。因此这个魔法人偶也经常拿出画笔涂涂画画，不过从没人看得出来它画的都是些什么……,0,
068560.tex,004560.tex,3.1,小小艾奇德娜,「魔航船 虚无方舟」稀有掉落,,模仿艾奇德娜的外形制作的魔法人偶，作者不详。棺椁里不知为何用现代语言刻着“我一心想要回去，便跳入了裂缝，谁知进入了一艘奇怪的船里。在那里我遇到了一位睡美人”的字样。,0,
068559.tex,004559.tex,3.1,青蓝小手,Lv60 裁衣秘籍第三卷制作,,模仿哥布林战士外形的魔法人偶，是由科学家组织青蓝之手制作的，意在宣传哥布林族有多么的优秀。布雷福洛克斯在偷哥布林奶酪的配方时也将它的设计图顺了出来，导致制造方法外传。,0,
068558.tex,004558.tex,3.1,猴面雀儿,陈旧的巨龙革地图（G8）,,瓦努族为了参加“斗猴面雀比赛”而饲养的猴面雀的幼崽，后来转手给了某个蔷薇骑兵，可没想到该骑兵又打赌打输，再次把它转手……几经周转，最后这只可怜的小家伙在宝箱里被发现了。,0,
068557.tex,004557.tex,3.1,衮杜玩偶,要求瓦努族声望到达：信赖<br/>贩卖价格：25000金币,,模仿瓦努族外形的魔法人偶。美艳的衮杜族的咒法师操纵图腾进行一种诡异的仪式创造出了它。为了再现瓦努族那曼妙的身材，他们可是下了一番苦心。,0,
068556.tex,004556.tex,3.25,喜鹊儿,2016年新春活动特辑,,能够带来捷报与喜讯的小鸟。传说它会作为月亮神梅茵菲娜的使者在星空下起舞，为人们带来爱。这种鸟原本不栖息在艾欧泽亚，而是来自遥远的东方。那里的人们相信这种小鸟能够带来喜兆，并因此在它的名字中加入了“喜”字。无论什么时候，只要听到这种可爱小鸟的叫声，<br>就一定会有好事发生。,0,
068549.tex,004549.tex,3.07,迷你弗利奥尼尔,购买月卡累积满足27个月,,以传说中的英雄“弗利奥尼尔”为原型的魔法人偶。这个魔法人偶制作非常精良，据说是某位船员为了赠送给现代的英雄而带来的。总感觉背后有什么阴谋，不过还是收下吧，这不挺好吗！免费的！,0,
068548.tex,004548.tex,3.07,南瓜管家,2016年「守护天节」奖励,,原本是番茄国王的贴身管家，因实在受不了乱七八糟砸在身上的杂活而跑了出来。在独自旅行的途中被大陆马戏团抓获，成为了苦力。之后被冒险者行会的调查员救了出来……,0,
068547.tex,004547.tex,3.x,淘金热,Lv57FATE：暴食人形岩「大地饕餮」<br/>阿巴拉提亚云海(X21，Y12)<br/>金牌奖励,,发条小矿车。据说是雇员为携带工作时获得的物品而准备的。但有一天，雇员找到了一块巨大的金矿石，放到车里之后就再也拿不出来了。真是个贪心的矿车。,0,
068546.tex,004546.tex,未知,未知,未知,,未知,3,
068545.tex,004545.tex,3.x,金绿宝石兽,道具商城购买,,模仿宝石兽制作的魔法人偶。塔塔露最终还是没能召唤出黄宝石兽，为制造一个忠于自己的部下，她向雕金匠行会下了订单制作。不过由于外形是布制的，所以比真的黄宝石兽还要弱。,0,
068544.tex,004544.tex,3.x,橄榄宝石兽,道具商城购买,,模仿宝石兽制作的魔法人偶。尝过被自己召唤出的宝石兽所背叛的苦头，塔塔露决心制造一个忠于自己的部下，因此向雕金匠行会下了订单制作。值得一提的是，该宝石兽的外观是塔塔露自己缝制的。,0,
068543.tex,004543.tex,3.07,迷你夕雾,光与暗的历练,,模仿夕雾的外形所制作的魔法人偶。在丧灵钟开拓团工作的某多玛出身的人偶师，受艾欧泽亚魔法人偶所启发而制作的。这位老练人偶师的口头禅是“人偶的容貌是灵魂所在”，而他制作的这个人偶也是完全再现出了夕雾小姐的美貌。,0,
068542.tex,004542.tex,3.x,追踪系统,完成Lv60任务：「博物战舰 无限回廊」后获得,,古代亚拉戈文明的浮空系统，将停止运转的导航系统移植到新的系统装置上得来。为了完成魏吉的心愿，带着它去各地旅行。不过它并不能为冒险者带路。,0,
068541.tex,004541.tex,3.x,皇家贝希摩斯宝宝,兵团徽章400点兑换,,据说是传说中的魔兽凯撒贝希摩斯的幼崽。被百家兵团的怪物猎人抓走后，不仅享受着皇家待遇，还穿上了棉衣。其实并没有人知道它的真实身份。,0,
068540.tex,004540.tex,3.01,7号蒸汽小战车,Lv60 铸甲制作,,科学家组织青蓝之手为开发新武器7号哥布林战车而制作的迷你样机。乘风驰骋，野心无限！,0,
068539.tex,004539.tex,3.x,格斯塔拉,捕鱼雇员：水岸G18,,威风凛凛，皇家风范，原本只是一只小野狗，但由于其飒爽的身姿有如皇帝一般，不知从什么时候起，它也有了血统证书。再将斗篷往它身上一披……天啊，简直太有皇帝范儿了。,0,
068538.tex,004538.tex,3.05,迷你冰之巫女,光与暗的历练,,模仿伊塞勒的外形所制作的魔法人偶。异端者为了拉拢新人也是拼了老命，竟然把他们的领导冰之巫女给做成了人偶。然而千辛万苦做好后，不幸被伊塞勒本人发现，只得停止对外发放。,0,
068537.tex,004537.tex,3.x,狮鹫宝宝,兵团徽章400点兑换,,狮鹫的幼崽，相传百家兵团的怪物猎人在讨伐巨大狮鹫时发现了这头幼兽。由于它的眼神真挚又可爱，不禁动了恻隐之心将其带回了家。现在正在为它寻找饲主。,0,
068536.tex,004536.tex,3.x,铁小人,Lv60 铸甲制作,,迷你铁巨人，听说是飞空艇在自动航行时，操纵人偶太闲了，就一点点造出了这个作品。 但由于它做得太专注，以至于开过了头都没发现。最后只得把铁小人作为发现的成果上缴国家。,0,
068535.tex,004535.tex,3.x,63页,Lv59「学识宝库 迦巴勒幻想图书馆」稀有掉落,,迦巴勒幻想图书馆里收藏的书籍。第63页中不知被魔法封印着什么东西。不过，之所以被指定为禁书，并不光是因为它里面封印着异物，更是因为其内容十分的……忽悠人。,0,
068534.tex,004534.tex,3.x,小熊猫,Lv55「邪龙王座 龙巢神殿」稀有掉落,,小熊猫的幼崽，这种动物本应栖息在北洲的南部和东洲边境地区的山岳地带，可不知为什么它们出现在了龙巢里。也许是飞往东方的龙族带回来的。总而言之，双腿站立是它的拿手好戏。,0,
068533.tex,004533.tex,3.x,发条推车,Lv60 刻木制作,,小小的发条手推车。本是园艺工行会为奖励基萨尔野菜大赛的获胜者，而向古橡大堂订制的奖品，但由于其乱丢野菜遭到非议，现在已被回收在仓库里压箱底。,0,
068532.tex,004532.tex,3.x,风筝小猫,Lv53「天山绝顶 阿尔灵峰」稀有掉落,,风筝猫的幼崽，在索姆阿尔灵峰的山里迷了路，被冒险者收养。虽然身后的翅膀怎么看都像是背上去的，但只要想去拿下来它就会十分不开心。也有人说它其实是下级妖异……,0,
068531.tex,004531.tex,3.x,丑小鸭,Lv60「空中神域 不获岛」稀有掉落,,自称白天鹅的幼鸟。出生于瓦努族的神域不获岛，因忍受不了坏心眼的兄弟姐妹的欺负而决心踏上旅途。不过由于它飞不起来，只能让冒险者保护它。不论做什么事都小心翼翼，十分慎重。,0,
068530.tex,004530.tex,3.x,猫头小鹰,Lv60「博物战舰 无限回廊」稀有掉落,,枭的幼鸟，作为镜骑士型合成生物的材料被展示在博物战舰里。由于受到了品种改良，它十分聪明，喜欢读书。最近它的爱读物是八卦杂志?渡鸦周刊?。,0,
068529.tex,004529.tex,3.x,小小阿托莫斯,Lv60 炼金制作,,小小的阿托莫斯，在宝箱里找到它时它还是个抽搐的肉片。随便喂了它点有营养的素材没想到它竟然长大了。只要是冒险???扔的东西它都会吸走，吸引力不可小觑！,0,
068528.tex,004528.tex,3.x,独角幼兽,Lv57「圣教中枢 伊修加德教皇厅」稀有掉落,,独角兽的幼崽，被饲养在伊修加德教皇厅的庭院里。额头上的角内蕴含力量，可以用来净化仪式用的圣水。冒险者攻入教皇厅时，它决定趁乱脱逃，去见识一下更广阔的世界。,0,
068527.tex,004527.tex,3.x,迷你西德,完成Lv57任务：「来自北方之人」后获得,,模仿天才机械师西德所制作的魔法人偶。由加隆德炼铁厂的代理厂长亲自设计并贩卖的商品。由于非常畅销，导致厂里人都觉得“这东西比厂长还能挣钱吧”。,0,
068526.tex,004526.tex,3.01,迷你塔塔露,道具商城购买,,模仿拂晓血盟永远的接待员所制作的魔法人偶。塔塔露本身还兼任血盟的财务管理员，虽然人偶是她亲自找上雕金匠行会委托制作的，不过这绝对不是私用公款！做这些人偶都是为了向提供情报的商人们表示感谢！,0,
068525.tex,004525.tex,3.x,迷你凯因,道具商城购买「3.0开服纪念道具」,,模仿古代传说中的龙骑士所制作的魔法人偶。每一个伊修加德的孩子都听过凯因的传奇。为了能够重现传说中的跳跃，制作者特地在人偶体内加入了偏属性水晶。跳跃虽然被完美还原，但是也导致了人偶经常会做出一些诡异的举动。,0,
068524.tex,004524.tex,3.x,黑巧儿信差,官方活动奖励,,纯天然黑色羽毛品种的陆行鸟有着在空中飞行的能力。这只小鸟为了证明自己不是涂色的赝品，每天都在努力练习飞行。,0,
068523.tex,004523.tex,3.x,萌神乐团,道具商城购买,,有个莫古力做梦都想要结成一支吟游诗人乐队，因此制作了该乐团用于伴奏。连微型乐器都给做好了，没想到它们并不会演奏。另外，由于乐队内部对音乐见解不一致，导致这支乐队还没出道就解散了。,0,
068521.tex,004521.tex,1.5,恩奇都,Lv50「无限城的死斗」稀有掉落,,当初剑豪吉尔伽美什在旅行途中由于饥饿而从农家偷了一只鸡出来。但是他却完全不懂要如何进行烹调。正在他准备生吃的时候遭到了这只鸡猛烈的反击。鸡的强硬态度令剑豪肃然起敬，并且决定带着这只威猛的鸡一同旅行。,0,
068520.tex,004520.tex,3.01,迷你阿莉塞,道具商城购买,,模仿莱韦耶勒尔家大小姐的外型所制作的魔法人偶。因为仓库中堆积的阿尔菲诺人偶太多，所以有些独立商人便进行了少量的加工，改成少女人偶重新发售。据制作者说，改造的成本简直低得不要钱一样。,0,
068519.tex,004519.tex,3.x,迷你阿尔菲诺,完成Lv51任务：「搜寻伊塞勒」后获得,,模仿莱韦耶勒尔家大少爷的外型所制作的魔法人偶。原本是水晶义勇队的会计官为了筹备资金而偷偷制作出来的，可是却被总帅本人发现，并强行禁止了贩卖。结果现在在仓库里堆成了一座山。,0,
068518.tex,004518.tex,1.5,尘世幻龙,完成Lv50任务：「前往密约之塔」后获得,,世界最初之龙，所有龙族的始祖，尘世幻龙为了观察光之战士的行动而创造了这个分身，小龙能够将自己所见的一切原封不动地传达给身处银泪湖的本体。样子虽然小，却有着非常苍老浑厚的声音。,0,
068517.tex,004517.tex,1.5,暗淡之云,Lv50「水晶塔：暗之世界」稀有掉落,,在暗之世界捡到的魔法人偶，看上去感觉和“梦魔娃娃”有一些相似。说起来当年有一位雕金匠因为召唤妖异未遂而被逮捕，出狱之后却消失得无影无踪。人们只知道他家里的留言写着“我要启程前往异界去探求美的真谛”……,0,
068516.tex,004516.tex,1.5,自律型魔导浮游炮,Lv50 锻铁制作,,还原度极高的玩具模型，精巧地将加雷马帝国的无人浮游炮还原了出来。怎么样？是不是比你的技术强多了？……加隆德！,0,
068515.tex,004515.tex,1.5,非正宗调查员,完成任务：「随风而逝的结局」后获得,,模仿无知无畏的非著名绅士调查员希尔迪布兰德制作的魔法人偶。据说是艾欧泽亚最强的雕金匠由于思念远在天边的爱子而倾情制作出来的。最令人感到吃惊的是这款人偶竟然也带着助手娜修。,0,
068514.tex,004514.tex,1.51,长须小黑豹,"20,000金碟币 兑换",,长须豹的幼崽。通常的长须豹都是普通的毛皮带有黑色的斑点，这只小豹却有着纯黑的毛皮，实在是非常漂亮。另外它本身还带有很高的魔力，一举一动都显现出幼年王者的风范。,0,
068513.tex,004513.tex,1.45,祝福礼盒,永结同心黄金方案或白金方案来宾奖励,,原本是打算送给来宾们包装好的恶魔砖块，可是因为内部构造没有解明而失败了。现在这种虽然里面好像有些奇怪的东西，不过不要介意！情义在就好！,0,
068512.tex,004512.tex,1.4,迷你路易索瓦,完成成就：「称霸最终大迷宫1」后获得<br/>成就条件：成功挑战巴哈姆特大迷宫真源之章,,模仿贤者路易索瓦的外型所制作的魔法人偶。为了纪念这位牺牲自己阻止卫月坠落的伟人，雕金匠行会特地制作了这款精巧的人偶。,0,
068511.tex,004511.tex,1.51,河童童,"10,000金碟币 兑换",,货真价实百分百保证是真的河童。虽然你可能会以为是一个魔法人偶，但是只要你仔细看了就会发现，这极有可能是被古代魔法变成河童的人类。可他（或者说是她？）到底是什么人呢？至今仍然是一个谜。,0,
068510.tex,004510.tex,1.4,暗斗鱼苗,忍斗鱼分解 获得,,在分解忍斗鱼的时候突然发现这条小鱼躺在其中一条的肚子里。可能是在大鱼的胃里这段经历使得小鱼苗宁可学会飞行也不愿意再回到水中了。但是每次走到水边时好像还是会有些怀念的反应。,0,
068509.tex,004509.tex,1.4,小木乃伊,Lv50「苏醒遗迹喀恩埋没圣堂」稀有掉落,,在喀恩埋没圣堂中的一个小小的棺材里发现的小人偶。身上缠满绷带毫不影响它像有生命一样活动。虽然没人知道它到底为什么能活动，但是也没人有足够的勇气去把绷带拆开……,0,
068508.tex,004508.tex,1.4,小脚雪人,园艺雇员：森林G14/G15/G16/G17,,幼小的雪人，是被一名上山寻宝的雇员发现的。当时这只小可怜既没有父母的呵护也没有果腹的食物，于是那名雇员将自带的食物分给了它一些。小雪人好像非常高兴，并一直跟着雇员回到了城里。,0,
068507.tex,004507.tex,1.4,猫小胖,捕鱼雇员：水岸G14/G15/G16/G17,,又小又胖的小猫崽。原本好像是城市里的小野猫，不过因为某个雇员每次工作结束后都会喂给它一些剩余的食物，久而久之便成了现在这样了。,0,
068506.tex,004506.tex,1.4,胖儿陆行鸟,"20,000金碟币 兑换",,按理来说陆行鸟是几乎不可能仅靠吃野菜变成这么胖嘟嘟的样子的。这只小鸟也确实食欲旺盛，说不定将来什么时候就会把武器装备也给吃下去了。,0,
068505.tex,004505.tex,1.45,雪孩子,道具商城购买,,模仿雪人的外型做出的魔法人偶。在星芒节期间，一位留着白胡子的匿名绅士专门为小朋友们做出了这款礼物。非常喜欢冰冷的东西，更喜欢别人对它投雪球。,0,
068504.tex,004504.tex,1.4,迷你奥尔特罗斯,Lv50「艾玛吉娜杯斗技大会决赛 」稀有掉落,,最强雕金匠戈德伯特原本想要以软体动物的概念设计一款指环，可是不知道什么时候一不小心做出了这个东西。甚至连喜欢小妹子的个性也完全还原了出来。,0,
068503.tex,004503.tex,1.45,迷你于里昂热,道具商城购买,,拂晓的塔塔露小姐向乌尔达哈的雕金匠行会定制的于里昂热魔法人偶。因为于里昂热坚决拒绝摘下帽子，所以里面的头发没有还原出来。,0,
068502.tex,004502.tex,1.38,迷你帕帕力莫,道具商城购买,,拂晓的塔塔露小姐向乌尔达哈的雕金匠行会定制的帕帕力莫魔法人偶。看上去真是既小巧又可爱，让人完全不愿意去想原本的模特已经是个40多岁的大叔了。,0,
068501.tex,004501.tex,1.38,迷你伊达,道具商城购买,,拂晓的塔塔露小姐向乌尔达哈的雕金匠行会定制的伊达魔法人偶。据说连面具下面也制作得十分精妙，但是无论怎么样都无法把面具摘下来……,0,
068500.tex,004500.tex,1.38,迷你雅·修特拉,道具商城购买,,拂晓的塔塔露小姐向乌尔达哈的雕金匠行会定制的雅·修特拉魔法人偶。双脚穿的靴子是由飞·乌尔工作室特别提供的精品皮革。,0,
068499.tex,004499.tex,1.45,迷你娜娜莫,购买月卡累积满足15个月,,乌尔达哈第十七任国王的魔法人偶。在庆祝女王在位十周年时，雕金匠行会专门设计过一个款式，能够充分表现出当时15岁的娜娜莫陛下小巧可爱的形象。这款人偶采用的也是同样的设计。,0,
068498.tex,004498.tex,1.38,邮差莫古力娃娃,道具商城购买,,无论何时何地，邮差莫古力都会将信件完好无损地送到收信人手中。头上的帽子和身上的背包是最明显的标志。,0,
068497.tex,004497.tex,1.38,企业号模型,积分兑换平台限时兑换,,加隆德炼铁厂制作的飞空艇模型。原型是天才机械师西德在帝国时设计建造的“企业号”。模型设计得十分精巧，连尾部的作业臂都完美再现了出来，并且随船附送小小西德。,0,
068496.tex,004496.tex,1.35,迷你海魔,要求所有2.X系列所有蛮族声望到达：盟友<br/>并完成任务「友谊地久天长」<br/>贩卖价格：25000金币,,诺布老爹当初以红珊瑚海魔之名威震四海，不过现在却被他自己用来当做反面教材教育后代，为了能够更精妙地表现老爹当初的英勇形象，家族内的兄长们制作出了这个人偶。,0,
068495.tex,004495.tex,1.35,地灵2号娃娃,要求所有2.X系列所有蛮族声望到达：盟友<br/>并完成任务「友谊地久天长」<br/>贩卖价格：25000金币,,第789团辅祭巴戈开发出的新型炸弹，最大的特征是采用了和地灵族相似的外型，同时爆炸的威力也特别高。可是因为第789洞穴团的商人的擅自行事，这批危险的炸弹又返回到制作者的手中……,0,
068494.tex,004494.tex,1.35,小小迪兹尔,要求所有2.X系列所有蛮族声望到达：盟友<br/>并完成任务「友谊地久天长」<br/>贩卖价格：25000金币,,迪兹尔·库瓦兰既是一位伟大的工程师，也是赛兹尔·托托罗克的恩师。据说他曾经自己建造了一架超大型气球，并且乘着这架气球出发去寻找传说中的浮游大陆阿亚特兰，可惜从那之后杳无音讯。,0,
068493.tex,004493.tex,1.35,紫妖精娃娃,要求所有2.X系列所有蛮族声望到达：盟友<br/>并完成任务「友谊地久天长」<br/>贩卖价格：25000金币,,模仿坏妖精外形所制作的魔法人偶。暂留地的妖精们设计出这个主要是为了对坏妖精进行恶作剧报复。为了让颜色更加逼真，他们尝试了很多种染料，最后终于选中了紫色的大头菜。,0,
068492.tex,004492.tex,1.35,开创者人偶,要求所有2.X系列所有蛮族声望到达：盟友<br/>并完成任务「友谊地久天长」<br/>贩卖价格：25000金币,,模仿蜥蜴人族历史上著名的太阳拳凯里古·秋所制作的人偶。据说他是蜥蜴人古武术的开创者，拳术能够发出太阳一般的光辉，在战场上从未尝过一败。即使是哈姆基·夏也对其十分敬重。,0,
068491.tex,004491.tex,3.25,熊猫宝宝,2015年春节奖励,,桃源老师与其侍从艳丽小姐赠送的东方珍品。这是以名为熊猫的珍兽为原型而制作的魔法人偶。熊猫生活在东洲奥萨德次大陆的边境地区，据说其实是一种猛兽，但那圆润可爱的形象实在是很讨人喜欢，相信很快也会吸引住艾欧泽亚人的目光。,0,
068490.tex,004490.tex,1.3,淘气南加,Lv50「藏宝传说破舰岛」稀有掉落,,宁基南加的幼崽，这种两栖类动物的雌性会把产下的蛋背在自己的背上，不过这只小南加好像是在母亲的背上打瞌睡的时候不小心掉下来的……,0,
068489.tex,004489.tex,1.3,迷你桑克瑞德,道具商城购买,,冒险者行会为了庆祝艾欧泽亚的重生而设计的魔法人偶。以拂晓血盟的贤人桑克瑞德为模特。相信有很多迷恋或暗恋他的女性都会爱不释手。,0,
068488.tex,004488.tex,1.3,迷你敏菲利亚,道具商城购买,,冒险者行会为了庆祝艾欧泽亚的重生而设计的魔法人偶。以拂晓血盟的盟主敏菲利亚为模特。想想当年经常被她呼来喝去的，现在可以随时随地尽情招呼她了。,0,
068487.tex,004487.tex,1.3,食果花鼠,鞣革制的隐藏地图（隐藏G1）,,探险家米莉丝·艾恩哈特在探索威尔布兰德岛的时候发现的一只小花鼠。据她说这只小花鼠为了寻找传说中的金帽橡果而在世界各地游荡。如果能和著名的探索家一起旅行是最好不过的了。,0,
068486.tex,004486.tex,1.3,发条矿车,采矿雇员：山岳G14/G15/G16/G17,,扭上发条就能够来回跑的小矿车。是艾玛吉娜矿山公司为了从小教育孩子们“劳动最光荣”而开发出来的玩具。有很多孩子非常珍惜这个小矿车，看来以后会成为一名出色的劳动者。,0,
068485.tex,004485.tex,1.4,娜娜珂小熊,Lv50 裁衣制作,,在大概80年前，乌尔达哈的娜娜珂公主有着一个想要亲眼看一看熊这种生物的愿望，可是人们找遍全国上下也没有找到真正的熊，于是雕金匠行会在娜娜珂公主的8岁生日时献上了一个手工的熊娃娃作为礼物。,0,
068484.tex,004484.tex,1.3,小梦貘,战斗雇员：平地G14/G15/G16/G17,,东方的一种珍兽，有着能够吞食梦境的能力。据说当年在乌尔达哈曾经与睡衣的面料一起作为“安眠良品”配套出售。结果短时间内就被炒到了极高的价格。,0,
068483.tex,004483.tex,1.3,宝宝箱,同盟徽章440 兑换,,原本是一名军人用来存放自己所获得的同盟徽章的，可是后来她发现存放到里面的徽章全都被宝箱给吃掉了。于是她卖掉了这个诡异的宝箱，以期望能够收回些损失。,0,
068482.tex,004482.tex,1.3,洋葱小骑士,Lv50「水晶塔：希尔科斯塔」稀有掉落,,在水晶塔内发现的小型魔法人偶。拉姆布鲁斯认为这可能是古代亚拉戈帝国仿照洋葱亲卫队士兵的形象做出的玩具。人偶的脚下写着“鲁内斯”，不知道是玩偶的名字还是主人的名字。,0,
068481.tex,004481.tex,1.3,蔓德拉王后,杂交获得,,命中注定要和一个非她所爱的人结合，蔓德拉王后没有任何一个夜晚不曾梦到过舍弃一切投身大海的怀抱。直至她看到了茄子骑士……,0,
068480.tex,004480.tex,1.3,番茄国王,杂交获得,,灵灾让番茄国王失去了他的全部领土，但是这位国王并没有抛弃他的雄心壮志。他带着大量的种子启程去寻找一块新的大地建立自己的王国，并且宣称任何球茎、块茎和主根都可以加入他的队伍。,0,
068479.tex,004479.tex,1.3,蒜头明星,杂交获得,,一位旅行默剧演员的孩子，虽然继承了父亲“蒜头明星”的名号，但他却不想沿着父亲的路走下去。然而，因为自身的气味过于刺激，导致他无法成为一名骑士，只好干回了老本行。,0,
068478.tex,004478.tex,1.3,茄子骑士,杂交获得,,茄子家族已经忠心耿耿地侍奉番茄王家18代了，从未有过丝毫违逆的举动，直到第19代骑士对蔓德拉王后……,0,
068477.tex,004477.tex,1.3,洋葱王子,杂交获得,,在得知了自己的双亲结婚为了政治而不是为了爱情之后，洋葱王子立誓不会走上父母的老路，他将会与出身贫寒的韭菜女仆一起远走高飞。,0,
068476.tex,004476.tex,1.3,小小吉尔伽美什,购买月卡累积满足12个月,,某位艾欧泽亚最强的雕金匠在自己家里修理魔法人偶时顺便用多余材料制作的东西。外型和他儿子的好友一模一样。可能他在制作的时候会想请对方多多照顾自己的儿子？,0,
068475.tex,004475.tex,1.3,梦魔娃娃,同盟徽章500 兑换,,某位被逮捕的雕金匠所持有的魔法人偶，看来这个人是真的被梦魔给吸引住了，甚至不惜打破禁忌企图召唤异界的妖异。,0,
068474.tex,004474.tex,1.35,鸟人玩偶,要求鸟人族声望到达：誓约<br/>贩卖价格：25000金币,,长风空力团的团员们学习人类的技术做出来的魔法人偶。参考了塔塔拉姆所带来的雕金匠行会的人偶，做出了又野性又邪气的成品。脾气简直和它的制作人们一个模子出来的。,0,
068473.tex,004473.tex,1.3,雏鸟祖,"10,000金碟币 兑换",,怪鸟祖的雏鸟。祖原本是在近东地区与艾欧泽亚之间随季节迁徙的鸟类，通常是在近东地区产卵。不过在灵灾之后艾欧泽亚的气候也变得适合它们产卵了。,0,
068472.tex,004472.tex,1.2,莫古力娃娃,道具商城购买,,以莫古力族为原型的魔法人偶。据说是莫古力族在看到冒险者身边的自走人偶后，非常羡慕，于是就用魔法做出来的。和真的莫古力一样喜欢音乐，和同伴聚在一起的话就会自动围成一圈跳舞。,0,
068471.tex,004471.tex,1.2,魔法扫帚,Lv50 刻木制作,,施加了魔法的扫帚。到处动来动去的进行打扫，但是因为前进的方向太随性，从来都没能打扫干净。但能让这么一个直立的棍状物体自由行动，上面蕴含的技术力其实非同一般。,0,
068470.tex,004470.tex,1.2,奥猴宝宝,Lv50「纷争要地布雷福洛克斯野营地」稀有掉落,,奥猴的幼崽。在觅食时进入了布雷福洛克斯野营地，并发现了哥布林奶酪，想吃的时候却没承受住奶酪的臭味而昏倒。因为被冒险者所救，而把冒险者看作恩人。,0,
068469.tex,004469.tex,1.2,发条巴哈姆特,法外战区PVP大赛冠军队伍奖励,,从摔坏的发条卫月中出现的奇怪物体。制作发条卫月的雕金匠行会声称当初并没有在里面放进这样的东西。这个小东西的来历还真是充满了谜团。,0,
068468.tex,004468.tex,1.2,奥丁战偶,积分兑换平台限时兑换,,以在黑衣森林里出现的斗神奥丁为原型的人偶。手里的斩铁剑，胯下的爱马斯莱普尼尔都得到了完美还原。不过那斩铁剑其实是竹子做的。,0,
068467.tex,004467.tex,1.2,光之战士,积分兑换平台限时兑换,,以传说中的光之战士为原型的魔法人偶，身披青蓝战甲。制作这套战甲时，雕金匠行会参考了最近在水晶塔出土的古代亚拉戈风格的骑士铠。,0,
068466.tex,004466.tex,1.2,软软垫子,Lv50 裁衣制作,,裁衣匠行会制作的最高级软垫。由号称对屁股感受最有研究的裁衣匠行会会长雷多伦特·罗斯亲自缝制，据说坐上去的感受舒服无比。,0,
068465.tex,004465.tex,1.2,发条太阳,西拉诺西亚：幻影群岛(X12，Y36)，魔法罐用圣灵药进行交换,,可以用“戳指”来调整其高度的发光灯。因为乌尔达哈的某位贵妇感觉强光可以掩饰自己脸上的小皱纹，所以非常想要一个可以始终浮在空中的自动发光器。这个小太阳就是炼金术士行会为此而做的。,0,
068464.tex,004464.tex,1.2,鱼人玩偶,要求鱼人族声望到达：信赖<br/>贩卖价格：25000金币,,模仿鱼人族外形的魔法人偶。诺布一伙的兄长们造出来给弟弟们玩的东西。手中持有捕鱼用的三叉戟，将鱼人族战士的形貌表现得惟妙惟肖。但是不能下水。,0,
068463.tex,004463.tex,1.2,地灵娃娃,要求地灵族声望到达：信赖<br/>贩卖价格：25000金币,,模仿地灵族外形的魔法人偶。实际上是第789团辅祭巴戈为了让敌人大意而制造的人形炸弹。因为第789团商人随意地给拿来当作商品，所以肚子里面的危险炸弹并没有被拆除。,0,
068462.tex,004462.tex,1.4,不说话的蜂鸟,Lv50「逆转要害沙斯塔夏溶洞」稀有掉落,,麦迪逊船长所饲养的蜂鸟。虽然腹部受伤很严重，不过借由水神之力与主人一起重新复活，并卷土重来回到了沙斯塔夏溶洞。因为现在再也没必要称赞船长了，所以几乎不怎么说话了。,0,
068461.tex,004461.tex,1.2,夺心小魔,战斗雇员：平地G13；采矿雇员：山岳G13；园艺雇员：森林G13；捕鱼雇员：水岸G13<br/>Lv50「腐坏遗迹无限城市街古迹」稀有掉落,,雇员捡回来的奇怪生物。还挺亲近对它好的人。但根据妖异学者所说，它好像是以死者遗骸为媒介来到物质界的妖异夺心魔的幼体，会以人的精神为食。有种不可名状的恐怖……,0,
068460.tex,004460.tex,1.1,巧儿陆行鸟王子,完成成就：「令人铭记2」后获得<br/>成就条件：累积获得50次最优队员推荐,,小巧可爱的陆行鸟小王子。据说是继承了伊修加德的陆行鸟之王的血脉。它正在寻找有名的冒险者，并判断对方是不是有资格乘坐自己。,0,
068459.tex,004459.tex,1.1,袖珍领袖,2015年中秋登陆活动奖励,,各城邦的大国防联军为了进行宣传而制作的魔法人偶，颁发给了对组织有突出贡献的人。原型就是各自的领袖：黑涡团的梅尔维布提督、恒辉队的劳班局长、双蛇党的嘉恩·艾·神纳。,0,
068458.tex,004458.tex,1.1,光之战偶,购买月卡累积满足6个月,,以古代的“光之战士”为原型的魔法人偶。在传说里，世界被黑暗笼罩时，突然出现了一群拥有各种能力的年轻人，据说他们在拯救了这个世界后就返回了他们的世界。留下的只有他们给万物带来的光芒……,0,
068457.tex,004457.tex,1.1,艾德薇雅人偶,道具商城购买,,人偶的原型是索恩朝时代的艾德薇雅公主。是为了在女儿节期间开办的公主人偶大赛上展出而制作的。和它的原型一样，对外面的世界充满了好奇心。,0,
068456.tex,004456.tex,1.1,香托托人偶,国服FF11联动奖励,,黑色恶魔留下的魔法人偶，气派非凡。制作者在其中灌输了强大的魔力，让它能够像活物一样自由行动。如果将它丢弃的话好像会遭到诅咒，请切记。,0,
068455.tex,004455.tex,1.1,巨像丙,国服2017年DQ10联动奖励,,在艾欧泽亚出现了未知的巨像兵，前去调查的人发现了这只小家伙，看它好像很想成为同伴就收留了它。巨像丙是当时给它取的昵称。,0,
068454.tex,004454.tex,1.1,蜥蜴人玩偶,要求蜥蜴人族声望到达：信赖<br/>贩卖价格：25000金币,,模仿蜥蜴人族外形的魔法人偶。是灰党的锻铁匠纳尔基·冬参考冒险者带去的自走人偶后制造出来的。虽然是做来玩的，却也贯彻着灰党追求至强的精神，是一个坚强的战士。,0,
068453.tex,004453.tex,1.1,冬贝利玩偶,陈旧的野猪革地图（G4）,,模仿冬贝利的外形制作的魔法人偶。虽然看着很可爱，但在制作时也注入了很强的怨念。因此，在主人睡着时会擅自动起来，并且拿手里的菜刀捅主人肚子，万幸的是这菜刀也是布制的。,0,
068452.tex,004452.tex,1.1,长须小豹,完成任务Lv15「魔兽守护之物」后获得，前置任务「海港的野兽们」,,傲气的长须豹的幼崽。在被猎犬逼入绝路时得到了冒险者的救助，从而把冒险者当成了妈妈。因为幼小还没有长出胡须，但是在面对冒险者的敌人时，也会毫不留情地用豹爪来迎战。,0,
068451.tex,004451.tex,1.1,粘液胶,Lv50「骚乱坑道铜铃铜山」稀有掉落,,其实就是被打散了的粘液怪。在挖掘工程中的污水池里自然产生的魔物，是采矿工们非常忌惮的对象。但是也有某部分奇怪爱好的人觉得粘液怪很有个性很可爱。,0,
068450.tex,004450.tex,1.1,小狼,完成任务Lv15「拯救小狼犬」后获得，前置任务「海港的野兽们」,,被救下的小狼。血统纯正，是接受过正规军用训练的战狼的后代，自信而听话，是值得信赖的好伙伴。漆黑的王狼是它的偶像，期待着在战场上大展身手。,0,
068449.tex,004449.tex,1.1,妖精娃娃,要求妖精族声望到达：信赖<br/>贩卖价格：25000金币,,模仿妖精族外形的魔法人偶。材质是上等的妖精绢布，上面还施加了妖精族的独特咒文。外表非常可爱，好像是仿照着刚出生不久的“神子”来做的。,0,
068448.tex,004448.tex,1.x,巧儿黑陆行鸟,积分兑换平台限时兑换,,小巧可爱的陆行鸟雏鸟。孵化出来时本来是黄色的，但是某天却被一个戴着银色首饰的男人染成了黑色。从那时起就作为黑陆行鸟生活了，最喜欢曼波舞曲。,0,
068447.tex,004447.tex,1.x,发条卫月,积分兑换平台限时兑换,,模仿卫月造型的魔法人偶。曾经有个莽撞的音乐家想要去挡住卫月，结果自然是灰飞烟灭。雕金匠行会为了对他表示哀悼，制作了这个魔法人偶。内部材质不明。,0,
068446.tex,004446.tex,1.x,卢恩人玩偶,Lv50 裁衣制作,,以利姆萨·罗敏萨著名的卢恩族街头艺人扎扎卢恩为原型的魔法人偶。扎扎卢恩虽然红极一时，但最后却欠下一身债务。他后来为生活所迫，将自己的肖像使用权卖给了裁衣匠行会。,0,
068445.tex,004445.tex,1.x,无敌号模型,完成Lv15任务：「海之都与森之都」、「海之都与沙之都」、「森之都与沙之都」后获得,,飞空艇的模型。原型是高风飞行社的创始人塔塔诺拉建造的无敌号飞空艇，因为这艘船沿用了大型船只的设计，最终根本不能飞，浪费了大量的钱财，也是一段传说了。,0,
068444.tex,004444.tex,1.x,手指光标,官方活动奖励,,据说是模仿了古神造型的魔法人偶。某个哥布林的神学者在烂醉之后宣称这个世界是编号第14的世界，在最初的那个世界里，万物主宰的姿态就是个指指点点的白色手套。,0,
068443.tex,004443.tex,1.3,哥布林玩偶,积分兑换平台限时兑换,,仿照哥布林英雄布雷福洛克斯而制作的魔法人偶。原本是用于宣传其各种伟大事迹的，可是不知道为什么刻上了科学家集团“青蓝之手”的标记。,0,
068442.tex,004442.tex,1.x,小小蔓德拉,园艺获得，ET21:00<br/>黑衣森林东部林区：LV50未知的草场,,蔓德拉的幼体。在绿地丰富的地方除草时，偶尔会发现刚发芽的幼小蔓德拉。如果硬把它从土里拔出来的话，发出的嚎叫声可能会让人发狂。除草时一定要多加注意。,0,
068441.tex,004441.tex,1.x,睡羊羊,2015年「降神祭」奖励,,在降神节期间遇到的小羊。因为违背主人的命令导致生命垂危，后来在冒险者引发的奇迹下重新恢复了活力，不过却也失去了原本的魔法之力。今后再也不用被当做军用实验品了。,0,
068440.tex,004440.tex,1.3,大头小鼹鼠,完成任务：「鼹鼠的秘密」后获得,,在王立娜娜莫菜园捕获到的鼹鼠幼崽。被博物学家马尔塞特当做实验体来证明自己的学说，遭了很长时间的罪。现在和冒险者非常亲近，但是完全没有意识到是谁杀掉了自己的生母。,0,
068439.tex,004439.tex,1.x,恶魔砖块,Lv50「邪教驻地无限城古堡」稀有掉落,,施加了魔法而变得可动的方块。好像是古代无限城里的见习妖术师们制作的练习作品。他们通过在这样的小砖块上进行修行，最终做出了整面墙壁大小的恶魔墙。,0,
068438.tex,004438.tex,1.x,魔导先锋追踪型,Lv50 雕金制作,,雕金匠行会引以为豪的大比例模型第一弹。以1/9的比例完美再现了加雷马帝国的无人机魔导先锋追踪型。该包装没有附带帝国驾驶员。,0,
068437.tex,004437.tex,1.x,一口小果冻,Lv50「神灵圣域放浪神古神殿」稀有掉落,,小小的软糊怪。这种生物会分裂增殖，如果将它收在容器里，打开时就会发现被它们填满了。据说它的祖先不是紫色，而是黑色的。,0,
068436.tex,004436.tex,1.x,发芽小猩猩,完成Lv33任务：「人的命运，酒的命运」后获得,,古菩猩猩的幼崽。还在发育期，头顶的植物才刚刚发芽。作为一种食量巨大的魔物，喂养它长大需要消耗的食物量不计其数，掂量下钱包吧。,0,
068435.tex,004435.tex,1.28,幼碧企鹅,完成成就「见多识广的探索者」,,碧企鹅的幼鸟。米莉丝与乔纳森为了对冒险者的探索成就表达敬意而特别献上的礼物。说来米莉丝与冒险者所邂逅的地方也正好是在碧企鹅瀑布来着，不过这只小鸟对这些情况都一无所知啦。,0,
068434.tex,004434.tex,1.x,小山羊玩偶,Lv50 裁衣制作,,模仿山羊外形的魔法人偶。在库尔札斯的民间传说里，山羊经常被描绘成贪吃的形象，但在沙漠之民之间却象征着富贵。因此在有孩子出生时，为了表示希望他将来富贵腾达，有着赠予大山羊玩偶的风习。,0,
068433.tex,004433.tex,1.x,矿爬虫虫,采矿获得，ET9:00<br/>东萨纳兰：LV50未知的矿场,,矿爬虫的幼虫。为了成长所需的矿物质，成天都吸附在岩石上不肯离开。在矿爬虫栖息的区域里，采矿时经常就能发现这些贪婪的幼虫。,0,
068432.tex,004432.tex,1.x,渡渡鸟雏,摩杜纳：奥里亚娜（x22，y6）<br/>7诗学兑换,,原产自马兹拉雅岛的渡渡鸟的雏鸟。因为除去了毒腺，无法再喷毒气。越长越圆，看起来就很好吃，如果将来下蛋的话也是个很好的食材来源。它的成长真是很令人期待。,0,
068431.tex,004431.tex,1.x,小亮眼,购买月卡累积满足2个月,,年幼的妖异“冥鬼之眼”。根据妖异学者的研究，这种妖异的幼体好像是从成熟个体的泪水中诞生的，这说法尚未得到验证。因为一直不眨眼，把它带在身后的话有可能会被盯得浑身不自在。,0,
068430.tex,004430.tex,1.x,小壳蟹,Lv32FATE：死亡的假面 黄道巨蟹<br/>东拉诺西亚(X30，Y34)<br/>金牌奖励,,小小的螃蟹。在鲜血滨的海边休息时，被卷进了冒险者和魔物的战斗，被踩了一脚后失去了意识。战斗之后被当成战利品带回来饲养。每天都在横行霸道。,0,
068429.tex,004429.tex,1.x,幼小仙人掌,完成任务Lv47「尸念之情」后获得,,幼小的仙人掌。僵尸哈布一直以为它是仙人掌1号和2号的孩子，但实际上，它却是仙人掌3号和2号之间年轻时犯下的错误所造成的后果……,0,
068428.tex,004428.tex,1.1,小牛犊,完成任务Lv50「收拾沙之家的行李」后获得,,住在沙之家的仓库一角的小水牛，直到搬迁时才被发现。因为不知道主人是谁，被交给冒险者来照顾。看起来肉质很鲜嫩。,0,
068427.tex,004427.tex,1.x,胖墩跳蜥,Lv39FATE：归来的复仇者 史特洛佩斯<br/>库尔札斯中央高地(X15，Y20)<br/>金牌奖励,,跳蜥的幼体。这只小动物的故乡是库尔札斯地区，在它即将成为独眼巨人史特罗佩斯的盘中餐时，被冒险者救了下来。在它长大爆发野性之前，大概都不会忘记冒险者的恩情吧……,0,
068426.tex,004426.tex,1.x,巨蝌蚪,捕鱼获得<br/>东萨纳兰：火墙,,在萨纳兰的水边钓到的巨蟾蜍幼体。过段时间应该就会开始长脚，慢慢长成一只巨蟾蜍了吧。但要是看它长大了就丢掉的话，周边要是有人失踪可就都是你的错了，所以一定要负起责任一直养下去啊！,0,
068425.tex,004425.tex,1.x,无头骑士模型,Lv50 铸甲制作,,模仿妖异“无头骑士”的外形制作的魔法人偶。无头骑士其实是一种没有实体的妖异，附在板金铠之类的东西上才能在物质界活动。而这个人偶的肚子里则是填满了机械部件，盔甲就是用来掩饰这些的。,0,
068424.tex,004424.tex,1.x,灰尘兔,摩杜纳：奥里亚娜（x22，y6）<br/>7诗学兑换,,魔石精的幼体。因为牙齿还没长好，吃不了较硬的矿石，以沙粒和小石子为食。“灰尘兔”是根据它那满身灰尘的样子起的昵称。最喜欢的是材质柔软的宝石。,0,
068423.tex,004423.tex,1.1,树苗精,陈旧的巨蟾蜍革地图（G3）,,外形就是一个球根的草本魔物。因为对肥沃土壤和丰富阳光的追求，会用根当作脚来移动。如果掉进了沟坎或弃置的木箱里，就没法靠自己脱身了。,0,
068422.tex,004422.tex,1.x,小蝙蝠,拉诺西亚高地：诺诺卢恩<br/>猎犬同盟驻扎地内FATE发生后一定时间出售<br/>贩卖价格：2400金币,,梅梅卢恩商会的商人诺诺卢恩售卖的小蝙蝠。卖的时候他宣称这小蝙蝠新鲜可口，但外表却完全看不出这点。不过好处是带上它就会让人有种成为了吸血鬼的感觉。,0,
068421.tex,004421.tex,1.x,盗龙小宝,黑衣森林南部林区：红腹蜂巢里的商人<br/>FATE红腹蜂巢占领作战胜利后出售<br/>贩卖价格：2400金币,,人工孵化出的盗龙幼崽。埋枝村的商人发现哥布林族饲养盗龙作家畜后，也试着人工养殖出来的成果。把它养大的话应该能成为可靠的伙伴。牙还没长齐也喜欢咬来咬去。,0,
068420.tex,004420.tex,1.x,精金幼龟,捕鱼获得<br/>拉诺西亚低地：砂盐滩,,生息在砂盐滩的精金龟的幼体。虽然它很想跟上主人，但可能是觉得爬行太费力，不知何时起练就了一手靠旋转龟壳来移动的本领。看起来很有成为贤者的潜质。,0,
068419.tex,004419.tex,1.x,砂砾小像兵,Lv50 雕金制作,,模仿第五星历末期的石制巨像兵做出的模型，不过原理完全不同，内部和通常的自动人偶基本是一样的。外壳虽然看着很硬，但实际上意外的柔软。,0,
068418.tex,004418.tex,1.x,小小魔精,Lv49FATE：狂暴巨兽 强化奇美拉<br/>北萨纳兰(X17，Y14)<br/>金牌奖励,,小魔精的幼体。本来是虚无界的生物，但因为掉进了“裂缝”而来到了艾欧泽亚。它边梦想着将来能成为统领七层地狱的魔王后衣锦还乡，边在艾欧泽亚实施恶作剧来积攒实力。,0,
068417.tex,004417.tex,1.x,幼羚羊,摩杜纳：奥里亚娜（x22，y6）<br/>7诗学兑换,,羚羊的幼崽。为了从肉食动物的嘴下逃生，一出生就能靠自己的力量站起来。但是却在这一瞬间被猎人捉住，卖给了商人罗薇娜。一刻都没能享受过父母的爱护，相当可怜。,0,
068416.tex,004416.tex,1.1,青鸟,陈旧的毒蜥蜴革地图（G5）,,据说能够带来幸运的可爱小鸟。通常在树上筑巢，偶尔也会在人类弃置的木箱之类的东西里生活。因为这种习性，曾经在遗弃的宝箱里被发现，逐渐被传成了“意外之财”和“幸运”的象征。,0,
068415.tex,004415.tex,1.x,沙蚤虫虫,完成任务Lv22「遗迹调查前线」后获得,,沙蚤的幼虫，想要结下鲜血的契约。据传，过去存在于黑衣森林的地下城市“格尔莫拉”曾经试过一种自然疗法，他们相信利用沙蚤吸取病人的血，可以祛除体内的毒气。,0,
068414.tex,004414.tex,1.x,魔菇宝,Lv20FATE：无情的收割者 懒惰口花劳伦斯<br/>黑衣森林东部林区(X23，Y29)<br/>金牌奖励,,魔菇的幼体。据说口感相当不错。据?艾欧泽亚百科全书?记载，如果不幸吸入了魔菇的孢子，会因为孢子在体内发芽而连大脑都被支配，最终变成“植物人”的状态。,0,
068413.tex,004413.tex,1.x,小松鼠,东萨纳兰：武器商 茶茶姆恩<br/>仅在三连FATE跨天桥的死斗最后胜利时出售<br/>贩卖价格：2400金币,,乌尔达哈的商人卖这只小动物时宣称是“可爱的小松鼠”。但是本应蓬松的尾巴却怎么看都太细长了。这真的不是拿老鼠来假冒的吗？真相依然是个谜。,0,
068412.tex,004412.tex,1.x,魔界花骨朵,Lv47「毒雾洞窟黄金谷」稀有掉落,,在黄金谷捕获的魔界花幼苗。散发出一股臭靴子的味道。闻过这股味道后必定会让人食欲减退，不过这却正好迎合了乌尔达哈那些为肥胖所困的富人，有钱人的世界真是让人难以理解。,0,
068411.tex,004411.tex,1.x,恒辉队巧儿陆行鸟,10000恒辉队军票购买,,效忠于恒辉队的陆行鸟雏鸟。负责打扫的厩舍管理员在某天进入陆行鸟房时发现了这只雏鸟，它一副理所应当的样子把那里当作自己的家。之后它就成为了队里的吉祥物，并根据它自己的意愿调任到了冒险者部队。,0,
068410.tex,004410.tex,1.x,双蛇党巧儿陆行鸟,10000双蛇党军票购买,,效忠于双蛇党的陆行鸟雏鸟。负责打扫的厩舍管理员在某天进入陆行鸟房时发现了这只雏鸟，它一副理所应当的样子把那里当作自己的家。之后它就成为了队里的吉祥物，并根据它自己的意愿调任到了冒险者部队。,0,
068409.tex,004409.tex,1.x,黑涡团巧儿陆行鸟,10000黑涡团军票购买,,效忠于黑涡团的陆行鸟雏鸟。负责打扫的厩舍管理员在某天进入陆行鸟房时发现了这只雏鸟，它一副理所应当的样子把那里当作自己的家。之后它就成为了队里的吉祥物，并根据它自己的意愿调任到了冒险者部队。,0,
068408.tex,004408.tex,1.x,黄沙人偶003号,完成成就：「专研恒辉队笔记」后获得<br/>成就条件：完成恒辉队讨伐笔记中的所有内容,,乌尔达哈恒辉队的军用魔法人偶。基本设计是用来在阅兵式等场合担当旗手一职。站姿挺拔地举着队旗的样子十分威风。但是因为个子太矮，总是被人忽略。,0,
068407.tex,004407.tex,1.x,密林人偶003号,完成成就：「专研双蛇党笔记」后获得<br/>成就条件：完成双蛇党讨伐笔记中的所有内容,,格里达尼亚双蛇党的军用魔法人偶。基本设计是用来在阅兵式等场合担当旗手一职。站姿挺拔地举着党旗的样子十分威风。但是因为个子太矮，总是被人忽略。,0,
068406.tex,004406.tex,1.x,碧海人偶003号,完成成就：「专研黑涡团笔记」后获得<br/>成就条件：完成黑涡团讨伐笔记中的所有内容,,利姆萨·罗敏萨黑涡团的军用魔法人偶。基本设计是用来在阅兵式等场合担当旗手一职。站姿挺拔地举着团旗的样子十分威风。但是因为个子太矮，总是被人忽略。,0,
068405.tex,004405.tex,1.x,贝希摩斯宝宝,积分兑换平台限时兑换,,在乌尔达哈的路边上出售的奇特的幼兽，商人宣传说是传说中的魔兽贝希摩斯的幼崽。拥有紫色的身体和黑色的鬃毛，还有不怎么尖锐的角，但是却总想发出哼哼的叫声。不知它的父母到底是什么情况。,0,
068404.tex,004404.tex,1.x,凯特西娃娃,积分兑换平台限时兑换,,在中原之民的民间传说里，有只叫做凯特西的妖精猫，这个玩偶就是模仿这个造型而做的。雕金匠行会的会长赛伦蒂碧提为了安抚失去父母的灵灾孤儿，把玩偶改造成了自走人偶。,0,
068403.tex,004403.tex,1.x,爆弹仔,"三主城商会商店<br/>海都下层(x9,y11)，沙都现世回廊(x10,y9)，森都新街(x11,y11)<br/>贩卖价格：2400金币",,爆弹怪的幼体。爆弹怪是来自虚无界的气体生物，利用炼金术的技术可以对它们进行人工孵化。喜欢以木炭、青磷水、火属性水晶等各种燃料作为食物。基本上应该不会自行爆炸。,0,
068402.tex,004402.tex,1.x,巧儿陆行鸟,"三主城商会商店<br/>(x9,y11)，沙都现世回廊(x10,y9)，森都新街(x11,y11)<br/>贩卖价格：2400金币",,小巧可爱的陆行鸟雏鸟。把冒险者当成妈妈，一直跟着冒险者。它还会模仿冒险者穿戴装备，将蛋壳戴在身上。,0,
068401.tex,004401.tex,1.x,自走人偶001号,"三主城商会商店<br/>海都下层(x9,y11)，沙都现世回廊(x10,y9)，森都新街(x11,y11)<br/>贩卖价格：2400金币",,乌尔达哈的雕金匠行会在炼金术士行会的协力下开发制造的魔法自走人偶，这是其正式贩卖型。001号是泛用的基本型号，以此为基础衍生出了各种各样的改良版本。,0,
